:020000040800F2
:1000000000000320A9DC0008F9DC0008F9DC000886
:10001000F9DC0008F9DC0008F9DC00080000000049
:10002000000000000000000000000000A1600008C7
:10003000F9DC00080000000031610008FDD500086F
:10004000F9DC0008F9DC0008F9DC0008F9DC00083C
:10005000F9DC0008F9DC0008F9DC0008F9DC00082C
:10006000F9DC0008F9DC0008F9DC0008F9DC00081C
:1000700011D60008F9DC00081DD60008F9DC0008DC
:10008000F9DC0008F9DC0008F9DC0008F9DC0008FC
:10009000F9DC0008F9DC0008F9DC0008F9DC0008EC
:1000A000F9DC0008F9DC0008F9DC0008F9DC0008DC
:1000B000F9DC0008F9DC0008F9DC0008F9DC0008CC
:1000C000F9DC0008F9DC0008F9DC0008F9DC0008BC
:1000D000F9DC0008F9DC0008F9DC000829D6000882
:1000E00035D60008F9DC0008F9DC0008F9DC000866
:1000F000F9DC0008F9DC0008F9DC0008F9DC00088C
:10010000F9DC0008F9DC0008F9DC0008F9DC00087B
:10011000F9DC0008F9DC00083DD60008F9DC00082D
:10012000F9DC0008F9DC0008F9DC0008F9DC00085B
:10013000F9DC000849D60008F9DC0008F9DC000801
:10014000F9DC0008F9DC0008F9DC000855D60008E5
:10015000F9DC0008F9DC0008F9DC0008F9DC00082B
:10016000F9DC0008F9DC0008F9DC0008F9DC00081B
:10017000F9DC0008F9DC0008F9DC000800000000E8
:10018000F9DC0008F9DC0008F9DC0008F9DC0008FB
:10019000F9DC0008F9DC0008F9DC0008F9DC0008EB
:0C01A000F9DC0008F9DC0008F9DC0008BC
:1001B00010B5054C237833B9044B13B10448AFF3A1
:1001C00000800123237010BD90000020000000007B
:1001D00054EE000808B5034B1BB103490348AFF3C5
:1001E000008008BD000000009400002054EE0008CC
:1001F00001F0FF01102A2BDB10F0070F08D010F8D8
:10020000013B013A8B422DD010F0070F42B3F6D1DB
:10021000F0B441EA012141EA014122F007047FF0F4
:1002200000070023F0E80256083C85EA010586EA4B
:10023000010685FA47F5A3FA87F586FA47F6A5FA87
:1002400087F68EB9EED1F0BC01F0FF0102F0070293
:1002500032B110F8013B013A83EA010313B1F8D13E
:100260000020704701387047002D06BF354603381F
:10027000073815F0010F07D1013015F4807F02BF58
:10028000013015F4C03F0130F0BC0138704700BFA9
:1002900053B94AB9002908BF00281CBF4FF0FF31ED
:1002A0004FF0FF3000F088B9ADF1080C6DE904CED5
:1002B00000F006F8DDF804E0DDE9022304B0704741
:1002C0002DE9F047089D8E4604468846002B4AD10A
:1002D0008A42174662D9B2FA82F64EB1C6F12003BD
:1002E00001FA06F820FA03F3B74043EA0808B440DD
:1002F0004FEA174E1FFA87FCB8FBFEF1230C0EFBEA
:10030000118843EA084301FB0CF29A4209D9FB1811
:1003100001F1FF3080F0EA809A4240F2E780023932
:100320003B449A1AA3B2B2FBFEF00EFB102243EA42
:10033000024300FB0CFC9C4509D9FB1800F1FF327D
:1003400080F0D6809C4540F2D3803B44023840EA9E
:100350000140A3EB0C0300211DB1F3400022C5E9CD
:100360000032BDE8F0878B4205D90DB1C5E9000127
:1003700000210846F5E7B3FA83F1002946D1734519
:1003800002D3824200F20581841A6EEB030201203F
:100390009046002DE5D0C5E90048E2E7002A00F0CC
:1003A0009080B2FA82F6002E40F0A4808A1A030CE4
:1003B0004FEA174E80B2BCB20121B2FBFEFC0EFB2D
:1003C0001C2243EA024304FB0CF29A4207D9FB18B1
:1003D0000CF1FF3802D29A4200F2E080C4469B1A28
:1003E000B3FBFEF20EFB123340EA034302FB04F4BC
:1003F0009C4207D9FB1802F1FF3002D29C4200F266
:10040000CA8002461B1B42EA0C40A5E7C1F1200648
:100410008B4022FA06F71F430EFA01F420FA06F386
:100420002EFA06FE4FEA1749234300FA01F81FFA95
:1004300087FCBEFBF9F01C0C09FB10EE44EA0E44ED
:1004400000FB0CFEA64502FA01F209D93C1900F1A5
:10045000FF3A80F09C80A64540F2998002383C44E7
:10046000A4EB0E041FFA83FEB4FBF9F309FB13445B
:100470004EEA044403FB0CFCA44508D93C1903F1E3
:10048000FF3E80F08280A4457FD9023B3C4443EA92
:100490000040A4EB0C04A0FB02EC64457346E1466B
:1004A00062D35FD05DB1B8EB030264EB090404FAD8
:1004B00006F622FA01F31E43CC40C5E90064002190
:1004C0004FE7B1FBF2FC010C41EA0E4180B240EA79
:1004D00001423B4638463C46B846BE462026B1FB64
:1004E000F7F1A2EB080241EA0C4166E7014618E782
:1004F00010462CE7C6F120022EFA02F3B740B140B5
:1005000020FA02F24FEA174E0A43B3FBFEF8BCB2E0
:100510000EFB1833110C41EA034108FB04F9B0400B
:1005200089454FEA104380B23ED9791808F1FF3C63
:1005300001D289451FD8A1EB0901B1FBFEF909FBE6
:1005400004F80EFB191192B242EA0142424529D247
:10055000BA1809F1FF31C4D24245C2D2A9F1020151
:100560003A44BEE7F0459DD2BEEB02036CEB070CAC
:100570000138E14696E7A7EB09094944A8F1020CC6
:10058000B1FBFEF909FB04F8DBE773467FE7504651
:1005900066E70846FDE63B44023A33E7ACF1020C5D
:1005A0003B441CE749469CE7A1EB0901C446B1FB6B
:1005B000FEF909FB04F8C4E7704700BF08B50B4B10
:1005C0001A6842F400721A601A6842F480621A6073
:1005D0001A6842F480721A60032000F02FF800209D
:1005E0000CF0CEFF0CF0E2FE002008BD003C024003
:1005F000034A044B11681B780B441360704700BF1B
:10060000AC00002000000020014B1868704700BFBC
:10061000AC00002038B50446FFF7F6FF631C1CBF92
:10062000054B1B78054618BFE418FFF7EDFF431B89
:10063000A342FAD338BD00BF000000200749CA68B2
:1006400022F4E0620302120403F4E063120C134389
:1006500043F0BF6343F40033CB60704700ED00E02C
:10066000164B30B5DC68C4F30224C4F10703251D22
:10067000042B28BF0423062D4FF0FF358CBF033C0D
:10068000002405FA03F321EA0303A54022EA050248
:10069000A340002843EA0203ACBF00F16040084ACF
:1006A0004FEA0313B8BF00F00F00DBB2AABF00F59A
:1006B0006140135480F8003330BD00BF00ED00E00E
:1006C00014ED00E04109044A00F01F0001238340BB
:1006D00042F82130704700BF00E100E00138B0F17E
:1006E000807F0BD24FF0E023054A5861F02182F859
:1006F00023100020072298611A617047012070477B
:1007000000ED00E04FF0E02304281A690CBF42F02E
:10071000040222F004021A6170470000036810B559
:10072000084C0246D9B210391820B1FBF0F0205C19
:10073000D06523F47F7020F003005F2988BF043068
:10074000906510BDB0EE000870B50446FFF75CFF81
:100750000546002C60D0002384F834302268022340
:1007600084F83530136823F001031360226813689E
:10077000D8072ED413683248A1691840D4E901354E
:100780002B43E5682B4325692B4365692B43E569BA
:100790000B432B43256A2B430343606A042802BFA3
:1007A000D4E90B5635432B4313605369042823F0D7
:1007B000070343EA000335D1A06AE56A03438DB31A
:1007C00091B9012820D030F002012BD1E90129D5BF
:1007D0001DE0FFF719FF401B0528C7D92023032080
:1007E000636584F8350070BDB1F5005F16D103284C
:1007F00018D801A151F820F00F080008CD07000813
:100800000F08000809080008B5F1C07F0AD140238D
:100810006365012384F835300120E4E70228F6D926
:100820000328D3D053612046FFF778FFE26D3F23C2
:100830009340836000200123606584F83530D2E75F
:100840003F8010F090F83530022B03D080234365B1
:10085000012070470268052380F83530136823F0C3
:100860000103136000207047F7B5002301935C4B30
:10087000856D1F68C36D2E6808229A403242044677
:100880000CD001680868400708D5086820F004000B
:100890000860AA60626D42F00102626501229A401E
:1008A000324208D021684969090641BFAA60626DD9
:1008B00042F00202626504229A40324208D0216866
:1008C0000968880741BFAA60626D42F00402626550
:1008D00010229A40324210D02368196809070CD5BB
:1008E000AA601A68500337D51B68190301D4236C1A
:1008F00000E0A36C0BB120469847E16D20228A40AE
:1009000032423AD023681868C60636D5AA6094F8F1
:100910003520052A1A6827D122F016021A605A6972
:1009200022F080025A61226C0AB9A26C1AB11A68CC
:1009300022F008021A603F238B40AB60002384F84A
:100940003430012384F83530236D002B45D0204608
:1009500003B0BDE8F04018471A68D2055EBF1A68B8
:1009600022F008021A60C2E7500327D51B6819035A
:1009700031D4636C0BB120469847636D6BB3636DE4
:10098000DA0719D522684FF41653B7FBF3F705239E
:1009900084F83530136823F001031360019B0133A1
:1009A000BB42019302D81368DB07F7D4002384F815
:1009B0003430012384F83530E36CC6E71A6812F44A
:1009C000807208D1196821F010011960012384F8A0
:1009D000342084F83530E36BCCE703B0F0BD00BFC2
:1009E00030000020074B82B01B684FF4FA52B3FB73
:1009F000F2F3019300BF019B5A1E0192002BF9D123
:100A000002B070473000002007B50023019303684F
:100A100003F580539A6942F480129A619B690193AD
:100A2000FFF7E0FF0368019A03F580539A6103B072
:100A30005DF804FB70B5044629B14FF480434FF4D0
:100A40000062C0E90232D4E902321343E26921684C
:100A5000B2FA82F25209086843EA82232B4A024022
:100A6000134343F400730B6001200D68FFF7D2FDC0
:100A7000236840221D6001205A605D68FFF7CAFDAF
:100A800023685D6000259D60DD609A6922F0BE02EA
:100A90001204120C42F080029A6101209E69FFF755
:100AA000B9FD236801209E61DD61DD69FFF7B2FDBC
:100AB0002268174BD56102F58052012091690B40E5
:100AC00043F0087343F0040393619569FFF7A2FDB7
:100AD0002368104A03F5805301209D611A601D6848
:100AE000FFF798FD2368A26903F58053012A1D6072
:100AF00001BFDA6942F4803242F04002DA61626991
:100B0000054B9188196412685A6470BD0F8120FFEB
:100B1000233FDEF88020C10200800240F0B5044689
:100B200090F8450001284FF002001AD0012584F802
:100B3000455084F84400E16201F1200000254FF4A3
:100B4000801740F2F45C03F1FF3E9D420AD1236816
:100B500003F5805300201961012384F8443084F8A0
:100B60004500F0BD0CFB052640F8186CE66940F81E
:100B7000207C2EB950F8206C46F4400640F8206CDA
:100B8000AE4594BF0E46064640F8146C0135203041
:100B9000DBE72DE9F041044690F8450001284FF0CD
:100BA00002001CD0012584F8455084F84400A1625D
:100BB00001F1200000254FF0004644F2F45740F2C6
:100BC000F45C03F1FF3E9D420BD1236803F5805393
:100BD0000020D960012384F8443084F84500BDE842
:100BE000F0810CFB052840F8188CAE4594BF884670
:100BF000804640F8206C40F81C7C40F8148C01358D
:100C00002030E0E7F0B590F84530012B02464FF078
:100C100002000BD0012382F8453082F8440031B93C
:100C200082F84430002382F845300120F0BDD36AB9
:100C30001868002801DA1223F2E740F2F454A142C6
:100C40002ED9B1FBF4F004FB10143CB30130234C5B
:100C500001F2F45104FB0011C1F30C01002440F235
:100C6000F456471E1D6825F040551D601CB91D68CF
:100C700045F080551D60A74208BF1D685E6004BF37
:100C800045F000551D601D6808BF5960013445F0EE
:100C90000045A0421D60DB68E4D10DE00128D6D1FB
:100CA000186840F040501860C1F30C015960196891
:100CB00041F000411960DB68D362136803F580538B
:100CC00000205969490741BF042159610021596039
:100CD000012382F8443082F84500A7E70CFAFFFFB1
:100CE00030B590F84520012A03464FF0020039D074
:100CF000012283F8440083F8452005209A6A116890
:100D0000002901DB013806D10120002283F84400CC
:100D100083F8452026E01168D46801F44071B1F5EC
:100D2000007F04D11A63012199639C62E6E715688C
:100D3000996B15F4407F01F10101F5D0012908BF3D
:100D40001A63C3E90D211268C2F30D42043ADA6353
:100D50001A6B92681A64002001229C6283F8442076
:100D600083F8450030BD70477047026802F5805235
:100D700038B5556915F04005044625D00BF0F4FF51
:100D8000236803F5805340225A61012384F84430DC
:100D9000002384F84530236803F580534FF48032F4
:100DA0005A615B691B040ED52046FFF7DDFF2368FF
:100DB00003F580534FF400425A61012384F8443014
:100DC000002384F8453038BD5369DA07E3D5FFF7CF
:100DD000CAFF236803F5805301225A6184F8442036
:100DE00084F84550D7E7F8B590F84430822B064692
:100DF000154630D00268048A822380F84430136993
:100E0000E402890101F4F861A4B203F01C030C436D
:100E10001C4344F001041461FFF7F6FB074614F08D
:100E2000010007D133685B699BB22B60012386F810
:100E300044300CE0FFF7E8FBC01BB0F5803F07D360
:100E4000012386F84430002386F845300320F8BD9E
:100E500033681C69E3E70220F9E770B590F8443085
:100E6000422B05462ED0422380F844302C8A03685A
:100E7000E4021869890101F4F861A4B200F01C00D1
:100E80000C43044392B244F003045A611C61FFF71F
:100E9000BBFB064614F0010003D1012385F8443062
:100EA0000CE0FFF7B1FB801BB0F5803F07D30123B7
:100EB00085F84430002385F84530032070BD2B6849
:100EC0001C69E7E70220F9E7F7B500230093044621
:100ED00000284AD090F8443003F0FF021BB980F894
:100EE00045200BF0D9FE00230193664B5A6C42F467
:100EF00080425A645B6C03F480430193019B624B14
:100F00005A6822F400025A605A68216A0A435A60F9
:100F1000236803F580531A6842F001021A60FFF754
:100F200073FB0546236803F580521268D00720D46E
:100F30001D6901F09FF8554B554A0344934225F033
:100F40001C0524D245F0080523684FF400421D61BA
:100F500000212046FFF781FF054678B30121204696
:100F6000FFF768FD012384F844300125284603B0CB
:100F7000F0BDFFF749FB401BB0F5FA7FD2D9032340
:100F800084F84430002384F845300325EEE7414BD4
:100F9000414A0344934202D845F00C05D4E73F4B45
:100FA0003F4A03449342CFD33E4B3F4A03449342CC
:100FB00094BF45F0040545F01005C5E7FF20FFF795
:100FC00029FB616800294BD0FFF71EFB41F28837EF
:100FD00006466A4601212046FFF705FFFFF714FB8E
:100FE000801BB84205D901212046FFF723FD0123CC
:100FF000C6E7009B5907ECD54FF4805200212046EC
:10100000FFF72BFF0028A9D1FFF7FEFA41F288373E
:1010100006466A4601212046FFF7E5FEFFF7F4FA8F
:10102000801BB842DFD8009B9A06F2D56A46102191
:101030002046FFF7D8FE002890D1009AC2F3800323
:10104000DB02E360930756BF4FF48043A060A360C8
:1010500000212046FFF7EEFC012384F8443085E7A9
:10106000D4E90223520842EAD30292B22046FFF7A3
:10107000F4FE00287FF472AF40F6FF70FFF7CAFA63
:10108000E6E700BF003802400038014000D3CEFE42
:10109000C0E1E40040F1E9FD3F787D0100796CFC9E
:1010A000005A6202001F0AFA7FF0FA0237B590F880
:1010B0004530012B4FF002042FD080F844400368E4
:1010C00000240125019480F845501A6842F0080276
:1010D0001A601B680193FFF785FC0368019A1A6088
:1010E00000941A6842F004021A601B680093FFF72C
:1010F00079FC0368009A1A60FFF786FC036803F521
:1011000080539A6942F400529A619A6942F002024D
:101110009A6180F8445080F84540204603B030BDC5
:101120002DE9F74FDFF8BC816C4A00234FF001092D
:101130000C6809FA03FA0AEA04053AEA040440F0E2
:10114000B4804C6824F0100EBEF1020F14D14FEAA7
:10115000D30C00EB8C0C03F0070BDCF820604FEA9B
:101160008B0B0F2707FA0BF726EA07070E6906FA1B
:101170000BF63E43CCF82060D0F800B04FEA430CA9
:10118000032606FA0CF72BEA070BFE4304F00307CD
:1011900007FA0CF70EF1FF3E47EA0B07BEF1010F0D
:1011A000076010D8876806EA070ECF6807FA0CF7C1
:1011B00047EA0E078760476827EA0A0E27099F401B
:1011C00047EA0E074760C76837408E6806FA0CF694
:1011D0003E43C660E60068D500260196D8F8446014
:1011E00046F48046C8F84460D8F8446023F003070A
:1011F00007F1804706F4804607F59C37019603F017
:10120000030C019ED7F808E04FEA8C0C0F2606FA73
:101210000CF62EEA060E324EB0424DD006F5806630
:10122000B0424BD006F58066B04249D006F58066E4
:10123000B04247D006F58066B04245D006F58066DC
:10124000B04243D006F58066B04241D006F58066D4
:10125000B0423FD006F58066B0423DD006F58066CC
:10126000B04214BF0A26092606FA0CF646EA0E0614
:10127000BE601668EF4314F4803F0CBF3E402E431F
:101280001660566814F4003F0CBF3E402E43566073
:10129000966814F4801F0CBF3E402E439660D668BB
:1012A000A40254BF3E402E43D6600133102B7FF47E
:1012B0003FAF03B0BDE8F08F0026D5E70126D3E7A6
:1012C0000226D1E70326CFE70426CDE70526CBE7A4
:1012D0000626C9E70726C7E70826C5E7003C014000
:1012E00000000240003802400AB1816170470904E1
:1012F000FBE743695940416170470000044A516966
:10130000014208B502D050610BF0C8FE08BD00BF15
:10131000003C01402DE9FF4105469DF828C095F8A5
:1013200090429DF82CE0BDF83080012C23D00124A0
:1013300085F89042282404FB0154D00902F07F066E
:1013400084F8383084F8391084F83FE084F83A6043
:1013500084F83B0084F83CC0A4F84080CDE901E863
:10136000CDF800C0286802F009F8002385F8903213
:1013700004B0BDE8F0810220FAE710B590F8903291
:10138000012B044609D0012380F89032006801F057
:10139000CAFC002084F8900210BD0220FCE72DE971
:1013A000F04380468BB0B0B30323444680F89132BB
:1013B0000CF0BAFA54F8100B01F0A8FE0FCC6D46F1
:1013C0000FC50FCC0FC594E8030085E8030008F1B2
:1013D0000409464699E80E00D8F8000001F056FED0
:1013E00056F8100B012101F097FE0FCE6F460FC784
:1013F0000FCE0FC794E8030085E8030099E80E00BC
:10140000D8F8000001F03EFF012388F89132002057
:101410000BB0BDE8F0830120FAE72DE9F0419DF81B
:1014200018C0079EBDF820509DF82470282404FBA6
:10143000010EBCF1000F14BF4FF002084FF003087B
:101440008EF83B208EF83F308EF84280032B1ED85A
:10145000DFE803F002533042BCF1010F17D1B2B9FB
:1014600025B9282303FB010383F851C0282303FB7C
:10147000010393F85120003A18BF0122520083F86B
:10148000422093F85C20022A01D083F83D70282284
:1014900002FB0103002483F83910A3F85C401946CD
:1014A000C3E91165027CDC640068BDE8F0413831B5
:1014B00001F0F4BA04FB0104BAB994F85130003BCE
:1014C00018BF01235B0084F8423094F85C30022B93
:1014D000DDD084F83D70DAE704FB01042AB994F802
:1014E000513043B984F84220D1E794F8503013B911
:1014F00084F84230CBE70223FAE704FB010400231F
:10150000F6E700002DE9F04F076885B0054638463C
:1015100001F060FE012840F0E980286801F056FEE5
:10152000002800F0E380286801F050FE810248BFE7
:101530002B68286844BF4FF400125A6101F046FE40
:10154000C20248BF2B68286844BF4FF480125A611A
:1015500001F03CFE430148BF2B68286844BF4FF0B0
:1015600080625A6101F032FE860748BF2B68286806
:1015700044BF02225A6101F029FE840010D5D7F839
:10158000403423F02E03C7F8403428460CF010FAFC
:101590002868012101F022FE2B684FF000525A61A9
:1015A000286801F013FEC00140D52C68D4F84034FF
:1015B0000293D4F840340393039B23F02E03039348
:1015C000029B99070DD5029BDA0706D5A36923F084
:1015D0000053A36128460CF0E7F9039B43F0020394
:1015E0000393029B1B0717D5039B43F00803039348
:1015F000029B5E0740F18580A969022979D1029B8F
:10160000286803F4C023B3F5802F18BF012101F02F
:10161000E5FD28460CF0C8F9029B980642BF039BE3
:1016200043F020030393039BC4F84034286801F07F
:10163000CDFD010705D528460CF0B2F92B6808222C
:101640005A61286801F0C2FD820110D5286801F0B6
:101650005BFB07F5A06700904FF000084FF0010A10
:10166000AB682868434558D84FF000734361286839
:1016700001F0ACFDC30639D52C68A36923F0100333
:10168000A361276A07F4F013B3F5802F29D1C7F3BC
:101690000A18B8F1000F24D007F00F07282606FB20
:1016A0000756716CE9B14246204601F081FD736C2A
:1016B0004344736404F5A064F36C04EB471443449F
:1016C0002269F364AC4B13405BB1236823F0804381
:1016D00043F00043236096F8503083F0010386F80E
:1016E00050302A68936943F01003936105B0BDE858
:1016F000F08FEB68032B04BF4EF66022C4F804247D
:1017000087E7D4F840342A6823F02E03C4F8403425
:10171000936943F0005393617EE7009A0AFA08F355
:10172000134200F0858039685FFA88F600F5A06BF7
:101730000B044FEA46190BEB461440F11281A168E5
:10174000490713D50423A360E16841F00201E16079
:10175000A1688A053BD5E368286843F00203E3608B
:10176000314601F0E0FA4FF4007337E1A1688A06D0
:1017700002D52021A160EBE7A1680B0712D5E16833
:1017800041F00201E160282101FB06514FF0050CF8
:1017900081F85DC01021A1600821A160314601F0EF
:1017A000C2FAD5E7A1684905D2D5E16841F0020146
:1017B000E160314601F0B7FA1021A160282101FB58
:1017C0000651082081F85D004FF48061D2E7A068DF
:1017D00010F0010040D0296949B12820216900FB9F
:1017E0000650C1F3120C816CA1EB0C01C1642821DD
:1017F00001FB06510122002381F85D208B65A26068
:1018000091F83FC01CF0FD0F16D1E368286843F043
:101810000203E360314601F086FA1023A360282317
:1018200003FB065393F8502082F0010283F8502006
:1018300008F10108203713E7BCF1030FEFD15BF883
:10184000094044F000544BF80940284681F85C20D8
:1018500031460CF0B1F8E2E7A1688B0743D5E168A7
:1018600021F00201E160282101FB065C9CF85DC0CB
:101870000CF1FF3CBCF1070F0AD8DFE80CF00409BB
:1018800009091519091901FB0651012381F85C307A
:101890000223A360282303FB0653314693F85C2000
:1018A00028460CF089F8C3E701FB06510523EDE754
:1018B00001FB0651896D032998BF481C4FF0280190
:1018C00001FB065194BF4FF0020C4FF0040C81F85D
:1018D0005CC088655BF8091021F0804141F000414F
:1018E0004BF80910D4E7A1682868090611D5E36808
:1018F000282202FB065243F00203E360936D01339A
:101900009365062382F85D30314601F00CFA80239E
:1019100064E0A168CA068BD5282101FB065191F825
:101920003F10032906D1E16841F00201E160314630
:1019300001F0F9F9282101FB0651032081F85D002F
:101940001020A06091F83F1011F0FD0F7FF470AFF0
:101950005BF8091021F0804141F000414BF809107B
:1019600066E7A3685B0709D50423A360E36843F037
:101970000203E3605CE700BF0000F81FA26812F0FA
:10198000200219D02023A360282303FB065393F8D9
:101990003D20012A7FF44CAF042283F85D20E268E9
:1019A000019342F00202E260314601F0BCF9019B72
:1019B000022283F85C203BE7A368590610D5282350
:1019C00003FB0653042183F85D109A65E36843F036
:1019D0000203E360314601F0A6F94023A36027E744
:1019E000A26812F4007205D0E36843F00203E360DA
:1019F0003146B6E6A368DB0711D5282303FB06535F
:101A000031469A65E268019342F00202E26001F019
:101A10008AF9019BC4F808A083F85DA008E7A368D1
:101A200019070FD50823A360E36843F00203E360BE
:101A3000314601F078F9282303FB0653052283F889
:101A40005D20F5E6A368DA0612D5282303FB0653CA
:101A500000229A65E268019342F00202E260314698
:101A600001F061F9019B032283F85D201023B5E7A3
:101A7000A3681B060DD5E36843F00203E36031461B
:101A800001F051F9282303FB0653062283F85D2059
:101A90003DE7A368590510D5E36843F00203E3600E
:101AA000314601F040F91023A3604FF48063A36036
:101AB000282303FB06530822C1E7A3689A077FF592
:101AC000B7AEE36823F00203E360282303FB06526A
:101AD00092F85D20013A072A3FF6DAAE01A151F8EB
:101AE00022F000BF051B000891180008271B000802
:101AF0002F1B0008411B00084D1B0008911800080F
:101B00004D1B000803FB0653012283F85C2093F869
:101B10003F20022A7FF4BCAE93F8512082F00102EC
:101B200083F85120B4E603FB065302220BE003FBCB
:101B30000653022283F85C20002283F83D20A7E6AA
:101B400003FB0653052283F85C20A1E603FB065342
:101B50009A6D511C032A9965E7D900229A650422DF
:101B6000F1E700BF38B590F89032012B04460DD054
:101B7000012580F89052006801F0C2FA20682946D9
:101B800001F061FB002084F8900238BD0220FCE7E0
:101B900010B590F89032012B044609D0012380F84B
:101BA0009032006801F0DAF9002084F8900210BD4C
:101BB0000220FCE7006801F02DBB282303FB010095
:101BC00090F85C007047282303FB0100C06C70474D
:101BD000006801F0CEBB006801F0C2BB2DE9F34103
:101BE000044618B9012002B0BDE8F0810368DD07A2
:101BF00010D42368980758D423681A0700F19A80F4
:101C000023685B0700F1BA80A269002A40F02281B4
:101C10000020E8E78C4B9A6802F00C02042A07D0F7
:101C20009A6802F00C02082A0AD15B68590207D5AB
:101C3000854B1B689A03DCD56368002BD9D1D1E7AB
:101C40006368814DB3F5803F11D12B6843F4803335
:101C50002B60FEF7D9FC7C4E054633689B03C8D445
:101C6000FEF7D2FC401B6428F7D90320BBE7B3F58D
:101C7000A02F04D12B6843F480232B60E5E72A686A
:101C800022F480322A602A6822F480222A60002B03
:101C9000DFD1FEF7B9FC06462B689F03A9D5FEF7F6
:101CA000B3FC801B6428F7D9DFE7674B9A6812F012
:101CB0000C0F07D09A6802F00C02082A11D15B6859
:101CC0005E020ED4604A13689D0702D5E368012BBB
:101CD00088D11368216923F0F80343EAC103136034
:101CE0008AE7E268594BB2B101221A60FEF78CFC18
:101CF000554D06462B68980707D52B68226923F0B7
:101D0000F80343EAC2032B6076E7FEF77DFC801BF5
:101D10000228EFD9A9E71A60FEF776FC4A4E05467D
:101D2000336899077FF568AFFEF76EFC401B022809
:101D3000F6D99AE76269454B82B10122C3F8802E39
:101D4000FEF762FC404E0546736F9F073FF558AFA4
:101D5000FEF75AFC401B0228F6D986E7C3F8802E0E
:101D6000FEF752FC384E0546736F98077FF548AF73
:101D7000FEF74AFC401B0228F6D976E7324B1A6C74
:101D800012F0805228D101921A6C42F080521A64EB
:101D90001B6C03F080530193019B01272C4D2B6892
:101DA000D9051BD5A368284D012B27D12B6F43F0F4
:101DB00001032B67FEF728FC234E054641F28838C5
:101DC000336F9B0739D5002F3FF41EAF1E4A136CAB
:101DD00023F08053136417E70027DFE72B6843F4F1
:101DE00080732B60FEF710FC06462B68DA05D9D409
:101DF000FEF70AFC801B0228F7D936E7052B04D131
:101E00002B6F43F004032B67D0E72A6F22F0010207
:101E10002A672A6F22F004022A67002BCAD1FEF734
:101E2000F3FB41F2883806462B6F9807CBD5FEF7B7
:101E3000EBFB801B4045F7D917E7FEF7E5FB401B9E
:101E40004045BDD911E700BF0038024000004742BD
:101E500000700040224DAB6803F00C03082B3FF4E8
:101E6000C1AE204B022A4FF000021A662BD1FEF7BA
:101E7000CBFB06462B6899011FD4D4E907321343E4
:101E8000626A43EA8213E26A43EA0263A26A520880
:101E9000013A43EA02436B60124B114D01221A666C
:101EA000FEF7B2FB04462B689A013FF5B1AEFEF790
:101EB000ABFB001B0228F6D9D7E6FEF7A5FB801B7B
:101EC0000228D7D9D1E6FEF79FFB04462B689B0179
:101ED0007FF59EAEFEF798FB001B0228F6D9C4E6FC
:101EE0000038024000004742134908B58B6803F0F0
:101EF0000C03042B1CD0082B1CD14A684B68496882
:101F000013F4800314BF0D480D48C1F3881118BFA6
:101F1000002302F03F02A1FB0001FEF7B9F9064BD6
:101F20005B68C3F3014301335B00B0FBF3F008BD12
:101F30000248FCE70248FAE70038024000127A0043
:101F40000024F4002DE9F0410D46044610B90120AB
:101F5000BDE8F081434B1A6802F00F028A4227D392
:101F600021688F072CD4C8073FD43E4B1A6802F073
:101F70000F02AA4264D8226851076AD4130707D512
:101F8000394A2169936823F4604343EAC1039360AB
:101F9000FFF7AAFF344B354A9B68C3F30313D35CA6
:101FA000D840334B186000200BF0EAFA0020CFE74E
:101FB000CAB21A701B6803F00F038B42C7D1CFE778
:101FC000294B11F0040F1EBF9A6842F4E0529A6048
:101FD0000E0742BF9A6842F460429A609A68A0680D
:101FE00022F0F00202439A60BDE762681E4B012AAC
:101FF0001CD11B6813F4003FA9D01B4EB36823F01B
:1020000003031343B360FEF7FFFA41F28838074633
:10201000B368626803F00C03B3EB820FA5D0FEF740
:10202000F3FAC01B4045F3D9032091E7911E012923
:102030001B6802D813F0007FDEE713F0020FDBE726
:10204000EAB21A701B6803F00F03AB427FF47FAF54
:1020500091E70549E0688B6823F4E05303438B6004
:102060008CE700BF003C024000380240CC0E010863
:1020700030000020014B1868704700BF300000207E
:10208000044B054A9B68C3F38223D35C034A106860
:10209000D840704700380240C40E010830000020CC
:1020A000044B054A9B68C3F34233D35C034A106870
:1020B000D840704700380240C40E010830000020AC
:1020C0000F2303600B4B9A6802F0030242609A6888
:1020D00002F0F00282609A6802F4E052C2609B68EB
:1020E000DB0803F4E0530361034B1B6803F00F03A9
:1020F0000B60704700380240003C0240036A23F046
:10210000010370B50362036A446882690D6822F0B6
:1021100073022A438D6823F002032B430C4DA8421F
:1021200003D005F58065A8420BD1CD6823F00803E4
:102130002B43D1E9055624F44074354323F00403BE
:102140002C43446082614A684263036270BD00BFF1
:1021500000000140036A23F4807370B50362036AD0
:102160004468C2690D6822F073022A438D6823F423
:10217000007343EA05230D4DA84203D005F58065A1
:10218000A8420DD1CD6823F4006343EA0523D1E9C9
:10219000055624F44054354323F4806344EA05147F
:1021A0004460C2614A68C263036270BD00000140BE
:1021B000036A23F4805330B50362036A4468C2693A
:1021C0000D6822F4E64242EA05228D6823F40053AA
:1021D00043EA0533084DA84203D005F58065A842BF
:1021E00004D14D6924F4804444EA85144460C261FA
:1021F0004A680264036230BD000001407047036812
:10220000DA6842F00102DA601A6842F001021A60EC
:1022100000207047704770477047704703681A691D
:10222000910710B504460ED5DA6892070BD56FF00A
:1022300002021A61012202769B699B0777D0FFF7A1
:10224000EAFF0023237623681A69500710D5DA685D
:1022500051070DD56FF004021A61022222769B69A4
:1022600013F4407F204668D0FFF7D5FF0023237684
:1022700023681A6912070FD5DA6810070CD56FF0BA
:1022800008021A6104222276DB69990720465AD097
:10229000FFF7C1FF0023237623681A69D20610D501
:1022A000DA68D0060DD56FF010021A610822227686
:1022B000DB6913F4407F20464BD0FFF7ACFF0023CF
:1022C000237623681A69D10708D5DA68D20705D5BD
:1022D0006FF001021A6120460BF05CF823681A695E
:1022E000100608D5DA68110605D56FF080021A616C
:1022F000204600F08AF923681A69520608D5DA6880
:10230000500605D56FF040021A612046FFF785FFA1
:1023100023681A69910622D5DA6892061FD56FF0F4
:10232000200220461A61BDE8104000F06DB9FFF7A9
:1023300071FF2046FFF770FF83E7FFF76BFF204632
:10234000FFF76AFF92E7FFF765FF2046FFF764FF9C
:10235000A0E7FFF75FFF2046FFF75EFFAFE710BD86
:10236000234A0368904212D0B0F1804F0FD0A2F5FB
:102370007C4290420BD002F58062904207D002F579
:102380008062904203D002F57842904208D14A68B8
:1023900023F070031343CA6823F44073134316E019
:1023A000144A9042F7D002F580629042F3D002F5D1
:1023B00080629042EFD0A2F598329042EBD002F5C5
:1023C00080629042E7D002F580629042E3D00360E1
:1023D0008B68C3620B688362054B984203D003F598
:1023E0008063984201D10B69036301234361704705
:1023F000000001400040014010B50446A0B190F833
:10240000393003F0FF021BB980F83820FFF7F6FEE1
:102410000223206884F83930211DFFF7A1FF012332
:1024200084F83930002010BD0120FCE710B50446C7
:10243000A0B190F8393003F0FF021BB980F83820C2
:102440000AF0FEFF0223206884F83930211DFFF7CF
:1024500087FF012384F83930002010BD0120FCE7FC
:10246000036A23F0100370B50362036A446882694B
:102470000D6822F4E64242EA05228D6823F020032B
:1024800043EA05130D4DA84203D005F58065A84227
:102490000DD1CD6823F0800343EA0513D1E9055639
:1024A00024F44064354323F0400344EA8504446047
:1024B00082614A688263036270BD00BF0000014010
:1024C00038B590F83830012B04464FF0020010D098
:1024D0000123082A84F8383084F839003CD009D820
:1024E000D2B1042A28D00123002084F8393084F89E
:1024F000380038BD0C2AF6D12068FFF759FEC369B1
:102500000A6943F40063C361C36923F48063C36150
:10251000C36943EA02232DE02068FFF7EFFD8369DA
:102520000A6943F008038361836923F0040383612C
:10253000836913438361D6E72068FFF791FF8369BE
:102540000A6943F400638361836923F480638361D0
:10255000836943EA0223EDE72068FFF7FBFDC369C7
:102560000A6943F00803C361C36923F00403C3612C
:10257000C3691343C361B6E7036A10B501248C40F5
:1025800023EA04030362036A8A401A43026210BD0D
:1025900008B500680122FFF7EFFF084B984203D00F
:1025A00003F58063984203D1436C43F400434364D2
:1025B000036843F001030360002008BD00000140F0
:1025C000FFF7E6BF10B590F83830012B02464FF008
:1025D000020018D0136882F8390058680C684968FE
:1025E00020F070005860586820435860986820F0C8
:1025F000800098609868014399600020012382F868
:10260000393082F8380010BD704770470368DA68C7
:1026100022F49072DA605A6922F001025A61202392
:1026200080F83A30704700002DE9F8430368C1682C
:102630001A69044622F440520A431A612569A268C5
:10264000D968C0692A43656921F416412A4321F0FB
:102650000C0102430A43DA605A69A16922F440720C
:102660000A43B0F5004F5A61834A40F08580934297
:1026700003D002F58062934249D1FFF711FD6368F0
:102680004FF019095B0009FB00F7B7FBF3F7FFF701
:1026900007FD636809FB00F55B00B5FBF3F5FFF789
:1026A000FFFC63684FF064085B0009FB00F0B0FBBF
:1026B000F3F0B0FBF8F008FB1056FFF7F1FCB7FBA6
:1026C000F8F76368F6003236B6FBF8F6760009FBD9
:1026D00000F55B003F0106F4F876B5FBF3F5FFF774
:1026E000DFFC636822685B0009FB00F0B0FBF3F0DD
:1026F000B0FBF8F008FB1053DB003233B3FBF8F308
:1027000003F007033B4433449360BDE8F883FFF7CD
:10271000B7FC63684FF0190909FB00F75B00B7FBD2
:10272000F3F7FFF7ADFC636809FB00F55B00B5FB51
:10273000F3F5FFF7A5FC63684FF064085B0009FB45
:1027400000F0B0FBF3F0B0FBF8F008FB1056FFF719
:1027500097FCB7FBF8F76368F6003236B6FBF8F67D
:10276000760009FB00F55B003F0106F4F876B5FB47
:10277000F3F5FFF785FCB4E7934202D03F4A93425A
:1027800046D1FFF78DFC63684FF019099B0009FBE8
:1027900000F7B7FBF3F7FFF783FC636809FB00F56D
:1027A0009B00B5FBF3F5FFF77BFC63684FF0640813
:1027B0009B0009FB00F0B0FBF3F0B0FBF8F008FB66
:1027C0001056FFF76DFCB7FBF8F763683601323639
:1027D00009FB00F59B00B6FBF8F63F0106F0F0069A
:1027E000B5FBF3F5FFF75CFC636822689B0009FB0F
:1027F00000F0B0FBF3F0B0FBF8F008FB10531B0146
:102800003233B3FBF8F303F00F0333433B447BE76E
:10281000FFF736FC63684FF0190909FB00F79B00CE
:10282000B7FBF3F7FFF72CFC636809FB00F59B008F
:10283000B5FBF3F5FFF724FC63684FF064089B00D9
:1028400009FB00F0B0FBF3F0B0FBF8F008FB10560A
:10285000FFF716FCB7FBF8F76368360109FB00F5D4
:102860009B003F013236B5FBF3F5B6FBF8F606F0F8
:10287000F006FFF705FCB7E7001001400014014027
:1028800010B5044640B390F8393003F0FF021BB98D
:1028900080F838200AF002FE2268242384F83930B8
:1028A000D36823F40053D3602046FFF7BDFE2368AE
:1028B0001A6922F490421A615A6922F02A025A6176
:1028C000DA6842F40052DA6000202023E06384F8E2
:1028D000393084F83A3010BD0120FCE7704770476A
:1028E00090F83A30222B10B520D181680469026833
:1028F000836AB1F5805F1ED15268C4B9C2F3080281
:1029000023F8022B8362C38D013B9BB2C3856BB955
:102910000368DA6822F49072DA605A6922F00102E0
:102920005A61202380F83A30FFF7D9FF10BDD2B2A8
:1029300023F8012BE6E7591C526881620CB91A7022
:10294000E1E702F07F02FAE77047000003681A68C7
:10295000D96870B516075D69044607D1960659D542
:102960008D0657D5BDE87040FFF7BABF05F00100EE
:1029700001F4907505434DD0D60705D5CD0542BF6E
:10298000E36B43F00103E363530704D518B1E36B32
:1029900043F00203E363960704D518B1E36B43F0F9
:1029A0000403E363150704D518B1E36B43F0080390
:1029B000E363E36B4BB3900604D58A0602D5204649
:1029C000FFF78EFF21684B69E26B03F0400302F0D2
:1029D000080253EA0205204618D0FFF717FE4B699C
:1029E0005B060FD54B69606B23F040034B6148B128
:1029F000254B0365FDF726FF38B1606BBDE87040DD
:102A0000036D18472046FFF79FFF70BDFFF79CFF3F
:102A1000E563FAE7160628D50D0626D594F8392081
:102A2000212AF2D1A168226AB1F5805F18D11188FC
:102A3000C1F308015960216981B902322262E28C36
:102A4000013A92B2E284002ADFD1DA6822F08002F1
:102A5000DA60DA6842F04002DA60D6E70132EDE788
:102A6000511C216212785A60E9E75006CDD54A061A
:102A7000CBD5DA6822F04002DA60202384F83930BE
:102A80002046FFF72BFFC0E78D2A000808B5806BB2
:102A90000023C385C384FFF757FF08BD80B58AB004
:102AA00002AFF860B9601346FB7100237B77002307
:102AB0007B830023FB834FF480733B8300237B6184
:102AC000FB68B3F1A04F2AD0BB681B79002B26D13D
:102AD000FB79002B0BD1BB685B79012B07D1BB685D
:102AE0005B781946F86800F0FFF9002306E1FB79EE
:102AF000012B14D1BB685B785A01FB68134403F5C2
:102B0000A063DB68BA6852785101FA680A4402F59A
:102B1000A06223F06003D360BB6800225A71BB68D7
:102B20001B69002B19D0BB681B69BA681289134452
:102B3000013BBA681289B3FBF2F3FB83FA8B3B8B40
:102B40009A420CD93B8BFB83FB8BBA68128902FB40
:102B500003F31A46BB681A6101E00123FB83BB68DB
:102B6000DB78002B07D0FB8BBA68128902FB03F3DA
:102B70001A46BB681A61BB681B69C3F31202FB8B60
:102B8000D904604B0B401A43BB689B7A5B0703F088
:102B9000C043B96849784801F968014401F5A0616A
:102BA00013430B61FB79002B0AD0BB68D968BB6863
:102BB0005B785A01FB68134403F5A0630A465A6127
:102BC000FB6803F580639B6803F00103002B0CBFD7
:102BD00001230023DBB27B77BB685B785A01FB687B
:102BE000134403F5A0631B68BA6852785101FA6870
:102BF0000A4402F5A06223F000531360BB685B78BF
:102C00005A01FB68134403F5A0631A687B7F5B07D6
:102C1000B96849784801F968014401F5A061134396
:102C20000B60BB685B785A01FB68134403F5A06333
:102C30001B687B617B6923F080437B617B6943F088
:102C400000437B61BB685B785A01FB68134403F562
:102C5000A0631A467B691360FB79002B4DD1BB68DA
:102C6000DB78002B49D1BB681B69002B45D0BB68C2
:102C7000DB79032B30D801A252F823F08D2C000809
:102C8000B12C00088D2C0008B12C0008BB681B6912
:102C900003339B087B837A8BFB68DB6A9BB29A4287
:102CA0001CD9FB689B6943F02002FB689A6115E020
:102CB000BB681B6903339B087B837A8BFB6803F536
:102CC00080631B699BB29A420AD9FB689B6943F0F7
:102CD0008062FB689A6103E000BF02E000BF00E091
:102CE00000BFBB68D968BB685A78BB681B699BB2D8
:102CF00000200090F86800F047FA002318462037BB
:102D0000BD4680BD0000F81F80B483B000AF78607E
:102D10007B6803F580635B699BB218460C37BD4640
:102D20005DF8047B704780B485B000AF78600B46D7
:102D3000FB700023FB60FB785A017B68134403F5AA
:102D4000A0631B6803F44023002B0BD0FB785A01CF
:102D50007B68134403F5A0631B6803F44023B3F5B9
:102D6000002F5CD1FB785A017B68134403F5A06304
:102D70001B68FA7851017A680A4402F5A06243F0B0
:102D8000804313607B68DB6A03F47F03002B33D13D
:102D9000FB785A017B68134403F5A0631B68FA783B
:102DA00051017A680A4402F5A06223F000431360DF
:102DB000FB785A017B68134403F5A0631B68FA781B
:102DC00051017A680A4402F5A06243F0004313609F
:102DD000FB680133FB60FB68B3F57A7F1DD8FB7895
:102DE0005A017B68134403F5A0631B6803F000439A
:102DF000B3F1004FECD06FE0FB785A017B681344CD
:102E000003F5A0631B68FA7851017A680A4402F559
:102E1000A06243F0004313605EE000BF5CE0FB781B
:102E20005A017B68134403F5A0631B68FA785101CB
:102E30007A680A4402F5A06243F0804313607B681D
:102E400003F580631B699BB2002B33D1FB785A01D9
:102E50007B68134403F5A0631B68FA7851017A6814
:102E60000A4402F5A06223F000431360FB785A0184
:102E70007B68134403F5A0631B68FA7851017A68F4
:102E80000A4402F5A06243F000431360FB6801337B
:102E9000FB60FB68B3F57A7F1DD8FB785A017B682D
:102EA000134403F5A0631B6803F00043B3F1004F24
:102EB000ECD011E0FB785A017B68134403F5A06362
:102EC0001B68FA7851017A680A4402F5A06243F05F
:102ED0000043136000E000BF002318461437BD46CE
:102EE0005DF8047B7047000080B485B000AF786067
:102EF0000B46FB700123FB730023BB60FB7BDA04F2
:102F0000154B1340FA7851017A680A4402F5A06221
:102F100043F000431361FB785A017B68134403F5C7
:102F2000A0631B68BB60BB6823F08043BB60BB68C9
:102F300043F00043BB60FB785A017B68134403F500
:102F4000A0631A46BB681360002318461437BD46B9
:102F50005DF8047B704700BF0000F81F80B586B0A5
:102F600000AF786000233B61786800F0CFF8102153
:102F7000786800F0E7F8786800F0F6F80023FB7551
:102F80001FE0FB7D5A017B68134403F5A0631B68B7
:102F9000FB60FB6843F08043FB60FB6823F0004369
:102FA000FB60FB6823F40043FB60FB7D5A017B68F8
:102FB000134403F5A0631A46FB681360FB7D0133DD
:102FC000FB75FB7D0F2BDCD90023FB7534E0FB7D0B
:102FD0005A017B68134403F5A0631B68FB60FB6820
:102FE00043F08043FB60FB6843F00043FB60FB68F9
:102FF00023F40043FB60FB7D5A017B68134403F517
:10300000A0631A46FB6813603B6901333B613B696F
:10301000B3F57A7F0CD8FB7D5A017B68134403F526
:10302000A0631B6803F00043B3F1004FECD000E055
:1030300000BFFB7D0133FB75FB7D0F2BC7D97B6880
:1030400003F580631A464FF0FF3353617B684FF0FE
:10305000FF325A61786800F053F800231846183799
:10306000BD4680BD084B013B0CD00269002AFADA4C
:10307000036943F001030361034B013B02D0026982
:10308000D207FAD4704700BF410D030084B038B5B1
:1030900005AD85E80E000A9B012B044626D1836B03
:1030A00023F480338363C36823F4840323F0400351
:1030B000C360C36823F44013C360119B012B02BF9C
:1030C000C36843F48013C360FFF7CCFF089B012B58
:1030D00007D1A36843F00603A360A36843F020036D
:1030E000A360BDE83840002004B07047C36843F0D7
:1030F0004003C360FFF7B6FF4FF480338363E5E717
:10310000836843F00103836000207047836823F0E5
:10311000010383600020704708B5C368012923F0CC
:10312000C043C36008D1C36843F00053C36032207A
:10313000FDF770FA002008BD0029F8D1C36843F0FC
:103140008043F3E7890141F020010161054902460E
:10315000013904D0106910F02000F9D17047032024
:10316000704700BF410D030010230649036102466A
:10317000013904D0106910F01000F9D17047032014
:10318000704700BF410D030010B59DF808404CB9D1
:10319000033300F580509B0800EB023201EB830300
:1031A000994201D1002010BD51F8040B1060F7E7DF
:1031B0000332920801EB820200F58050914201D166
:1031C00008467047036841F8043BF7E742698069A5
:1031D00010407047406900F001007047D0F800349B
:1031E00023F0030310B5C0F80034D0F8004401F018
:1031F00003032343012900F58062C0F8003404D1A1
:103200004BF680335360002010BD0229FBD141F200
:103210007073F7E713B5D0F840340193019B23F0A6
:103220002E030193019B43F480730446C0F840349D
:103230000A20FDF7EFF9019B002023F48073C4F806
:10324000403402B010BD82B0D0F840340193019BED
:1032500023F02E030193019BDA0406D4012902BF57
:10326000019B43F48053C0F84034019BDB0405D537
:1032700021B9019B23F48053C0F84034002002B0F0
:103280007047000084B038B5044605A880E80E00F9
:103290000023C4F8003EA36B23F48023A363A36B35
:1032A00023F40023A363A36B43F40013A363079BDE
:1032B000032BD4F800343CD1B4F1A04F39D043F003
:1032C0000403C4F8003410212046FFF73BFF2046DA
:1032D000FFF74AFF0023069904F5A0624FF0FF3084
:1032E0001D46994228D101212046FFF7ACFFC82096
:1032F000FDF790F90023A361B4F1A04F4FF0FF3325
:1033000063611ED18023636203F5C003A362114B86
:10331000C4F80031089B1BB9A36943F01003A361F3
:10332000A2690D4B1343A361BDE83840002004B0EF
:10333000704723F00403C4E790600133D560203266
:10334000CFE74FF40073636203F18073A362034B12
:10335000DEE700BFE0004000080020A30003E0001B
:1033600082B0D0F8403401930198C0F3414002B0DC
:10337000704700F58060806880B270472DE9704129
:103380008C4600F5A06404EB4C149DF818501946C7
:103390004FF0FF33A36056B2032D19D8DFE805F0D4
:1033A000024B021340F29D43002EE36003DAE36810
:1033B00043F4807305E0B0F1A04F09D0E36843F017
:1033C0006003E36004E040F29D63002EE360EEDB07
:1033D000D0F81884012303FA0CF343EA0803C0F879
:1033E0001834836943F00073836100F5806E9DF8A3
:1033F0001400831E58425841BDF81C308905C3F3A0
:103400000A0343EA404301F0FE510B43D10201F4A9
:10341000F04106F400420B431343AA0402F4402295
:1034200013432360032D02BF236843F0005323603E
:103430000020BDE8708140F22523002EE360C7DA4A
:10344000E36843F4C073BCE70020704770B5D0F860
:103450007433DC69227B05461AB1501E18BF012067
:1034600070BD2368B4F8F81099424FF0010380F062
:103470005C81342606FB014282F8913092F890304C
:10348000082B4FD8DFE813F009004E005F00B200B0
:103490001B00F1004E004E004D01AB480AF0EEFD5E
:1034A0000A200AF0FDFDB4F8F830342202FB034391
:1034B000042283F89020D5F8B833C4F8FC30B4F86F
:1034C000F810342606FB01429F32C9B2284600F0AC
:1034D000D9FC78BBB4F8F8109C4806FB0141A23136
:1034E0000AF0CCFD0A200AF0DBFDB4F8F810984889
:1034F00006FB0141AB310AF0C1FD0A200AF0D0FD04
:10350000B4F8F810934806FB0141BC310AF0B6FD4F
:103510000A200AF0C5FDB4F8F830022206FB034386
:1035200083F89020D5F8C8030022042101F08EFC16
:10353000012095E7022840F0EC80B4F8F83005222D
:1035400006FB0343ECE7C9B200F046FCF8B9B4F857
:10355000F830342202FB034393F89220A2B10122F7
:103560007D4883F8C1200AF089FD0A200AF098FD01
:10357000B4F8F830342202FB03430322A3F890206E
:10358000002283F89220CDE783F8C120F0E70228DB
:1035900020D1B4F8F830342202FB034393F8922090
:1035A000022A13D001226D4883F8C1200AF066FD7B
:1035B0000A200AF075FDB4F8F830342202FB034308
:1035C00040F20512A3F890200222DAE7002283F8E5
:1035D000C120F0E70428A5D1B4F8F830342202FB6A
:1035E000034340F20122A3F890209BE706FB01422F
:1035F0009432C9B200F013FC00289BD1B4F8F83023
:1036000006FB034393F8C120012A22D1B3F8982086
:10361000D3F89410524851430AF030FD0A200AF0C2
:103620003FFDB4F8F8304F4806FB0343D3F894103D
:103630000AF024FD0A200AF033FDB4F8F8304A48B5
:1036400006FB0343B3F898100AF018FD0A200AF0AD
:1036500027FDB4F8F830342202FB03420121A2F81E
:1036600090100B44A4F8F8305CE706FB01429C3252
:10367000C9B200F062FC00283DD1B4F8F83006FB76
:10368000034393F89C1001F0FB0002280BD1D4F8FF
:10369000FC60D5F8B823921B42F20F76B24202D8F2
:1036A00083F890003EE731480AF0E8FC0A200AF06F
:1036B000F7FCB4F8F8302E48342606FB034393F8A1
:1036C0009D100AF0DBFC0A200AF0EAFCB4F8F8309E
:1036D000284806FB034393F89E100AF0CFFC0A200B
:1036E0000AF0DEFCB4F8F83006FB0346012286F847
:1036F00090201344B6E702280BD118480AF0BEFC0C
:103700000A200AF0CDFCB4F8F830082206FB034387
:1037100006E704287FF406AFB4F8F83006FB03434D
:103720005FE70131A4F8F810FCE62373A4F8F82051
:103730000421D0F8C80301F089FBD5F8C433022175
:1037400028469847F4E600BFB8EE0008C2EE00082D
:10375000D7EE0008ECEE000801EF000812EF0008B9
:1037600027EF000847EF00085AEF00086DEF000848
:103770007DEF000898EF000870B5D0F87423D46985
:10378000A27B022A034604D0032A29D00AB10120D1
:1037900070BD2146184600F004FA032816D1002314
:1037A000236021781248013121600AF067FC0A2069
:1037B0000AF076FC00222168342002251646D3B296
:1037C000994202F1010204D80020E1E70028DFD18C
:1037D000E7E700FB034383F8925083F8C160EEE70C
:1037E000002101F0BAF90028D1D1E37BA373CEE721
:1037F000BCEF000838B5D0F87433DD696979044648
:1038000039B101F024FA6979204601F03CFA00232D
:103810006B71297941B1204601F019FA29792046C6
:1038200001F031FA00232B71D4F87433D86928B130
:103830000AF06EFAD4F874330022DA61002038BD41
:10384000F0B5D0F8741385B00979502306220546E7
:1038500000F0EEFCFF2801460ED13D480AF00EFCB8
:10386000D5F874333B4819680AF008FC0A200AF0BE
:1038700017FC022005B0F0BD284600F095FC4FF47F
:103880008070D5F874630AF03BFAF06195F81F3345
:103890001A2101FB0352044692F9486392F8480347
:1038A000B2F84A2301FB0353002E93F85013B4BF20
:1038B00062812281B3F8522393F95033ACBFA071D7
:1038C000E071002BA8BFA1714FF00006BABFE171F3
:1038D00062812281A179C4F8F860A681A673284686
:1038E00001F0BAF9E1796071284601F0B5F920716B
:1038F000284600F05FF96822314604F190000AF092
:103900001DFD022723890293019795F81D3300932B
:1039100095F81C33A2796179284601F089F9638909
:10392000CDE9017395F81D33009395F81C33E279C6
:103930002179284601F07CF92179324628460AF09F
:10394000E3F86179324628460AF0DEF8304691E71E
:10395000D9EF0008E2EF0008F7B5D0F87423D26978
:10396000342707FB0125064695F89040062C07D022
:10397000072C16D0052C27D00124204603B0F0BD1B
:10398000002300931A4600F052FB044678B9012345
:1039900085F89030D6F8C8030022042101F056FAC9
:1039A000EBE7002300931A4600F004FBEDE7022842
:1039B00004D1052385F890300124EBE70428FBD1DE
:1039C000082385F8903021E007FB01229C3200F0AB
:1039D000B4FAE8B995F89C1013480AF04FFB0A2096
:1039E0000AF05EFB95F89D1010480AF047FB0A208C
:1039F0000AF056FB95F89E100D480AF03FFB0A208E
:103A00000AF04EFB40F20123A5F890300224C1E7F2
:103A1000022806D107480AF031FB0A200AF040FBD1
:103A2000CAE70428CBE700BF6DEF00087DEF000870
:103A300098EF000812EF000803780A2B01BFD0F8B6
:103A40007433DB69342202FB013103BF91F891002A
:103A5000B0FA80F040090020704710B503780A2BB7
:103A600011D1D0F874033423902413FB0143C169AE
:103A7000194401F1340351F8040B42F8040B994244
:103A8000F9D1002010BD0220FCE72DE9F34190F8A8
:103A90001E53089F04460E4685B305780A2D2DD186
:103AA000D0F87453ED694FF0340C0CFB015C9CF8BA
:103AB00090E0BEF1010F21D14FF0060E85F80CE029
:103AC0008CF890E0A5F8FA10009700F0B0FA42F2F6
:103AD0001073D4F8B8835F4331462046FFF73CFFAC
:103AE000012803D001232B73002008E0D4F8B83359
:103AF000A3EB0803BB4205D901232B73022002B0BC
:103B0000BDE8F08194F81E33002BE5D1F4E72DE9F0
:103B1000F34190F81E53089F04460E4685B305787E
:103B20000A2D2DD1D0F87453ED694FF0340C0CFBF5
:103B3000015C9CF890E0BEF1010F21D14FF0070E1F
:103B400085F80CE08CF890E0A5F8FA10009700F0EA
:103B500031FA42F21073D4F8B8835F4331462046FD
:103B6000FFF7FAFE012803D001232B73002008E0A1
:103B7000D4F8B833A3EB0803BB4205D901232B7358
:103B8000022002B0BDE8F08194F81E33002BE5D18D
:103B9000F4E74FF621710022C0E90412114600F04B
:103BA000C3BD4FF480324FF6A16CC0E904C20122BC
:103BB00000F0BABDD0F874330549DB69054AC3E9A2
:103BC0001512012283F8502083F8522000207047FC
:103BD000555342435040302073B5D0F87433DC69FC
:103BE00094F85030013B05460A2B19D8DFE813F052
:103BF0000B001C003D00470063006D008E00960026
:103C0000C400CF00E8000223012284F8611084F888
:103C1000503004F15401637900921F2200F0E1FF5B
:103C20000126304602B070BD617909F05CFF0128C1
:103C300001460BD1E36D002B60D094F96030002B6E
:103C4000B4BF0323052384F8503053E0022808D181
:103C5000012384F850300022D5F8C80301F0F6F8AB
:103C6000DEE70528DCD10A23EDE723796289D4F861
:103C70008C1000F0CDFF042384F85030D0E7217978
:103C800009F031FF012872D1E36D628993420BD9AB
:103C9000D4F88C109B1A1144E365C4F88C10237976
:103CA000284600F0B5FFBBE700220723E26584F851
:103CB00050300221D0E70121637922890091D4F8A4
:103CC0008C1000F08EFF0623D6E7617909F00BFF18
:103CD000012815D1E36D228993420DD9D4F88C10B7
:103CE0009B1A1144E365C4F88C1063790090284650
:103CF00000F077FF0022DCE70023E3650723A2E75B
:103D0000022801D105239EE70528ABE723790D2280
:103D100004F1780100F07CFF0823ADE7217909F078
:103D2000E2FE012823D184F8500084F85200D5F82F
:103D30007433DC692846217909F09AFE0D2814D1E4
:103D4000A26F244B9A4210D1E26FA36D9A420CD11C
:103D500094F88460003E18BF01267600D5F8C803A9
:103D60000022022101F072F85BE70226F6E705283F
:103D70007FF456AF092366E7E17900F0EEFE08B95B
:103D8000072379E704287FF44BAF0B2374E7A1796D
:103D900000F0E3FE064688B96179284609F0C3FEC3
:103DA000C0F101026179D2B2284609F0ADFE217955
:103DB0003246284609F0A8FE09235DE70428E2E719
:103DC000FFF7E7FE064600287FF42BAF012384F8B7
:103DD000503026E75553425338B5D0F87433DC6978
:103DE00094F85250012D04D0022D14D002252846FB
:103DF00038BD00210A2384F86230E16584F8601040
:103E0000102204F163000AF099FA022384F850505A
:103E100084F85230EBE7BDE83840FFF7DDBE70B5FF
:103E2000D0F87433DC6994F85260012E154603D043
:103E3000022E1AD0012070BD0823E365802384F888
:103E400060300F22002104F164000AF077FA42F298
:103E50000A53A4F86230022384F8523004F11003AC
:103E600084F85060C4F88C30E4E7FFF7B5FE002812
:103E7000E1D1D4F88C2013681BBA2B60D3885BBACD
:103E8000AB80D8E770B51646D0F87423D46994F89F
:103E90005250012D0B4604D0022D1FD0022528467A
:103EA00070BD80215B0184F8601084F864300021CB
:103EB00002232422C4F86510C4F8691084F8523033
:103EC00041F20A2104F11003E265A4F8621084F8BB
:103ED000672084F85050C4F88C30E0E7FFF77CFE90
:103EE00005460028DBD10146222230460AF026FA98
:103EF000D4F88C301A7802F01F0272701A785209C6
:103F000032705A78D209B2709A68C6F80320DA681B
:103F1000C6F80720D4F88C3006F10C0103F110022A
:103F2000203352F8040B41F8040B9A42F9D1D4F82B
:103F30008C301B6AC6F81D30B1E7F8B5D0F8743381
:103F4000DC6994F85250012D0F46164604D0022D1C
:103F500020D002252846F8BD0E26802384F8603044
:103F6000E6653246002104F165000AF0E7F940F207
:103F70000A33A4F8623002237F0184F8523004F13E
:103F8000100384F8647084F8676084F85050C4F8B3
:103F90008C30DFE7FFF720FE05460028DAD1D4F8A1
:103FA0008C309A7802F00F0232701A7B72705B7B51
:103FB000B370CFE72DE9F0419846D0F87433069FEF
:103FC000DC6994F85260012E154605D0022E2AD0E5
:103FD00002263046BDE8F0817B020021E36584F8CB
:103FE00060100F2204F164000AF0A8F942F60A23D7
:103FF000A4F86230C5F3076384F86530C5F307435E
:1040000084F86630C5F3072384F867307FBA02234B
:1040100084F86850A4F86A7084F8506084F85230CC
:10402000C4F88C80D5E7BDE8F041FFF7D5BD2DE998
:10403000F0419846D0F87433069FDC6994F85260DA
:10404000012E154605D0022E2BD002263046BDE8A3
:10405000F0817B02E365802384F860300F22002129
:1040600004F164000AF06AF942F60A03A4F8623027
:10407000C5F3076384F86530C5F3074384F86630F9
:10408000C5F3072384F867307FBA022384F86850A9
:10409000A4F86A7084F8506084F85230C4F88C80B8
:1040A000D4E7BDE8F041FFF797BD10B53C220446C8
:1040B000002100F55F700AF041F94FF40072002111
:1040C00004F58E700AF03AF9002323706370C4F887
:1040D000B83340230122A3714FF48073A27022836E
:1040E000A4F81C3310BD000070B50D4688B004461E
:1040F00058B9194809F0C2FF184809F0BFFF0A2053
:1041000009F0CEFF022008B070BD0023C0E9DD3306
:1041100080F8BC23FFF7C9FF0DB1C4F8C453104D9C
:1041200095E8030001AB83E803000021184600F086
:1041300088FE0835C4F8C8030FCD03AE0FC62B6840
:104140003360214603A800F0DAFDC4F8CC03204612
:1041500009F036FC0020D6E70EF0000816F0000843
:104160006CEE000808B5034699B1D0F8780328B979
:104170000122C3F87823C3F8701308BD074809F07B
:104180007DFF074809F07AFF0A2009F089FF022025
:10419000F3E7024809F072FF0248F3E70EF0000867
:1041A0002AF0000843F0000838B590F836338B4207
:1041B00004460D4624D980F81F13174809F05EFF06
:1041C0000A2009F06DFF1A2303FB0544134894F8F5
:1041D000411309F053FF0A2009F062FF94F84213DB
:1041E0000F4809F04BFF0A2009F05AFF94F84313D7
:1041F0000C4809F043FF0A2009F052FF002038BDA7
:10420000094809F03BFF094809F038FF0A2009F086
:1042100047FF0220F3E700BF58F0000875F00008E0
:1042200084F0000893F000080EF00008A2F00008E7
:1042300070B50446002594F841638E42E8B201D07F
:10424000FF290BD194F84263964201D0FF2A05D191
:1042500094F843639E4204D0FF2B02D01A340DB170
:10426000FF2070BD0125E6E710B5044609F0D4FB38
:104270000121204609F03BFC002010BD70B586B03E
:1042800002238DF81730037804460A2B1DD8DFE887
:1042900013F00B001C001F0096011C005600790152
:1042A0003801420152018E0190F81E336BB1012595
:1042B0000570C82009F045FC204609F0CEFB00221D
:1042C0000121D4F8C80300F0C1FD002006B070BD84
:1042D000C24809F0D3FE0A2009F0E2FE642009F08A
:1042E00030FC204609F0AEFB0523237084F81D0343
:1042F0000021204600F0B0FC80216071204600F0D3
:10430000ABFC0025A37920710293019594F81D332D
:104310000093014694F81C338022204600F088FC6C
:10432000A379CDE9015394F81D3300932A4694F8FC
:104330001C336179204600F07BFC2A46C0E74378B5
:10434000072BC2D8DFE803F004294158606986A42E
:10435000082100F0EDFA05460028B6D194F827337D
:10436000A37101226270CDE9015394F81D330093CB
:1043700094F81C3321798022204600F059FCA3795F
:10438000CDE9015394F81D33009394F81C336179FF
:104390002A46204600F04CFC97E7122100F0C8FAAC
:1043A000002892D1B4F82A138D4809F067FE0A203C
:1043B00009F076FEB4F828138A4809F05FFE0A2057
:1043C00009F06EFE022363707FE7012100F0ABFB72
:1043D000054600287FF479AF022009F0B2FB0121E5
:1043E00084F81C13804809F049FE0A2009F058FEA1
:1043F00003236370A379B6E7092100F0E1FA0028EE
:104400007FF463AF0423DEE7B0F8341300F0D8FA8A
:1044100000287FF45AAF0523D5E790F82E53ADB1AD
:1044200000F58E76FF233246294600F055FB002822
:104430007FF44BAF6D48314609F020FE0A2009F0A9
:104440002FFE06236370002205213AE7684809F031
:1044500015FEF3E790F82F5395B100F58E76FF2304
:104460003246294600F038FB00287FF42EAF314653
:10447000604809F003FE0A2009F012FE0723A2E7B4
:104480005D4809F0FBFD0A2009F00AFE0723D9E781
:1044900090F8305335B300F58E76FF233246294627
:1044A00000F01AFB00287FF410AF5448314609F0A1
:1044B000E5FD0A2009F0F4FD514809F0DFFD0A206E
:1044C00009F0EEFD002384F81F3394F83133012BFB
:1044D00015D14C4809F0D2FD0A2009F0E1FD08236E
:1044E0002370F2E6484809F0C9FD0A2009F0D8FD1A
:1044F000D4F8C8032A46052100F0A8FCDCE707230E
:10450000EEE7D0F8C433002B3FF4DFAE012198472B
:104510000823237097E790F8371300F011FB002869
:104520007FF4D3AE09232370384809F0A7FD0A2091
:1045300009F0B6FDC9E6D0F87833002B72D13448C3
:1045400009F09CFD1AE09B6820469847D4F8743324
:1045500070B90622227019682E4809F08FFD0A20D2
:1045600009F09EFDD4F8C4330321204698476AE73A
:104570000C2222701968284809F080FD0A2009F0F1
:104580008FFD60E7D0F8745355B12B6998478DF8CB
:1045900017009DF81730002B7FF497AE0A239FE792
:1045A0000C2303701D4809F069FD1D48C8E7D0F8C9
:1045B0007433002B3FF489AE5B69984785E6FFF7BB
:1045C00074FDD4F87433002B3FF47FAEDB682046D3
:1045D00098470023C4F8743377E600BFC0F00008A2
:1045E000D4F00008DDF00008E6F00008FEF0000856
:1045F00010F10008DFEE000823F1000831F1000897
:1046000058F100086AF1000844F1000890F1000830
:10461000ABF10008C9F10008DBF100080EF000085A
:1046200020F20008D0F8703390F8412319799142B4
:1046300018BF0023C0F87433002B84D10C23014829
:1046400023707DE7FBF100081FB50446D4F8C813BA
:104650004FF0FF3201A800F022FC019B102BF5D196
:104660002046FFF70BFEF1E7C0F8B8137047D0F80B
:10467000B8230132C0F8B82302780A2A04D1D0F84E
:1046800074330BB19B691847704710B50378044623
:104690007BB9012380F81E33D0F8C4330BB1042159
:1046A0009847D4F8C8030022012100F0CFFB002076
:1046B00010BD0378012B04BF02230370F1E7000053
:1046C00010B5044609F0B3F92179204600F0DBFA71
:1046D0006179204600F0D7FA002384F81E33D4F81D
:1046E000C43313B1052120469847094809F0C6FC98
:1046F0000A2009F0D5FC204609F08EF90323D4F8EE
:10470000C80323700022012100F0A0FB002010BD8F
:1047100036F2000808B500220221D0F8C80300F0E4
:1047200095FB002008BD000037B58578012D0446B3
:1047300005D0022D0FD00125284603B030BD02233D
:104740008160828105768370D4F8C803002203213A
:1047500000F07CFBEFE7037E013B0A2BEBD8DFE8A0
:1047600003F0060E232D3E4A6F79939FAA004279EB
:1047700000F1100100F0FEF902232376DBE7417916
:1047800009F0B1F9012840F09280E28A94F91030E2
:104790002AB1002BB4BF032305232376D4E7002BD3
:1047A000B4BF09230723F8E7D0F8B833C38182895F
:1047B0000379816800F005FA0423DEE7017909F046
:1047C00092F9012801D10923E7E705286FD1D4F830
:1047D000C8030022032100F039FB0325ACE70123C5
:1047E000009343798289816800F0D4F9D4F8B83312
:1047F000E3810623C1E7417909F075F901380428FE
:1048000099D801A353F820F01D4800082748000854
:10481000374700082B480008214800080723BCE759
:104820000C232376D3E70523B7E70B23D4F8C8037B
:1048300023760022032100F009FB0123A3707BE70C
:1048400000220379114600F0BCF9D4F8B833E381B3
:10485000082392E7017909F046F901280CD10D23CC
:104860002376D4F8C8030022032100F0EFFA0025D4
:104870000123A37025765FE7042801D10B238CE781
:1048800005287FF458AFA2E7012300930022437963
:10489000114600F07FF9D4F8B833E3810A236CE7BE
:1048A000417909F020F90128D9D002288BD00428B9
:1048B0007FF441AFE2E7437E0133DBB2022B437664
:1048C00005D809F0B4F801232376A37033E7062155
:1048D000D0F8C433984700236376054809F0CEFB2F
:1048E000044809F0CBFB0A2009F0DAFBA5E700BF7A
:1048F0000EF000085AF2000830B40D4619468378CD
:10490000012B1446BDF808200FD1448204F47F44E3
:104910000623B4F5407F65F07F05437440F20943F8
:1049200018BF002305748382C28230BCFFF7FCBE2F
:1049300037B500F58E730D4600914FF4807200215B
:104940000446FFF7D9FFC8BB94F81C3184F8203324
:1049500094F81D3184F82133B4F81E31A4F82233C1
:1049600094F8203184F8243394F8213184F82533E5
:1049700094F8223184F82633082D94F8233184F8F2
:1049800027331BD9B4F82431A4F82833B4F82631DE
:10499000A4F82A33B4F82831A4F82C3394F82A3137
:1049A00084F82E3394F82B3184F82F3394F82C317B
:1049B00084F8303394F82D3184F8313303B030BDAE
:1049C0002DE9F74300F11C040E46009123464FF4F5
:1049D000007200210546FFF78FFF30BB2B7F85F863
:1049E00032336B7F85F8333395F8203085F83633D2
:1049F00095F8213085F8373395F8223085F838332B
:104A000095F82330B5F81EC085F83933092E95F88E
:104A10002430A5F834C385F83A3306D92B46074627
:104A20000922022F01D0944502D803B0BDE8F083DB
:104A300021780C440A446178042992B2F3D1217898
:104A400083F83C13617883F83D13A17883F83E1313
:104A5000E17883F83F1394F8048083F84083617908
:104A600083F84113A17983F84213E17983F8431362
:104A7000217A83F844134FF01A0E00210EFB07FE33
:104A8000414501DA944502D801371A33C9E726783F
:104A9000344432446678052E92B2F1D14E1C0EEBAE
:104AA000C601294494F8009081F83E9394F801904F
:104AB00081F83F9394F8029081F8409394F8039022
:104AC00081F84193B4F80490A1F8429394F80690C9
:104AD00081F8449371B2D3E7F7B500F58E761546A9
:104AE0001F46009341F44072334600210446FFF70D
:104AF00003FF78B994F81D31032B0BD194F81C11E6
:104B00000239B942A8BF394689B20446A14203D846
:104B100000232B7003B0F0BD331902349B7805F8E5
:104B2000013BA4B2F2E78378012B05D14FF4A063D7
:104B3000038200234182436100221146FFF7F4BD46
:104B40008378012B05D14FF4106303820023418247
:104B5000436100221146FFF7E7BD8378012B05D1A1
:104B60004FF48173036100238182C38200221146C6
:104B7000FFF7DABD1FB500240B4611460822CDE928
:104B80000224CDE900432246234608F095FF204643
:104B900004B010BD30B585B090F81D530C46002D03
:104BA00019469DF82030019418BF0023CDE9022357
:104BB0000123009300231A4608F07EFF002005B071
:104BC00030BD30B5002485B0CDE902240D46012268
:104BD000194601950092234608F06EFF204605B065
:104BE00030BD30B585B090F81D530C46002D1946E8
:104BF0009DF82030019418BF0023CDE90223012342
:104C000000930022022308F057FF002005B030BDBA
:104C100030B5002485B0CDE902240D4601221946A5
:104C200001950092022308F047FF204605B030BDF1
:104C30001FB5BDF8204002949DF81C4001949DF8DA
:104C40001840009408F018FF002004B010BD08B50B
:104C500008F027FF002008BD10B500F55E720023A4
:104C600052F8044F240408D400EB830041F40041BF
:104C7000DAB2C0F87C13D0B210BD01330B2BEFD1E8
:104C80004FF6FF72F7E70A299FBF00EB8100D0F8CB
:104C90007C33C3F30E03C0F87C3300207047000060
:104CA00030B50E4B5C7A054604F0FF00A4B95C7A7F
:104CB00018555C7A03EB840465605C7A1C442272AC
:104CC0005A7A541CE4B25C723A2330324B702F2370
:104CD0000A708B70C87030BD0120FCE7B000002066
:104CE0000022FFF7DDBF08B500F0F8FD002008BD89
:104CF000EFF305830BB100F03BBE00F033BE30B5DF
:104D0000044685B0228AB4F90840842C14BF0334C9
:104D1000002403AD0B46D0E90010CDE9004500F0BA
:104D200005FD01280CBF0398002005B030BD01200F
:104D300000F0C9BA07B50A4600210191F8B1EFF3B6
:104D40000583B3B101AA00F043FC012803D0FF2082
:104D500003B05DF804FB019B4BB14FF0E0234FF033
:104D60008052C3F8042DBFF34F8FBFF36F8F002025
:104D7000EEE7194600F06CFB0128F8D0E7E7802049
:104D8000E6E707B500230193EFF30583B3B101A96B
:104D900000F00DFB012803D0FF2003B05DF804FBF9
:104DA000019B4BB14FF0E0234FF08052C3F8042D2C
:104DB000BFF34F8FBFF36F8F0020EEE71A461946FF
:104DC00000F0CFF90128E7D1F6E7012910B5084630
:104DD0000CD10322002100F0A3F9044620B10023E6
:104DE0001A46194600F0BDF9204610BD0024FBE725
:104DF00007B50A4600210191F8B1EFF30583B3B17D
:104E000001AA00F0E5FB012803D0FF2003B05DF804
:104E100004FB019B4BB14FF0E0234FF08052C3F8ED
:104E2000042DBFF34F8FBFF36F8F0020EEE71946BD
:104E300000F00EFB0128F8D0E7E78020E6E7FFF757
:104E4000A0BFD0E90001002200F06AB91FB50191AE
:104E500000210391EFF30583C3B10B4603AA01A917
:104E600000F049FA012803D0FF2005B05DF804FBEB
:104E7000039B4BB14FF0E0234FF08052C3F8042D59
:104E8000BFF34F8FBFF36F8F0020EEE7012A38BFCB
:104E9000012201A900F065F90128F5D0E4E730B559
:104EA00085B000230546144608460391029311B9C4
:104EB0008023019318E00093EFF30583E3B16A4682
:104EC00002A900F085FB431E58425841009B000197
:104ED00001904BB14FF0E0234FF08052C3F8042D06
:104EE000BFF34F8FBFF36F8F04AB13E9070085E863
:104EF0000700284605B030BD02A900F0A9FA012834
:104F000001D11023D5E7003C18BF0124A40101946E
:104F1000EAE708B500F0C8FF012803D0BDE8084063
:104F200001F038B908BD00F108034FF0FF32C0E9C5
:104F30000223436003610023036070470023036181
:104F4000704743684B609A688A6051609960036853
:104F5000086101330360704730B50C68631C0AD1E7
:104F600003695A684A6091608B6059600368086100
:104F70000133036030BD00F1080213465268156822
:104F8000A542FAD9EDE7D0E9011203698A605160C0
:104F90005968814208BF5A600022026118680138CE
:104FA0001860704770B51646026C856B044642B9AE
:104FB00006689EB9406800F0CFFF66600135A563C2
:104FC00070BD6EB9806809F03EFAA368226C134484
:104FD0006268A360934224BF2368A3600020EDE7CA
:104FE000C06809F030FA226CE36851429B1A2268CB
:104FF000E36093423EBF63685B18E360022EEDD12D
:105000000DB1013DEAE72846D8E7034610B41A6C13
:1050100008466AB1DC68596814448C4228BF196894
:10502000DC6028BFD960D9685DF8044B09F00BBA81
:105030005DF8044B704770B5044601F043F894F8EE
:10504000455004F124066DB2002D01DD636AB3B949
:10505000FF2384F8453001F055F801F033F894F857
:10506000445004F110066DB2002D01DD23697BB9B7
:10507000FF2384F84430BDE8704001F043B8304667
:1050800000F080FE08B100F009FF013D6DB2DBE7E2
:10509000304600F077FE08B100F000FF013D6DB230
:1050A000E2E738B50D46044640B94FF0500383F3AC
:1050B0001188BFF36F8FBFF34F8FFEE701F002F847
:1050C000D4E90F312268A2604B43D0185B1A1A440E
:1050D0006060FF230020A063E26084F8443084F81D
:1050E0004530A5B9236973B104F1100000F04AFE00
:1050F00048B14FF0E0234FF08052C3F8042DBFF3C6
:105100004F8FBFF36F8F00F0FDFF012038BD04F11A
:105110001000FFF708FF04F12400FFF704FFF2E797
:1051200070B50D46064640B94FF0500383F3118821
:10513000BFF36F8FBFF34F8FFEE74843483001F056
:1051400017F9044648B155B100F14803C4E90F65A9
:10515000236001212046FFF7A4FF204670BD0346CF
:10516000F4E72DE9FF410F4601921E46044640B97F
:105170004FF0500383F31188BFF36F8FBFF34F8F4E
:10518000FEE751B9036C43B14FF0500383F311882C
:10519000BFF36F8FBFF34F8FFEE7022E0BD1E36B90
:1051A000012B08D04FF0500383F31188BFF36F8FAA
:1051B000BFF34F8FFEE700F077FE054620B30025D2
:1051C0004FF0000800F07EFFA26BE36B9A4227D2FB
:1051D000324639462046FFF7E5FE636A1BB104F10B
:1051E000240000F0CFFD48B14FF0E0234FF0805293
:1051F000C3F8042DBFF34F8FBFF36F8F00F082FF12
:10520000012004B0BDE8F081019B002BD8D04FF005
:10521000500383F31188BFF36F8FBFF34F8FFEE707
:10522000022ED5D0019B1BB900F06CFF0020E8E7EF
:1052300015B902A800F0E8FD00F064FF00F08AFB59
:1052400000F040FF94F84430FF2B08BF84F84480FE
:1052500094F84530FF2B08BF84F8458000F052FFDA
:1052600001A902A800F0E0FD38BB00F02BFFA26B03
:10527000E36B9A420ED100F045FF019904F1100052
:1052800000F066FD2046FFF7D6FE00F011FC48B1A5
:10529000012597E700F036FF2046FFF7CCFE00F02F
:1052A00007FCF5E74FF0E0234FF08052C3F8042DE0
:1052B000BFF34F8FBFF36F8FEAE72046FFF7BBFEC8
:1052C00000F0F6FBB2E738B5482001F051F804468B
:1052D00078B100250121C0E90F150060FFF7E1FE5C
:1052E000C4E90055E5602B462A4629462046FFF7CB
:1052F00038FF204638BD2DE9F843894617461E463B
:10530000044640B94FF0500383F31188BFF36F8F09
:10531000BFF34F8FFEE751B9036C43B14FF0500319
:1053200083F31188BFF36F8FBFF34F8FFEE7022E19
:105330000BD1E36B012B08D04FF0500383F311889E
:10534000BFF36F8FBFF34F8FFEE700F0BDFFEFF3AA
:1053500011884FF0500383F31188BFF36F8FBFF3B1
:105360004F8FA26BE36B9A4201D3022E1DD194F8AA
:10537000455032466DB249462046FFF713FE6B1C7E
:105380000ED1636A3BB104F1240000F0FBFC10B1C4
:105390000FB101233B60012088F31188BDE8F88339
:1053A00001356DB284F84550F5E70020F4E770B59B
:1053B0000D46044640B94FF0500383F31188BFF304
:1053C0006F8FBFF34F8FFEE7036C43B14FF0500375
:1053D00083F31188BFF36F8FBFF34F8FFEE703682E
:1053E00053B9436843B14FF0500383F31188BFF3BF
:1053F0006F8FBFF34F8FFEE700F066FFEFF311866C
:105400004FF0500383F31188BFF36F8FBFF34F8FBB
:10541000A26BE36B934219D994F845100132FF292E
:105420004BB2A2630DD1636A3BB104F1240000F0DA
:10543000A9FC10B10DB101232B60012086F3118866
:1054400070BD01335BB284F84530F6E70020F5E724
:105450002DE9F04385B00E4601929846044640B9C6
:105460004FF0500383F31188BFF36F8FBFF34F8F5B
:10547000FEE751B9036C43B14FF0500383F3118839
:10548000BFF36F8FBFF34F8FFEE700F00DFD0546B2
:1054900070BB019B73BB4FF0000900F013FEA76BBC
:1054A000002F37D031462046E568FFF7AEFDB8F152
:1054B000000F28D12368013FA76313B900F09CFDBA
:1054C0006060236973B104F1100000F05BFC48B127
:1054D0004FF0E0234FF08052C3F8042DBFF34F8FFD
:1054E000BFF36F8F00F00EFE012005B0BDE8F08322
:1054F0000025D0E74FF0500383F31188BFF36F8F7F
:10550000BFF34F8FFEE7636AE560002BEAD004F13A
:105510002400DAE7019B1BB900F0F4FD0020E4E76A
:1055200015B902A800F070FC00F0ECFD00F012FAD2
:1055300000F0C8FD94F84430FF2B08BF84F8449075
:1055400094F84530FF2B08BF84F8459000F0DAFD51
:1055500001A902A800F068FC68BB00F0B3FDA36BD2
:1055600003BB00F0CFFD236833B900F0ABFD6068EA
:1055700000F0AAFC00F0C6FD019904F1240000F03F
:10558000E7FB2046FFF757FD00F092FA88B94FF08D
:10559000E0234FF08052C3F8042DBFF34F8FBFF3C9
:1055A0006F8F06E000F0AEFD2046FFF744FD00F0EF
:1055B0007FFA012571E72046FFF73DFD00F078FAFC
:1055C00000F080FDA36B002BA6D000F09BFDF0E760
:1055D0002DE9F84389469046044640B94FF0500300
:1055E00083F31188BFF36F8FBFF34F8FFEE751B97D
:1055F000036C43B14FF0500383F31188BFF36F8FF7
:10560000BFF34F8FFEE700F05FFEEFF311874FF01F
:10561000500383F31188BFF36F8FBFF34F8FA56BD8
:105620000DB394F84460494676B22046FFF7EDFC8E
:10563000013D731CA56311D1236953B104F110001E
:1056400000F0A0FB28B1B8F1000F02D00123C8F888
:105650000030012087F31188BDE8F883013676B267
:1056600084F84460F5E72846F4E70000F8B51A4BE3
:105670001A4D1C680646286804300F46FFF783FC65
:1056800040B92A681649D06A0B680122824023EA91
:1056900002030B60731C07D137B129681148BDE8BC
:1056A000F8400431FFF74DBC2B68A4195C6007D3A8
:1056B0000D4B18682968BDE8F8400431FFF74CBC71
:1056C0000A4B186829680431FFF746FC084B1A6832
:1056D000A24288BF1C60F8BDE0000020E401002069
:1056E000DC000020E8000020280100202C01002020
:1056F000C4000020064A13681968064B19B94FF018
:10570000FF321A6070471268D268D2685268F8E7B0
:105710002C010020C40000204FF0500383F31188B7
:10572000BFF36F8FBFF34F8FFEE700002DE9F84FF7
:10573000950006462846DDF82C808A461F4600F074
:1057400017FE814618B94FF0FF30BDE8F88F54209E
:1057500000F00EFE0446002800F0A280C0F8309051
:105760002A464846A52108F0E9FD236B043D2B4459
:1057700023F0070904F133020AF1FF330AF10F0A9B
:1057800013F8011F02F8011F09B15345F8D10A9D12
:10579000062D28BF06254FF0000B04F1040AC4E9CA
:1057A000115BE562504684F843B0FFF7C7FBC5F1D3
:1057B000070504F11800FFF7C1FBC4F84CB02461E1
:1057C000A561646284F850B03A463146484600F01C
:1057D00051FC2060B8F1000F01D0C8F8004000F083
:1057E00071FC314B314F1A68314E01321A603D68FD
:1057F000002D4AD13C601B68012B1FD1B0464046AA
:105800000135FFF790FB072D08F11408F7D1DFF8F9
:10581000C880284D4046FFF786FB2846FFF783FBEC
:105820002548FFF780FB2548FFF77DFB2448FFF75D
:105830007AFB244BC3F80080234B1D60234A244984
:105840001368086801331360E26A0123934003433D
:1058500014200B6000FB02605146FFF772FB00F062
:1058600051FC1C4B1B6873B13B68DA6AE36A9A42CD
:1058700009D24FF0E0234FF08052C3F8042DBFF35C
:105880004F8FBFF36F8F01205FE7124B1A68E36AF7
:10589000002AD3D13A68D26A9A4298BF3C60CDE7D9
:1058A000484600F0F7FD4EE7E4000020E401002048
:1058B00058010020300100201401002000010020C8
:1058C000E80000202C01002028010020C800002052
:1058D000DC000020D80000204401002013B5174B45
:1058E0000193002416491748009423468022FFF7AD
:1058F0001DFF012814D14FF0500383F31188BFF32B
:105900006F8FBFF34F8F104B4FF0FF321A600F4B6A
:1059100018600F4B1C6002B0BDE8104000F060BC86
:10592000013008D14FF0500383F31188BFF36F8F1C
:10593000BFF34F8FFEE702B010BD00BFC0000020D4
:1059400068F20008795C0008C4000020D80000203C
:10595000E0000020024A136801331360704700BF63
:10596000BC000020014B1868704700BFE000002019
:1059700008B500F0A9FC014B186808BDE000002044
:10598000404B1B682DE9F74F002B74D13E4B1C6830
:1059900001341C60BCB93D4B1A68126842B14FF02B
:1059A000500383F31188BFF36F8FBFF34F8FFEE770
:1059B000374A1968106818601160364A1368013355
:1059C0001360FFF797FE344D344E2B68344FA342DB
:1059D0004FF0000B11D93A68D26A14214A43B258E9
:1059E000022A28BF4FF0010B2E4A1268002A0CBF72
:1059F0005846012003B0BDE8F08FDFF890A0DFF833
:105A0000AC90DAF8002012681AB94FF0FF322A6021
:105A1000E1E7DAF80020D268D2F80C80D8F8041058
:105A20008C4201D22960D6E708F10403184601939D
:105A3000FFF7A9FAD8F8281019B108F11800FFF7F4
:105A4000A2FAD8F82C00D9F80030012202FA00F1AD
:105A500019434FF0140CC9F800100CFB00600199B9
:105A6000FFF76FFA3868D8F82C10C26A914228BF45
:105A70004FF0010BC5E70C4A1368013313604FF078
:105A8000000BB1E7BC000020E00000202C0100204A
:105A900028010020CC000020C40000205801002074
:105AA000E4010020D0000020D4000020DC00002011
:105AB0002DE9F843314C236843B94FF0500383F389
:105AC0001188BFF36F8FBFF34F8FFEE700F0FAFA34
:105AD0002368013B236024682CB1002400F012FBF2
:105AE0002046BDE8F883264B1B68002BF5D0254DDA
:105AF000254EDFF8A4801FE0EB68DC6804F10409A0
:105B000004F11800FFF73FFA4846FFF73CFAE26A53
:105B10003168012707FA02F314200B4300FB0280CF
:105B200049463360FFF70DFA184BE26A1B68DB6ADF
:105B30009A4201D3164B1F602B68002BDCD10CB1AD
:105B4000FFF7D8FD134D2C6844B1114E0127FFF724
:105B500017FF00B13760013CF9D12C600C4B1B687A
:105B6000002BBAD04FF0E0234FF08052C3F8042D41
:105B7000BFF34F8FBFF36F8F0124AFE7BC0000204E
:105B8000E400002014010020DC000020E4010020DB
:105B9000D0000020D40000205801002010B540B9EA
:105BA0004FF0500383F31188BFF36F8FBFF34F8F14
:105BB000FEE741B94FF0500383F31188BFF36F8FB5
:105BC000BFF34F8FFEE7184B1B6843B14FF05003F4
:105BD00083F31188BFF36F8FBFF34F8FFEE7FFF79B
:105BE000B9FE124B04681A6863182CBF012100210A
:105BF00094420FD979B90360FFF75AFF48B94FF0C3
:105C0000E0234FF08052C3F8042DBFF34F8FBFF352
:105C10006F8F10BD09B99A42EDD203600021981A26
:105C2000FFF724FDE8E700BFBC000020E0000020F3
:105C300008B550B94FF0E0234FF08052C3F8042D5F
:105C4000BFF34F8FBFF36F8F08BD0A4B196841B187
:105C50004FF0500383F31188BFF36F8FBFF34F8F63
:105C6000FEE7FFF777FEFFF701FDFFF721FF0028B2
:105C7000E0D0E9E7BC00002008B5184E184C2368B6
:105C800073B9184B1B68012BF9D94FF0E0234FF083
:105C90008052C3F8042DBFF34F8FBFF36F8FEDE732
:105CA000FFF758FE3568FFF703FF002DE7D000F03F
:105CB00009FAF368DD68281DFFF765F90A4A1368D9
:105CC000013B13602368013B236000F01BFA286B43
:105CD00000F0E0FB284600F0DDFBD0E700010020EB
:105CE000FC00002058010020E4000020134B1A683B
:105CF000134B10B512B101221A6010BD1A60114B7E
:105D00001A68B2FA82F2D2B2C2F11F0214230E490B
:105D10005343C818CC580CB9FFF7FEFC446808334D
:105D2000646844600B449C4204BF6368436014236E
:105D300003FB02114B68DA68044BDDE7BC0000206E
:105D4000D0000020DC00002058010020E4010020E9
:105D500010B50C4640B94FF0500383F31188BFF3E0
:105D60006F8FBFF34F8FFEE7054B19681831FFF7B0
:105D7000F3F820460121BDE81040FFF777BC00BFD3
:105D8000E401002038B5C368DC6844B94FF0500323
:105D900083F31188BFF36F8FBFF34F8FFEE704F1DA
:105DA00018052846FFF7EFF8114B1B68E3B9251DCE
:105DB0002846FFF7E8F80F49E26A08680123934094
:105DC00003430B600C4B1420294600FB0230FFF705
:105DD000B8F80A4BE26A1B68DB6A9A4283BF084B39
:105DE00001201860002038BD06482946EFE700BFB3
:105DF000BC000020DC00002058010020E40100204D
:105E0000D00000201401002008B508B9FFF784FC79
:105E1000034B1B680360034B1B68436008BD00BF56
:105E2000CC000020E000002070B50D46044640B9CB
:105E30004FF0500383F31188BFF36F8FBFF34F8F81
:105E4000FEE741B94FF0500383F31188BFF36F8F22
:105E5000BFF34F8FFEE700F035F90E4B19682B6842
:105E60005A1C10D00C4A1068D4E90062864201D056
:105E70008A420DD9881A83420AD95B1A13442B60CF
:105E80002046FFF7C1FF002400F03CF9204670BD1A
:105E90000124F9E7E0000020CC000020014B0122A2
:105EA0001A607047D0000020054B1B6833B1054BCA
:105EB0001868B0FA80F04009400070470120704730
:105EC000D8000020BC0000202DE9F0410446002845
:105ED0002ED01E4DC36A2A68D26A934228D28269A4
:105EE0001B4F002AA1BF2A68D26AC2F10702826151
:105EF0001426426906FB03739A4216D100F1040886
:105F00004046FFF740F8134AA0B12B681168D86AE1
:105F1000E062012383400B4313601423414603FBDB
:105F20000070BDE8F041FFF70CB82B68DB6AC36274
:105F3000BDE8F081E06A4643BB59002BE5D1136808
:105F40000121814023EA01031360DEE7E401002020
:105F500058010020DC000020F8B5044608B90020F4
:105F6000F8BD224B1B68834208D04FF0500383F3E7
:105F70001188BFF36F8FBFF34F8FFEE79B6C43B960
:105F80004FF0500383F31188BFF36F8FBFF34F8F30
:105F9000FEE7C16A426C013B91428364DFD0002B73
:105FA000DDD1061D3046FEF7EEFF114F114A50B904
:105FB000E16A14234B43FB582BB9136801258D402C
:105FC00023EA05031360636CE362C3F10701A16177
:105FD0001168012404FA03F514200D4300FB03703B
:105FE00031461560FEF7ADFF2046B9E7E401002019
:105FF00058010020DC000020044B1A681AB119680F
:106000008A6C01328A641868704700BFE40100207E
:106010000A4B1B68013308D04FF0500383F31188FB
:10602000BFF36F8FBFF34F8FFEE74FF0500383F343
:106030001188BFF36F8FBFF34F8FFEE7240000205E
:1060400006480068006880F3088862B661B6BFF34E
:106050004F8FBFF36F8F00DF00BF000008ED00E03F
:10606000DFF80C00016841F4700101607047000026
:1060700088ED00E04FF0807340F8043C074B40F897
:106080000C3C21F001016FF0020340F8081C40F8BD
:10609000202C40F8243C4438704700BF11600008B1
:1060A000074B19680868B0E8F04F80F30988BFF320
:1060B0006F8F4FF0000080F311887047AFF30080BE
:1060C000E40100204FF0500383F31188BFF36F8F7A
:1060D000BFF34F8F0A4A13680133012B13600ED1AF
:1060E0004FF0E023D3F8043DDBB243B14FF050034F
:1060F00083F31188BFF36F8FBFF34F8FFEE77047B5
:1061000024000020084A136843B94FF0500383F37A
:106110001188BFF36F8FBFF34F8FFEE7013B136012
:106120000BB983F3118870472400002000000000A1
:10613000EFF30980BFF36F8F154B1A681EF0100F35
:1061400008BF20ED108A20E9F04F10604DF8043DA3
:106150004FF0500080F31188BFF34F8FBFF36F8F64
:10616000FFF7C4FD4FF0000080F3118808BC1968E8
:106170000868B0E8F04F1EF0100F08BFB0EC108AAE
:1061800080F30988BFF36F8F704700BFAFF30080C3
:10619000E401002008B54FF0500383F31188BFF3EA
:1061A0006F8FBFF34F8FFFF7EBFB28B14FF0E0236A
:1061B0004FF08052C3F8042D002383F3118808BDEB
:1061C000064B4FF47A721B68B3FBF2F34FF0E022F8
:1061D000013B536107231361704700BF300000206B
:1061E0004FF0E02313B5324AD3F8001D914208D195
:1061F0004FF0500383F31188BFF36F8FBFF34F8FBE
:10620000FEE7D3F8002D2B4B9A4208D14FF05003F4
:1062100083F31188BFF36F8FBFF34F8FFEE7264BD9
:106220001A78D2B20192FF221A701B78234ADBB28D
:106230008DF803309DF8033003F050031370204AAB
:10624000072313609DF803101368090626D41B0268
:1062500003F4E0631360019B174A4FF0E024DBB2C4
:106260001370D4F8203D43F47003C4F8203DD4F8F3
:10627000203D43F07043C4F8203DFFF7A1FF114BD0
:1062800000221A60FFF7ECFED4F8343F43F040439D
:10629000C4F8343FFFF7D4FEFFF7BAFE013B1360AA
:1062A0009DF803305B00DBB28DF80330CAE700BF16
:1062B00071C20F4170C20F4100E400E0EC01002008
:1062C000E801002024000020EFF305830F2B0ED9F6
:1062D000114A9B5C114A12789A4208D94FF0500338
:1062E00083F31188BFF36F8FBFF34F8FFEE74FF03B
:1062F000E0230B4AD3F80C3D126803F4E0639342A9
:1063000008D94FF0500383F31188BFF36F8FBFF3A9
:106310004F8FFEE7704700BFF0E300E0EC01002084
:10632000E801002010B5104B1A461B688342FBD3CE
:1063300054681119884201BF41681046091951601B
:10634000446801198B420CD1084909688B4203D07B
:1063500059682144416019680160904218BF10607B
:1063600010BD1946F8E700BF00020020FC01002024
:106370002DE9F0410446FFF7EDFA4049404D0B6826
:106380000BBB404A56071FBFD01D20F0070002F587
:106390000042131A0CBF4FF40043024613443A4E16
:1063A000083B23F00703002070603260C3E900005F
:1063B000981AC2E900300B60344B1860344B1860F7
:1063C0004FF000432B602E68264252D1002C43D060
:1063D00004F1080360071CBF23F007030833002BF8
:1063E00047D02B4F3C689C4243D3274A15686868C6
:1063F000984204D2D5F800C0BCF1000F15D109684D
:10640000A94236D02968D2F800801160C21A102A39
:1064100012D9E81841070BD04FF0500383F31188CD
:10642000BFF36F8FBFF34F8FFEE72A466546DEE767
:1064300042606B60FFF776FF14496A680868A41A27
:10644000844246EA02064FF000033C6038BF0C600D
:106450006E6008F108042B60FFF72AFB63070AD07F
:106460004FF0500383F31188BFF36F8FBFF34F8F4B
:10647000FEE70024F0E72046BDE8F081FC010020A3
:10648000F00100200802002000020020F40100209A
:10649000F801002010B5044670B3184A50F8043CC7
:1064A0001268134208D14FF0500383F31188BFF3F1
:1064B0006F8FBFF34F8FFEE750F8081C41B14FF0CC
:1064C000500383F31188BFF36F8FBFF34F8FFEE745
:1064D00023EA020340F8043CFFF73CFA084A54F868
:1064E000043C1168A4F108000B441360FFF71AFF85
:1064F000BDE81040FFF7DCBA10BD00BFF00100207E
:10650000F80100201E4B1B6807B513B11D4A106827
:1065100098471D481C4D1D4E1D4C06F0BBFA2846E1
:1065200006F0BDFA01A9304603F032FD284606F018
:10653000B1FA019B33B9234669221649164807F080
:106540009DFDECE71A78032A0CD0042A10D0022A09
:1065500012D1D3E90212586890470199092000F03E
:106560006FFBDCE7D3E90120904701990820F6E7AB
:10657000D3E901209047D2E723469B22DDE700BF05
:106580001482002010820020088200200C8200204B
:106590006DF200089DF20008BBF20008F8B507464E
:1065A00010480E46154606F055FA28B90E4B0F490D
:1065B0000F48B52207F062FD092000F025FB0446D4
:1065C00068B10223C0E901760370C5600146054841
:1065D00006F014FA28B12146092000F031FB4FF0F3
:1065E000FF30F8BD0C8200206DF20008E3F20008D5
:1065F000BBF2000891F82F3013F0180F14BF024AB5
:10660000024AFFF7CBBF00BFBDC80008BDBE0008EF
:10661000F8B5074613480E46154606F01BFA28B98A
:10662000114B12491248EE2207F028FD082000F015
:10663000EBFA044690B10323C0E9017603700146EA
:1066400008481DB106F0CEF90020F8BD06F0D6F9D5
:106650000028F9D02146082000F0F2FA4FF0FF3070
:10666000F3E700BF0C8200206DF20008E3F200089F
:10667000BBF2000837B505460C4600F040F8134B56
:1066800013481D60134B06211C6006F09BF930B1C6
:10669000114B1249124840F2D51207F0EFFC114895
:1066A00006F0EAF930B10C4B0F490D4840F2D9120F
:1066B00007F0E4FC032300930C490D484FF480637A
:1066C000002206F0EFF903B030BD00BF14820020B5
:1066D0000C820020108200206DF20008F0F2000809
:1066E000BBF200080882002013F3000805650008CB
:1066F00034F3000840BA80B2704700BA704708B55A
:1067000006F0AEF900F00CF800F070FA00F0BBFAF9
:1067100003F08EFC00F010FFBDE8084003F012BC4F
:10672000124B134A134823F0030310B513604FF4C0
:10673000C8621A6000221A710F4A03F5C86111601D
:106740000E4AC3F84026012283F844260C4A1360FF
:1067500006F092F940B1BDE810400A4B0A490B48D7
:106760004FF4CC7207F08ABC10BD00BF43820020FA
:106770003C82002030820020388200204006400603
:106780003482002041F3000870F30008BBF20008D7
:106790002DE9F0410446002800F09580830706D0DB
:1067A0004A4B4B494B484FF4D67207F067FC4A4FAF
:1067B0003B68A34273D8494B1B68A3426FD9484832
:1067C00006F068F914F8043CA4F1080533B93F4B0E
:1067D000444940484FF4E07207F050FC424E002319
:1067E00004F8043C3368AB423B6888BF35609D4287
:1067F00006D2364B3D49374840F25D1207F03EFC69
:10680000DFF8D880D8F800309D4206D32F4B3849A6
:1068100030484FF4AF7207F031FC14F8043C33B148
:106820002A4B34492B4840F25F1207F027FC34F81A
:10683000083CB3F5C86F06D9244B2F4925484FF4BF
:10684000B17207F01BFC3B6834F8081C5A189542DB
:1068500010D0107970B9D8F8000082420AD03068A0
:1068600082425A5A24F8082C1A44A5EB030108BFA7
:106870003560518034F8062C99188D420AD0087979
:1068800040B93068854208BF316034F8081C99521D
:106890000B445A80BDE8F041114806F000B90B4B9B
:1068A00016490C484FF4D77207F0E8FB3B68A34247
:1068B00003D80A4B1B68A34281D806F003F9BDE850
:1068C000F04106F00BB9BDE8F08100BF41F30008CC
:1068D0008BF30008BBF200083C82002038820020C5
:1068E00030820020C3F3000834820020D7F3000870
:1068F000EEF3000808F4000823F40008ACF30008E5
:106900002DE9F04103314FF6FC740C400B2C054689
:1069100004D9B4F5C86F02D900251DE00C24DFF8B6
:106920000C81D8F80030AB4203D8394B1B68AB421E
:1069300006D8384B3849394840F2F31207F09EFB2D
:10694000D8F80030AB4203D8314A1268AA4206D8C0
:1069500006F0B8F806F0C2F82846BDE8F08135F830
:10696000087CA5F10806F61AB6B2083FBF1BBFB2F5
:10697000A74228D3F0D02A4806F08CF8D8F8003087
:1069800035F8081C03EB010C9CF804201ABB2548C1
:106990005F5A06F108022244046891B2644513FA72
:1069A00082F208BF0260002010715F52568025F805
:1069B000081C5A5AB2F5C86F01D01A4451801848C1
:1069C00006F06DF8C8E7134B1749144840F2062249
:1069D00007F054FBA0E704F1140292B2BA42EED8D9
:1069E000104806F1080207681444A2B213FA84F4AE
:1069F000A74288BF0460002020719952668025F864
:106A0000082C995AB1F5C86F1CBF5B185A80D6E79D
:106A10003882002041F300084DF40008BBF2000862
:106A2000308200203482002064F400083C82002080
:106A30002DE9F04140B103304FF6FC7404400B2CBB
:106A400004D9B4F5C86F02D900205CE00C243748A3
:106A5000374F06F01FF8374B3A681968531A9BB244
:106A6000C4F5C8666FF00708B34203D32F4806F099
:106A700016F8E9E7CD1831F803C095F804E0BEF147
:106A8000000F51D1A8EB03006044A0424CD304F1A5
:106A90001406B04239D304F10800184486B211FA42
:106AA00080F080F804E021F806C0438001232E80A6
:106AB0002B718B5BB3F5C86F01D00B445E80AA428B
:106AC0001D4E25D0194805F0EAFF083433682C44E0
:106AD000A34206D2194B1A491A4840F2D32207F0B2
:106AE000CDFAAB070DD0154B1749164840F2D52209
:106AF00007F0C4FA114B1549124840F2D72207F0AB
:106B0000BDFA05F10800BDE8F08101232B71D6E73D
:106B10003368107930B1934201D13B60D2E71288DB
:106B20000A44F6E73A60CDE763469DE730820020ED
:106B3000348200203C8200203882002041F300088B
:106B400084F40008BBF20008B4F40008E3F4000881
:106B500038B5044605F0B6FFA3681C6805465CB16D
:106B600022681A60A30706D0054B064906484FF471
:106B7000A47207F083FA284605F0B0FF204638BD1E
:106B800006F5000836F50008BBF2000838B58B079B
:106B900005460C4606D0084B084909484FF4CE720A
:106BA00007F06CFA05F08EFFAB681A6822601C6073
:106BB000BDE8384005F092BF06F5000859F5000819
:106BC000BBF200084368816830B500220333448873
:106BD0000A6023F00303944200DC30BD0D681D60A1
:106BE00005880B6001322B44F5E7000038B5054DF0
:106BF0000D24013C55F8040BA4B2FFF7E3FF002C71
:106C0000F7D138BD880D01080C2808B506D8084B07
:106C100053F82000BDE80840FFF79ABF054B06492E
:106C2000064840F2871207F029FA002008BD00BF8D
:106C3000880D010806F5000879F50008BBF2000888
:106C40000C2806D9064B0749074840F2DB1207F02B
:106C500015BA21B1054B53F82000FFF797BF7047D5
:106C600006F5000896F50008BBF20008880D01083B
:106C70004368014633B190F82F301B0702D5043129
:106C800004F04EBE7047704773B505460C46B9B167
:106C90000B680193019A6B689A420FD02E1D01A9CF
:106CA000304601F0CBF901A9304603F085FB04B171
:106CB00024686C6001212846FFF7DAFF02B070BD3E
:106CC000014B1B68E5E700BFB00E010870B5064632
:106CD00015461C4609B10B684BB93046FFF7D4FF87
:106CE00005B12D68B56004B12468F46070BD02B1CF
:106CF0001568B56004B12468F4603046BDE87040A2
:106D0000FFF7C2BF2DE9F843DDF8249004460E4694
:106D100017469846B9F1000F05D1164B164917488A
:106D2000FB2207F0ABF9164A032384F82430089BB2
:106D3000E361137884F832300025591C0A9B1170E6
:106D400023612046C4E90155E56084F82F5025628F
:106D500043463A463146FFF7B9FF2046C84730B9A7
:106D6000084B1A6822601C602046BDE8F8832C4658
:106D7000FAE700BFB1F50008E2F50008BBF2000831
:106D80007BB9002080B90020014B1860704700BF1C
:106D90007CB9002090F82F20D10708D442F00101DF
:106DA000530780F82F1002D50321FFF761BF70470A
:106DB00090F82F20D10707D522F00101130780F8A2
:106DC0002F1001D504F0E8BC7047000070B570BB0F
:106DD0001F4B2049204840F23F2207F04FF9002086
:106DE0000BE02546067B43680EB1032E06D15B1AE5
:106DF00000F1100293420AD2012070BD013E012E23
:106E000010D800290BDA4289AA42F5D35B1A4360F5
:106E100043892344438103891C440481DFE7002A1A
:106E2000F4D1E9E70A4B0D4940F277220CE0002942
:106E3000D5D08CB2D5DA43896542ADB2AB42D1D25E
:106E4000034B074940F24722034807F017F9D3E7FD
:106E5000F9F500087BF70008BBF2000847F60008C8
:106E600029F6000810B505F02DFE084B00221A7017
:106E700005F034FE064B1C682CB1206F20B100F0E9
:106E8000D5FB0023236710BDE468F5E784B9002033
:106E90008CB9002038B50C4D05F014FE2C78012378
:106EA000E4B22B7005F01AFE64B908482246214668
:106EB000FFF7AEFB30B105F005FE2C70BDE83840A1
:106EC00005F00CBE38BD00BF84B90020656E000817
:106ED00070B50428049C0BD8104D285CBDF81450E4
:106EE000033020F003000E18AE4209D9002070BD17
:106EF0000B4B0C490C4840F2C51207F0BFF8F5E700
:106F000000251D6004B1044402201A730122587345
:106F10005C6019815981DA811846E8E7580E01084A
:106F2000F9F5000855F60008BBF200080022FFF74B
:106F30004DBF0122FFF74ABF2DE9F047044650B983
:106F40002C4B2D492D4840F2D22207F097F82546C8
:106F50002846BDE8F087037B032B06D9254B28493B
:106F600026484FF4377207F089F8DFF88880DFF899
:106F70009890DFF888A0002505F0A4FDE389074676
:106F800033B9434640F2EB224946504607F076F8C3
:106F9000E689013EB6B2E681384605F09FFD002E37
:106FA000D6D1627B2668237B920711D5236933B93A
:106FB000104B1449114840F2F92207F05FF8236999
:106FC000204698470135EDB2002EC1D03446D3E7B4
:106FD000032B04D121460C20FFF732FEF2E7013BE0
:106FE000012B02D821460B20F6E72046FFF7D0FB05
:106FF000E8E700BFF9F500087BF70008BBF20008DE
:1070000079F60008A4F600088EF6000804282DE999
:10701000F84F0E46174618D85D4B022A1D5C0DD856
:10702000002A00F098800B20FFF7EEFD0446D8B14F
:1070300000234360068146810360A6E0032A0CD04A
:10704000544B55494FF4C67203E0524B53494FF429
:107050008B72534807F012F806E00C20FFF7D4FDBE
:10706000044628B9FFF716FF00242046BDE8F88F34
:10707000002303604319033525F00305C5F5147596
:10708000B54203F1130328BF354623F0030307730A
:10709000436000F518772B449F420681458106D254
:1070A0003C4B40493E484FF4977206F0E7FF0123FE
:1070B000E3816389DFF8DC80DFF8F0A0DFF8E0909F
:1070C000F61AA346002E04DC0123E3810023637338
:1070D000CBE70C20FFF798FD054628B9FFF7DAFE4D
:1070E0002046FFF729FFBFE70323838100230360C6
:1070F0004FF6FE739E42CBF8000006DD43464FF488
:10710000A6725146484606F0B9FFB3B2B3F5147FF4
:107110002B8128BF4FF414736B8105F110036B6052
:107120009B0706D02049434640F25112484606F0DC
:10713000A5FF6289636813449F4206D219494346FA
:1071400040F25312484606F099FF0123EB816B8908
:10715000AB46F61AB6E705F11300CB1C23F0030388
:1071600020F00300184480B29842FFF47DAFFFF78F
:107170005FFC044600283FF477AF0544133525F043
:107180000305456006814681076027739CE700BFC1
:10719000580E0108F9F5000852F70008C5F6000876
:1071A000BBF20008E0F6000825F7000811F7000818
:1071B0002DE9F0470E46044630B9294B29492A48A3
:1071C00040F2F31206F05AFF237B032B06D9244B1F
:1071D000264925484FF4FA7206F050FF2789B74236
:1071E0003BD9DFF87C80DFF88CA0DFF87C90354657
:1071F0006289AA4218D3237B3BBBAA4225D0637B7A
:107200009B0722D46168091B2944204689B2FFF7F5
:1072100077FB0446C8B9124B1549134840F21D22AA
:1072200006F02CFF6481FFDEAA1A95B22289F31BB7
:10723000134423812468002CDAD1434640F20F2204
:107240005146484606F01AFFD2E72068658125813D
:1072500008B1FFF771FE00232360BDE8F08700BF8F
:10726000F9F500086DF70008BBF2000885F7000883
:10727000B8F70008A0F7000800235A1C08B998B214
:10728000704700681346F8E710B5044688B105F06A
:1072900019FCE3890133E38105F020FCE38943B95C
:1072A000BDE81040034B0449044840F2393206F06F
:1072B000E5BE10BDF9F50008D4F70008BBF20008E0
:1072C00070B50D46044600B161B9BDE87040144B7D
:1072D000144915484FF4537206F0D0BE29890B4467
:1072E0002381144622682389002AF7D162899A42B1
:1072F0000FD00B4B0D490C4840F2553206F0BEFE44
:10730000236833B1064B0A49074840F2563206F06B
:10731000B5FE2A89238925601344238170BD00BFEF
:10732000F9F50008E6F70008BBF200081BF80008B2
:1073300048F8000810B50C46FFF7C2FF2046BDE82C
:107340001040FFF7A1BF00002DE9F84F0C4605469D
:1073500020B119B102890B899A420AD2364B3749BA
:107360004FF46F72364806F089FE6FF00F00BDE8EB
:10737000F88F4FF0000BDFF8C080DFF8D4A0DFF803
:10738000C0905F466E89638968686168F61BA3EBED
:107390000B039E42ACBF9EB2B6B23246594438444B
:1073A00007F051F837446B89BFB25E44BB421FFA05
:1073B00086FB06D2434640F2CD325146484606F09F
:1073C0005DFE63895B4506D21E49434640F2CE32DC
:1073D000484606F053FE63895B456B899CBF246871
:1073E0004FF0000BBB4208D12D682DB914B3124BDE
:1073F00015494FF47672B5E700277CB1628923897D
:107400009A420BD123684BB10B4B40F2DD320F494E
:107410000B4806F033FE6FF00500A8E76A892B8958
:107420009A4205D12B681BB1034B40F2E232EEE7E2
:10743000002CA7D120469AE7F9F5000858F8000873
:10744000BBF200089FF80008BAF80008C7F8000867
:1074500088F800082DE9F0410F469046054650B9DE
:10746000194B1A4940F2FE32194806F007FE002671
:107470003046BDE8F08129BB134B164940F2FF327C
:10748000F2E76C893BB19C4205D81B1B2D689BB26F
:10749000002DF6D1ECE7E41AA4B24445696828BF90
:1074A000444622461944B81906F0CDFF26442D68FB
:1074B000A8EB0404B6B21FFA84F80023B8F1000F59
:1074C000E6D1D5E70026F9E7F9F50008F1F800085C
:1074D000BBF2000810F9000810B5044630B9134B90
:1074E0001349144840F24D1206F0C8FD237D042BC9
:1074F00003D0072B0CD0032B08D1204602F080F9D3
:1075000060B905232375204602F0D0F9002010BD94
:10751000204602F075F908B90923F3E7431CF6D1B8
:10752000A37E43F00803A376F0E700BF33F9000819
:1075300062F90008BBF200087047000070B505460C
:10754000038DC16A426A6E8E581AB6F5866F104472
:1075500094BF841BA0F58664002C0FDA531A002B0D
:107560000EDC8C1AB4F5803F06D3074B0749084858
:107570004FF4427206F082FDA3B200206B8570BD0D
:1075800000231846FAE700BF33F900086EF9000837
:10759000BBF2000838B5037D012B04460D4606D129
:1075A000174B1849184840F21F3206F067FD238D2B
:1075B000E91889B2B1F5066F218511D94FF4066338
:1075C00023852046FFF7BAFFB0F5067F17DBA37EC1
:1075D00043F00203A3762046BDE8384002F066B9C6
:1075E0000029EED1237D072BE8D0092BE6D0044BF0
:1075F0000649054840F22D3206F040FDE1E738BD6E
:1076000033F9000888F90008BBF20008AEF9000859
:1076100010B5044648B1406808B1FFF78DFC21461B
:107620000320BDE81040FFF70BBB10BD10B500B93B
:1076300010BD0468FFF7ECFF2046F8E738B50446B4
:107640000320FFF7E1FA054660B12346024604F144
:10765000100153F8040B42F8040B8B42F9D168680F
:10766000FFF712FE284638BD38B5037D012B0446CE
:1076700019D90A2B17D0406F18B1FFF75DFC002312
:107680006367206FFFF7D2FF00254FF6FF73A06EF0
:1076900023862567FFF7CAFFE06EFFF7C7FFC4E93F
:1076A0001A55A4F8645038BD2DE9F04FB04DDFF8FD
:1076B000F4922B68AF4EB04F013385B02B6099F830
:1076C0000030013389F8003034684FF000086CB99D
:1076D000AA4FDFF8A4823E68DFF8CC92DFF8A4A2BC
:1076E000002E40F0888105B0BDE8F08F237D33B9CE
:1076F000A349A4483B464FF47C7206F0BFFC237DAF
:10770000012B06D1A0499F483B4640F2F13206F0DA
:10771000B5FC237D0A2B06D19C499A483B4640F292
:10772000F23206F0ABFC99F80030627F9A4201D148
:10773000E468CCE7217D94F842206377022940F089
:107740008980052A00F2D08094F89500002800F086
:1077500095808F4B034413F8012C94F89430934296
:107760007AD3204602F006FB00287CD04FF0000BB5
:10777000237D062B0BD1A27ED10608D52A68216A6B
:10778000521A282A84BF0BF1010B5FFA8BFB227A75
:10779000120705D5042B00F0AA80072B00F0A78064
:1077A0004FF0000A206F68B12B68226A9A1AB4F968
:1077B000403003EB4303B2EB430F03D3FFF736FF35
:1077C00000232367237D032B40F0BE802B68226AB1
:1077D0009B1A282B03D8BBF1000F00F0E98020464C
:1077E000D4F88CB0FFF740FF3368B8F1000F00F019
:1077F000B380A34206D1604B6649624840F2894299
:1078000006F03CFCE368C8F80C30BAF1000F09D070
:10781000238B0193E38A0093616AE06C231D224667
:1078200002F0BAF92369D4F80CA003932146012091
:10783000594CFFF705FA00232370BBF1000F07D066
:1078400003986FF00C01D8472378002B7FF43CAFEE
:1078500054463CE70B2A75E70133DBB2934284F8C8
:10786000943083D37DE794F8953084F89400062B08
:107870003FF67CAF013384F8953077E7B4F93030C8
:10788000002BA4BF01332386E36E002B3FF46EAFC1
:10789000B4F93000B4F940309842FFF667AF0229DE
:1078A0000AD0B4F93C10B4F93E3003EBE1033B4994
:1078B0008A5C9340A4F840300023B4F84820238623
:1078C000B4F85C30618EA4F84810934228BF134688
:1078D0004A005B0892B2934238BF1346A4F84A307C
:1078E000204602F0B3F941E74FF0010B40E7236A6D
:1078F0002968C91AD4F8903003F5242202F6B84258
:107900004FF4FA70B2FBF0F2914206D90BF1010B81
:107910005FFA8BFB4FF0010A44E794F89620DFF8FA
:107920008CC00CFB0233B3FBF0F399427FF638AF07
:10793000204602F0F5F900287FF432AF94F8963033
:10794000013384F896302BE7092B7FF444AF2B6882
:10795000226A9B1AF02B3DE7A34206D01049094842
:107960003B4640F28D4206F089FBE36833604CE70A
:1079700098B900208CB9002033F9000888B900209C
:10798000CFF90008BBF20008F9F9000823FA000853
:10799000700E010850FA000887B90020770E010820
:1079A0007BFA000885B90020A5FA0008F824010038
:1079B000E37E227FD4F80CA00133DBB29A42E37657
:1079C00001D9A04644E7DFF8AC80D4F8883084F8C9
:1079D0001BB088F800B01BB9204601F067FFF0E744
:1079E00020692146984798F80030002B7FF46CAE50
:1079F0000028E6D1F0E7337D0A2B06D0434640F25B
:107A0000BD424946504606F039FB2B68326A9B1A44
:107A1000F02B02D83446F66862E63046FFF724FEC3
:107A20003B6894B1B34206D10E4B0F490F4840F268
:107A3000CB4206F023FBF368E360D6F80CB0314686
:107A40000120FFF7FDF85E464AE6B34206D0054B3B
:107A50000749064840F2CF4206F010FBF3683B604E
:107A6000EBE700BF33F90008D4FA0008BBF20008C6
:107A7000FBFA000887B9002003688B4210B50C465A
:107A80001FD1CB6803600023E3602046FFF7ECFDC5
:107A9000237D0A2B1DD1A36E6BBBE36E33B11A4B52
:107AA0001A491B4840F2547206F0E8FA236FF3B10A
:107AB000154B1849164840F2567206F0DFFA16E0E8
:107AC0001346002BDFD0DA68A242F9D1E268DA600F
:107AD000D9E7012B0BD0A37EDA07DCD543F00203F4
:107AE000A376204601F0E2FE237D012BD3D10023B3
:107AF0002375E38210BD044B0749054840F25372D9
:107B000006F0BCFAC9E700BF33F9000839FB0008EA
:107B1000BBF2000852FB000821FB000837B5044601
:107B2000037D002949D0042B01D0072B45D1636F79
:107B30001BB9238DB3F5066F7CD0A37EDB0606D47C
:107B40003F4B4049404840F20F1206F097FA238B12
:107B50000193E38A00932246231D616AE06C02F0E0
:107B60001BF82046FFF780FD384A1368A34215D161
:107B7000E36813600023E360354B01221A70237D14
:107B8000042B13D10A232375324B1A68E2601C6060
:107B900002F0A2F9002003B030BD1346002BE9D05B
:107BA000DA68A242F9D1E268DA60E3E72A4B1B689F
:107BB000A34212D101F0EEFCECE7012B1BD0022B0B
:107BC0002FD0002B36D1E38A3BB1244A1368A3425D
:107BD00009D1E36813600023E36021460120FFF729
:107BE0002FF8D7E71346002BF5D0DA68A242F9D177
:107BF000E268DA60EFE71A49002051F8042F1268B2
:107C00004AB90133042BF8D116482146FFF734FF57
:107C100021460220E3E7956FAC4208BF9067D26827
:107C2000EEE70A482146FFF727FF094B01201870AD
:107C30002146D4E7204603B0BDE83040FFF74CBCF6
:107C400033F9000869FB0008BBF200088CB900207A
:107C500087B9002088B900209CB9002094B9002081
:107C6000600E010890B90020037D012B1EBF837EAA
:107C700043F0100383760121FFF750BF10B508468B
:107C800014463AB11189FFF785FC2046FFF754F9F5
:107C9000002010BD002BFBD1BDE81040FFF7E4BF72
:107CA000F8B5466FD0F88050777B002304464367D1
:107CB000DDB1014632460069A8470546E0B9BB067A
:107CC00011D5238DD4F88060B3F5066F1CBF013346
:107CD000238546B1002320691A462146B0470D305E
:107CE00001D16FF00C052846F8BD01462B463246FF
:107CF0002846FFF7C3FFE0E70D35F2D066676FF067
:107D00000405F0E72DE9F8431B4D1C4F2B781C4E62
:107D100001332B703C684FF000080CB9BDE8F883C4
:107D20002B78627F9A4224D06377A37ED90709D546
:107D300043F00203A376204601F0B8FDA37E23F0B2
:107D40000303A376A37E1A0705D523F00803A376C1
:107D50002046FFF7C1FB636FD4F80C903BB120467F
:107D600086F80080FFF79CFF3378002BD2D14C4679
:107D7000D3E7E468D1E700BF85B900208CB90020C3
:107D800087B9002008B5FFF7BDFF064A1378013315
:107D9000DBB21370DB0703D5BDE80840FFF784BCF6
:107DA00008BD00BF86B900202DE9F347037D012BF4
:107DB00004460E4606D1314B3149324840F2DF12BB
:107DC00006F05CF9237D0A2B0AD121462E48FFF7E5
:107DD00053FE2146012002B0BDE8F047FEF730BF58
:107DE000D4F84C90D4F824A0D4F88C70D4F8108037
:107DF000E58A002B37D125BB00252E46E06E08B161
:107E0000FFF714FCA06E08B1FFF710FC206F08B15B
:107E1000FFF70CFC46B1238B2246CDE900535146B7
:107E2000231D484601F0B8FE21460120FEF708FF59
:107E30000FB36FF00C0140463B4602B0BDE8F0477F
:107E40001847124A1368A34205D1E3681360002360
:107E5000E360D1E71346002BF9D0DA68A242F9D1EA
:107E6000E268DA60F3E70A482146FFF705FE094BAE
:107E700001221A70C2E702B0BDE8F08733F90008AA
:107E800082FB0008BBF2000888B9002094B90020EA
:107E90008CB9002087B900200121FFF785BF38B5D4
:107EA0000446084600B938BD02682368C5689A428E
:107EB00001D1FFF7F1FF2846F4E700000C4B1968E9
:107EC0000C4B30B400221D680446104619B968B145
:107ED00030BCFFF769BF0B7DA34205D10B6AEB1ADB
:107EE000934224BF1A460846C968EFE730BC704782
:107EF0008CB9002098B90020F8B504460120FEF79F
:107F000083FE374D034688BB364A2E681268002A26
:107F100050D113B11846FFF7BFFF0120FEF774FEE2
:107F2000034618BB0920FFF7C9FF0120FEF76CFECE
:107F30000346D8B90820FFF7C1FF0120FEF764FE11
:107F4000034698B9284AD5F800C012687F2C20460D
:107F50001E4628BF7F20002A35D113B11846FFF7EF
:107F60009BFF0120FEF750FE034608B398221846F7
:107F7000002106F0E3F94FF48662A0F860201B4A66
:107F80008262FF2282720622A0F84020C287184A2D
:107F900002632A680262174A447512784277164AC9
:107FA0008264164AC0F88020154AC0F89020034623
:107FB0001846F8BD116A711A814234BF0146134652
:107FC0000846D268A3E7577D874207D8116AACEB11
:107FD0000101B14222BF38460E461346D268BAE7C5
:107FE00098B9002088B900208CB90020600860088A
:107FF000FFFF180285B90020010030047D7C0008D5
:1080000000DD6D00034B044A1868126810441860C4
:10801000704700BF2800002098B9002010B5044622
:10802000084603F01FFF30B1C38C23B1283B9BB23D
:108030009C4228BF1C46204610BD000038B50D46A6
:10804000044680B1036873B10C4B1968FFF727FF32
:108050000B4B20461968FFF722FF25B12B6813B19F
:10806000084B1B6803B938BD18682168DA68884274
:1080700004BF296819601346F4E700BF8CB90020DB
:1080800094B9002090B90020F8B5C36805469889D6
:108090000C46FEF72FFBC20713D4174EE7682B8957
:1080A00030687968228903445B1A9A1A002A0EDA2A
:1080B000002B0ADD091A89B268682981FFF778F870
:1080C00003E02046FFF7B2FA00242C60F8BDB8891F
:1080D000FEF710FBC30707D5EB6801209F89FEF769
:1080E00009FBEB6807439F8127682046FFF790FA5A
:1080F000002FE9D03C46D1E7B0B900202DE9F14F7F
:10810000037D032B044606D8814B824982484FF4F5
:10811000816205F0B3FF814B814E1B783168D80630
:1081200040F16F81D4E9140C7E4DB4F85C802B686B
:10813000471A002F0CDB884203D1ACEB0300002868
:1081400006DB9C451AD178480068C089404515D99E
:108150007548B4F85EE00068C089A4F85C0087B296
:10816000BE45C4E9141338BFA4F85E0094F8951016
:108170008FBB19B94FF48071A4F89410606C6B4FE9
:10818000191A002936DC6A49098879BB626DB4F88E
:108190005C10114408EB0C02914227D1B4F9302055
:1081A000002A23DB984221D194F84330FF2B1CBFD7
:1081B000013384F8433094F84330032B11D9B4F8D9
:1081C0004820638E13449BB29A4201D2A4F84830EF
:1081D000DFF844B108E10029D0D0002184F89510DF
:1081E000CCE7F5D1204601F076FDF1E7002384F8D5
:1081F0004330EDE7E26C9A1A002A00F38580A27EF4
:108200006364510741BF22F00402A276B4F84A2009
:10821000A4F84820B4F93C10E28F237D02EBE10280
:10822000A4F84020032B4FF00002A4F842200FD9FD
:10823000B4F84820B4F84A10638E91429CBF5B4367
:10824000B3FBF2F313449BB29A4201D2A4F8483034
:10825000DFF8E4A0DFF8C0B04AE0DB685868FEF75A
:108260004CFAE26EB2F80880D26881469089FEF737
:1082700041FA2A6810F00300A8EB020818BF012099
:10828000C8448044B8F1000F35DCD4F86C80B4F8F1
:108290006290D8F80030D8F80400E366FEF7ECFFEF
:1082A000814506D21A4B40F29E425146584605F08F
:1082B000E5FED8F80400FEF7DFFFB4F862303A8834
:1082C0001B1AA4F86230B8F80830404613443B80CB
:1082D000FFF79EF9B4F8623053B1E36E43B9A36E71
:1082E00033B90B4B13490C4840F2A64205F0C6FEC9
:1082F000E36E002BB1D1E36EB3FA83F35B095B420B
:1083000023860023E37663E7204601F09BFA5FE7CC
:10831000B3FB0008E5FB0008BBF20008A5B900208C
:10832000B0B90020ACB90020C0B90020A8B9002025
:10833000A6B9002026FC0008FEFB0008DB68D5F883
:1083400000805868FEF7D9F9A16EB1F808A0C96895
:1083500081468889FEF7CEF9A8EB0A0810F00300E1
:1083600018BF0120A8EB0908A8EB0008B8F1000F1E
:108370003DDB2B68E26C9B1A002B38DCD4F868805C
:10838000D8F80030A3660BB9A4F86430D8F804001C
:10839000B4F86290FEF770FF814506D2A74BA8495A
:1083A00040F2D542584605F069FED8F80400FEF7C1
:1083B00063FFB4F862303A881B1AA4F86230B8F848
:1083C0000830404613443B80FFF722F9B4F862308E
:1083D00053B1E36E43B9A36E33B9984B99499A48A8
:1083E00040F2DC4205F04AFEA36E002BA6D1B4F8A1
:1083F00060303A881344A4F86030636B002B40F07F
:108400003581924F33683888626A002800F01D83F6
:10841000217D062900F21983A2EB030ABAF1010FAC
:1084200000F15E81C3F10101091A1144002900F332
:108430005781DFF82C82D8F80450D14635B97F4BEC
:108440008349814840F23C5205F018FE47F6FE731E
:108450009A4506DD794B7F497B4840F23D5205F055
:108460000DFED8F80400438953451FFA8AFB80F2B9
:108470002B810389534506DA704B7749724840F2E5
:108480003F5205F0FBFDD8F804301B89A3EB0B032A
:108490009BB200216A894A45C0F21081C9F10001EE
:1084A00009B22846FEF742FD30B1644B40F24C520F
:1084B0006A49654805F0E2FDB8F808103368626A59
:1084C00032600B449B1AA8F80830D8F80C305A6078
:1084D0003168626A8B1A002BC0F2B182208D4B1C6E
:1084E0009B1A1B1A002B00F3AA82914240F0C6810E
:1084F0005B4DEB68B5F808809889FEF7FBF810F043
:10850000030018BF0120228D08EB00039BB29A42A2
:108510003B8042D2EB689889FEF7ECF8C2070FD592
:10852000EB68B3F80C804046FEF7E4F800F03E003C
:10853000FEF7E0F828F47C58EB6840EA08009881E0
:10854000238D2B81EB689889FEF7D4F8830748BF09
:108550002B89686844BF03F1FF332B812989FEF71B
:1085600027FEEB68B5F808809889FEF7C3F810F08D
:10857000030018BF01203268616A08EB00039BB258
:108580003B801344228D0A44934206D02B4B35493D
:108590002D4840F27E5205F071FD236F002B00F054
:1085A000AE80EB689889FEF7A5F8C00700F1A480BB
:1085B000D4F8708030683B880344B8F1000F3AD09B
:1085C000D8F80CC0B8F80810DCF804201144591A87
:1085D000002980F2C1809B1A002B2CDDEB68121A57
:1085E0002A819889FEF786F8830748BF2B89686837
:1085F00044BF03F1FF332B812989FEF7D9FDEB68D6
:10860000B5F808909889FEF775F810F0030018BFC8
:108610000120326809EB00039BB23B801344D8F879
:108620000C205268934206D0044B0F49064840F292
:10863000AE5205F023FDC4F8708060E0B3FB000883
:10864000FEFB000826FC0008BBF20008A6B90020CB
:1086500046FC000856FC000865FC000875FC000894
:10866000C4B9002088FC0008BFFC0008A26B296880
:10867000521A002ABFF6C5AE9E4AB4F93C7015885E
:108680009BB2C7F3CF01EA1A521A10B20028BCBF3E
:108690005B1BC918B4F93E30B8BF08B2A3EBA30303
:1086A00017FA82F2034412B29BB2E38703EBE203B0
:1086B000A4F840300023A2876363A2E62B8169817E
:1086C000A9EB02092D68E5E6CBF1000109B2FEF73E
:1086D0002DFC00283FF4F0AE874B40F25152E7E604
:1086E0009B1A002BBEBFA37E43F00203A376EFE6E6
:1086F00003682367FEF78CFF206F0028F8D13A88C3
:10870000336813446362238D934206D27A4B7B49CC
:108710007B4840F2B95205F0B1FC238D3A889B1A90
:1087200023852046FEF70AFF6B681A891AB1754A3D
:10873000136000236B60EB689889FDF7DBFFC507CA
:1087400004D5714A137843F0200313706A4FDFF8A1
:10875000C081DFF8AC917CE0BCF80C00FDF7CAFFEB
:10876000C1071BD5EB689889FDF7C4FF820715D4B4
:10877000EB680120B3F80C90FDF7BCFFEB6849EA09
:108780000000988180B2B5F80890FDF7B3FF10F0B3
:10879000030018BF01208144A7F80090D8F800908A
:1087A0004046FEF735FFC84604E733609089B5F8C8
:1087B00008A0FDF79FFF636AB5F808B010F003004A
:1087C00018BF01209A445044EB6860629889B4F85D
:1087D00028A0FDF78FFF10F0030018BF01205844B8
:1087E000824506D23B4640F2DD524146484605F0FE
:1087F00045FCEB68B5F808A09889FDF77BFF10F001
:108800000300238D18BF012050441B1A23852046E6
:10881000FEF794FE69680B8933B13A4B186838B398
:10882000FEF74EFD00236B60EB689889FDF762FF51
:10883000C00709D5344A137843F020031370237D11
:10884000042B04BF072323752B6823672846FEF7F4
:10885000DFFE256F25B1EA68616A53688B42A4D0B8
:10886000A37ED90706D523F0010343F0020303E0FA
:108870001960D7E743F00103A37608E0204600F033
:10888000E1FF256F35B92148FEF7D8FE206701B01A
:10889000BDE8F08F33684FF0000803F1FF3E03F1AD
:1088A000010CE86842689A4217D118482B8902895E
:1088B0009A42ECD9FEF7C2FE0028E8D0B8F1000FCA
:1088C00009D0C8F80000294601B0BDE8F04FFFF715
:1088D000DBBB0D46E5E72067F5E7B8F1000F19D1DE
:1088E000991A00293EDA0948FEF7A8FE0028CED0E2
:1088F0002067E8E798B90020B3FB0008FAFC0008FD
:10890000BBF20008A0B90020A4B90020C4B900201F
:1089100019FD0008D8F80C104968AEEB01010029D8
:1089200020DBACEB020100291CDC4E48FEF786FE82
:1089300004460028ABD0D8F80C3031685A68B8F833
:10894000083013445B1A002B07DD891A89B2D8F866
:108950000400A8F80810FEF72BFCC8F800402946D0
:108960002046B1E72968A8460029B2D19B1A002BFE
:108970008DDD8089FDF7BEFEC20788D43948FEF739
:108980005DFE2860002882D0EB6831685A682B8928
:1089900013445B1A002B05DD891A89B268682981A6
:1089A000FEF706FC32683B881344626A9B1A228DEC
:1089B0009B1A002B7FF76BAF2B68DB689889FDF75C
:1089C00099FEC30711D52B68DB68B3F80C804046CD
:1089D000FDF790FE00F03E00FDF78CFE2B6828F4BA
:1089E0007C58DB6840EA080098813268218D2B684A
:1089F000891A626A5868114489B21981FEF7D8FB56
:108A00002B681D89DB689889FDF774FE10F0030060
:108A100018BF01203268616A2B189BB23B80134457
:108A2000228D0A4493423FF432AF0F4B0F49104856
:108A300040F27A6201B0BDE8F04F05F01FBB20465E
:108A400001B0BDE8F04F00F0FDBE991A002906DB29
:108A500001339B1A228D9B1A002B7FF718AFA37E40
:108A600003E700BFC4B90020B3FB000888FC00087E
:108A7000BBF200080B4B0C4918680B885A1C10B548
:108A800092B218B1094C24889C4205D908480A8042
:108A900000680344187D10BD1B1BDBB20A80C05C5C
:108AA000F9E700BFB8B90020B4B90020BCB9002074
:108AB000C0B90020F8B5194B1D8806466DB3184C97
:108AC0000023238026E0FFF7D5FF012822D00228CB
:108AD00008D010B3FFF7CEFF01281ED92388023B30
:108AE0000344EEE7FFF7C6FF042816D123880133BD
:108AF000AB4212DAFFF7BEFF0702FFF7BBFFBFB2C0
:108B000040EA07039BB25A1EB2F5067F28BF4FF416
:108B1000067373862388AB42D5D3F8BDBEB9002057
:108B2000B4B9002010B50D4B1B78044613F01000AB
:108B300012D0A37EDB0606D4D4F88C301BB120699A
:108B40006FF00E01984706482146FEF795FF012079
:108B50002146FEF775F8012010BD00BFA4B9002022
:108B60008CB900202DE9F04FAC4E436885B03360DE
:108B70004389132B054640F2CB81DFF8F082D8F809
:108B80000010D8F8140003F0FCFA0446002840F066
:108B9000BF81D8F8143003F0F003E02B00F0B88167
:108BA00033689889FDF7A6FD810A01F0FC011329BD
:108BB00040F2AE812B898B42C0F0AA816A89DFF82E
:108BC000B092974FDFF8ACA23C60A1F114039BB2C6
:108BD0008A42A9F8003056D349422846AAF8003004
:108BE000FEF7A4F93468DFF890B22088DFF88CA291
:108BF0008C4FFDF77FFD208034686088FDF77AFD9B
:108C0000608034686068FDF778FD60603468CBF898
:108C10000000A068FDF771FDA0603468CAF800008C
:108C2000E089FDF767FD3368E0819889FDF762FD13
:108C30007D4A3C6800F03F03137010F003002B895D
:108C400018BF01201844794B4FF000091880002C00
:108C500059D1774BDFF8E8911C68002C40F0148163
:108C6000744BD8F814001A6833689146B9F1000FB4
:108C700040F056819889FDF73DFD430700F148819A
:108C8000336800F06BBC2B682BB96B4B6B496C489D
:108C9000B22205F0F3F96FF013012846FEF746F90A
:108CA0006C89AAF80040614209B22846B9F800A0D0
:108CB000FEF73CF92868AAEB040943891FFA89F9F1
:108CC0004B45C0F02581A4EB0A0143683B608CB2A0
:108CD00009B2FEF72BF92B891C446B892C812BB12F
:108CE000554B58495648CF2205F0C8F92B682A89B8
:108CF0001B899A423FF476AF4F4B53495048D022DC
:108D000005F0BCF96EE7237D2BB94B4B4F494C481E
:108D1000E22205F0B3F9237D0A2B05D1464B4C49DD
:108D20004748E32205F0AAF9237D012B05D1424BE8
:108D300048494348E42205F0A1F93268218B1388A1
:108D40009942E36867D1E18A5288914263D16168B0
:108D5000D8F8102091425ED12168D8F814209142B1
:108D600059D1A34240F0E383334B3B493448EC22D2
:108D700005F084F9B9F1000F05D0E368C9F80C30AB
:108D80003B68E3603C60E368A34205D12A4B33496A
:108D90002B48F42205F072F931492A890A81326898
:108DA000CA60DFF8DC90DFF8DC802E4A4D600023DB
:108DB0000B60C9F8003088F8003013801A4B1B781C
:108DC000180742BF6B7B43F001036B73636F002B8B
:108DD00000F022812046FEF763FF0D3008D0636F5C
:108DE000002B00F01981114B1B88002B00F014811F
:108DF000638D13B9204600F025FD194D1A4B6868A4
:108E000000241C60C9F8004010B1FEF795F86C60B2
:108E100005B0BDE8F08FA1461C4618E7C0B9002098
:108E2000B8B900208CB90020A5B90020A6B900204F
:108E300088B9002090B90020B3FB00083EFD00086F
:108E4000BBF200084EFD00085AFD000879FD00083D
:108E5000A0FD0008CAFD0008F1FD00081CFE000886
:108E6000C4B90020A8B900209CB9002018820020B5
:108E7000BEB90020BCB90020B0B90020ACB90020B8
:108E8000A0B90020A4B90020237D0A2B05D09A4B5D
:108E90009A49FE22484605F0F1F83368228B19887A
:108EA0008A423BD15988E38A8B4237D16068D8F82F
:108EB0001010884232D12068D8F8141088422DD181
:108EC0008F490878410723D48E4987070E8812D529
:108ED000DBF80010606A081A12D4278DC01B002826
:108EE0000EDCCDE90032884B31441A1DDAF800005F
:108EF00000F052FE0CE0C00742BF844B1B682362A7
:108F000036B1A37E43F00203A376204600F0CEFCE8
:108F1000284605B0BDE8F04FFEF70EB8E4689CE6C1
:108F2000B9F816C059888C4507D1D9F8001081428C
:108F300000F00283002900F0FF824C46D9F80C9023
:108F400094E69307E4D599F81500FEF7D5FF82461D
:108F500050B9D9F81830002BDAD001464FF0FF3263
:108F6000D9F810009847D3E7D8F814303268036076
:108F7000D8F810304360B9F81630C38213785278AD
:108F800043EA0223038303230375DBF80030013334
:108F90004362C362FFF736F8DBF80030CAF85400CA
:108FA000013BCAF85030D9F81030CAF84C00CAF862
:108FB0004400CAF85800CAF81030CAF8789099F8F6
:108FC000083003F00C038AF808303B68CAF80C300C
:108FD000C7F800A000F080FF4D4B012250461A70E8
:108FE000FFF768FD3368BAF83200DB89AAF85C3015
:108FF0000AF10401AAF85E30FFF710F81221AAF86E
:109000003200504600F06CFB20B121465046FEF77E
:10901000CBFE7DE7504679E7394B3E4D1B782C60FF
:1090200059073FD5217D022923D1E26CDAF80030BF
:109030009A4209D198F8003043F0080388F80030CC
:10904000A37E23F00103A37698F80030190740F1BE
:109050000882D4F88C301BB120696FF00D0198475D
:1090600021462D48FEF708FD21460120FDF7E8FDC9
:10907000C3E6626ADBF800309A4209D09B1AE3D457
:10908000228D9B1A002BDFDCA37E43F00203DAE77C
:109090000029CFD1184B2149214840F2E72204F0A2
:1090A000EDFFC7E713F00201A27E07D0207D023852
:1090B000012803D942F00202A276C5E7D2065EBFBC
:1090C000124A12682262002284F896202046CDE9D6
:1090D0000231FFF7EFFC227D023ADDE90231072A77
:1090E000B2D8DFE812F01F00A1000A010E015601FC
:1090F0000A016F01A50100BFB3FB000846FE00088E
:10910000A5B90020A6B900202882002098B9002027
:1091100087B900209CB900208CB9002073FE00089C
:10912000BBF2000803F01202122A5FD1626CDAF877
:10913000001001328A4259D1DBF800306264591CB8
:1091400032686162E162013BD28923650423A4F89D
:109150005C20A4F85E202375E118608EFEF75EFFA8
:1091600041F21C124300934238BF134660868000D0
:10917000834228BF0346A4F84830B4F8623033B9BC
:10918000A04BA149A14840F21A3204F077FFB4F88D
:109190006230E66E013BA4F86230FEB9A66E36B9C5
:1091A000984B9B49994840F2223204F067FF33689C
:1091B000A3663046FEF72CFAE36E93B94FF6FF73C1
:1091C0002386D4F88430002B3FF45EAF2069002260
:1091D000214698470D307FF457AF0EE63368E366BB
:1091E000E7E70023238684F84230EAE7DB067FF5D1
:1091F0002BAF3368874ADBF8001010881A88019279
:109200005B880093844B01441A1DDAF8000000F0DB
:10921000C3FC94F84230052B3FF616AF002323869B
:10922000204600F013FD0FE7DF0658D5636CDAF82F
:109230000000DB43C34243D4E36CC31A002B3FDC82
:1092400004232375A36F43B19B6933B96D4B7349F5
:109250006E484FF4547204F011FFA36F1BB92046FF
:10926000FEF71AFEC9E59B69002BF8D020690022A1
:109270002146984718B10D303FF4BFADEFE72046C7
:10928000FEF73CFF664A13880BB1013B1380628EE8
:1092900041F21C1153008B4238BF0B46920093429F
:1092A00028BF1346A4F8483098F800309E067FF592
:1092B000CBAEA37E43F00203A37607232375C3E658
:1092C0003368544ADBF8001016881A8801925B88CC
:1092D0000093514B31441A1D00F05EFCB4E60029A6
:1092E0003FF4B2AE636ADBF80020013B93427FF4A7
:1092F000ABAE204600F0C6FCA6E62046FEF7FEFE1A
:10930000D2E72046FEF7FAFE98F8003098062FD5EF
:10931000444AA37E1278D10643F0020325D5E16CBE
:10932000DAF80020914220D1A26EF2B9A37620464D
:10933000FEF79AF93B689C4209D1E3683B6008E07C
:10934000DA68944202D1E268DA6002E01346002B48
:10935000F6D1354B01221A700A232375334B1A6854
:10936000E2601C6000F0B8FD6EE6A3760823A5E776
:109370002C4B1B78DA067FF567AEE26CDAF800302A
:109380009A427FF461AEA36E002B7FF45DAE06239C
:1093900094E72046FEF7B2FE98F800309B067FF572
:1093A00053AEA37E43F00203A3762046FEF75CF99A
:1093B0003B689C42C1D0002BCBD0DA689442C2D02B
:1093C0001346F8E72046FEF799FE164B1B78DE069B
:1093D0007FF53AAEE26CDAF800309A427FF434AEB0
:1093E000A36E002B7FF430AE2046FEF73DF93B68BC
:1093F0009C42A2D0002BACD0DA689442A3D0134692
:10940000F8E700BFB3FB000893FE0008BBF20008BA
:10941000A9FE0008A6B9002028820020BCFE000892
:10942000A8B90020A5B9002087B9002088B900207C
:109430002046FEF763FE4F4B1B78D8067FF504AE3F
:10944000E16CDAF8002098F8003091427FF4FCAD2E
:10945000A26E002A7FF4F8AD43F0100388F80030C4
:10946000F2E5454B1A8822B1E36FF3B9424A002373
:1094700013802046FFF756FB00287FF4BEACD9F8D6
:10948000003033B3636F33B13C4B3D493D484FF43B
:10949000D27204F0F3FDA37ED9F8002013F010037C
:1094A00009D01046FDF748FDD9E6206921469847C6
:1094B0000D30DBD1A1E4D4F8806006B320692146E9
:1094C000B04710F10D0F3FF498AC10B1D9F800304F
:1094D000636798F800309A0605D5636FABB15A7B85
:1094E00042F020025A73002320462B60FFF71AFB3C
:1094F00000287FF482AC204600F0D8F97DE43346A2
:1095000021463046FEF7BAFBDBE7238DD4F88060B6
:10951000B3F5066F1CBF01332385002EE3D0002373
:1095200020691A462146B0470D30DCD165E4B9F117
:10953000000F7FF422AC2FE43CB1D9F80C10E160AD
:10954000C9F80C20104AC2F800900A4A1278510754
:109550003FF5DEAC12F010043FF4F3AC0B4ADBF83D
:10956000001010881A8801925B880093084B014410
:109570001A1DBBE4A5B90020A8B90020B3FB000860
:10958000DAFE0008BBF2000890B90020A6B900205E
:1095900028820020024A137843F0100313707047AA
:1095A000A4B900202DE9F047804603209DF82060F3
:1095B0000F4615469A46FDF727FB4FEA86095FFAE4
:1095C00089F9044630B93846FDF7B6FC0024204638
:1095D000BDE8F08700238672C0E900373B894B4520
:1095E00005D21E4B1E491F48BA2204F047FD3B8995
:1095F000A3EB0903384623811421FDF797FC0746A6
:1096000018B12046FEF704F8E0E76368B8F81600E2
:10961000D3F80490C4F80C90FDF76CF8A9F800009A
:10962000B8F81800D4F80C90FDF764F8A9F8020017
:109630005046D4F80C80FDF760F80536F6B2C8F84D
:10964000040045EA063080B2D4F80C80FDF752F8E9
:10965000E368A8F80C009F74DF74B8E7F4FE000814
:109660003BFF0008BBF200081431F8B589B205468B
:10967000174601200022FDF7C9FC064640B3438986
:10968000132B05D8134B14491448722204F0F6FC2E
:10969000E88A7468FDF72EF82080288BFDF72AF8F9
:1096A00067606080686AFDF728F8A06045F21000E6
:1096B000FDF720F8A081688DFDF71CF800232374C6
:1096C0006374A374E3746A8D6B6AE0811344EB6284
:1096D0003046F8BDF4FE000850FF0008BBF2000859
:1096E0002DE9F74311F0030804460E4606D13D4B21
:1096F0003D493E4840F21A3204F0C0FCB4F86230F2
:10970000082B0AD9F10708D4A37E43F08003A3767F
:109710004FF0FF3003B0BDE8F083C6F340070022EE
:109720004FEA870949461046FDF770FC05460028B8
:10973000EAD043894B4506D22A4B2D492B484FF49A
:10974000507204F09BFC00972946A36D32462046D8
:10975000FFF728FF05460028D6D0C3689A0706D031
:10976000204B2449214840F2493204F087FC2B89E0
:1097700033B11C4B20491D4840F24A3204F07EFCB4
:10978000A36EDBB9A5660023A4F86430B8F1000F1E
:1097900008D0A36D0133A365F30742BFA37E43F056
:1097A0002003A3766868FDF767FDB4F862301844BB
:1097B00080B2A4F8620038B90020ABE71A461B68F3
:1097C000002BFBD11560DEE7E36E002BF4D1A36E16
:1097D000002BF1D1034B094904484FF45B7204F0AC
:1097E0004DFCE9E7F4FE00087EFF0008BBF200082C
:1097F000D3FF00080C000108240001084E000108F6
:10980000F8B5846E05464CB127462468002CFBD180
:10981000FB689889FCF76EFF430705D028460121B5
:10982000BDE8F840FFF75CBFFB6801209E89FCF7AC
:1098300061FFFB6806439E81AB7E43F02003AB765D
:109840002046F8BD7FB50446C06CFCF756FF0021EA
:1098500002462046FFF708FF064640B9A37E6FF098
:10986000010543F003032846A37604B070BD251D0F
:10987000284602F0F7FA98B1062302900193637A22
:1098800000932A46A37A2146304602F069FC054639
:109890003046FDF751FBA37E2DB143F00303E2E711
:1098A0006FF00305F4E703F0FC03DCE72DE9F04F6C
:1098B000037D012B85B0044606D1A44BA449A548DD
:1098C0004FF47B7204F0DAFBA34B1B68A34252D027
:1098D000B4F85C30B4F84870A56E9F4228BF1F46AC
:1098E000A37E990710D52DB9204605B0BDE8F04FED
:1098F000FFF7A8BFEB685868FCF7FFFE2B89626C86
:109900009B1A0344BB42EFD8E66E26B13346366855
:10991000002EFBD11E4604F10409484602F0A2FACB
:109920008046002800F0358123680BB94368236026
:10993000CDB1EB685868FCF7E0FE2B89626C9B1A8E
:109940000344BB4267D9002F65D0B4F85C30BB42FA
:1099500061D1E36E002B5ED194F895301BB94FF4C2
:109960008073A4F89430A36E0BB9A4F86430A37E7E
:1099700003F07F03A3760020E4E02B68A366237D39
:10998000022B1EBFA37E23F00303A376EB68586867
:10999000FCF7B3FEEB68B5F808A083469889FCF79E
:1099A000A9FE10F003030BEB0A0218BF01231344B6
:1099B000E26CB5F808A0D21A002AEA68B8BFE364DE
:1099C0009089FCF797FE00F003005AEA000000F0CF
:1099D000DC8000232B60E36E13B9E5662E4619E0A8
:1099E000EB685868FCF789FEF26882465068FCF71D
:1099F00084FEAAEB0003002B80F2C58004F16C0A00
:109A0000DAF80020002A40F0AD80DAF800202A6061
:109A1000CAF80050A56E002DA5D0EB685868FCF779
:109A20006CFE2B89626C9B1A0344BB429BD8EB688B
:109A30009889FCF75FFE420706D5444B47494548E5
:109A400040F2454204F01AFBE36EB3B1A27E12F07D
:109A5000440F12D1A36E2BB1196871B91989638EA5
:109A600099420AD2B4F860303BB1B4F86230082BA6
:109A700003D812F0A00F3FF476AF237D022B09D05C
:109A8000EB681020B3F80CA0FCF734FEEA684AEA51
:109A9000000393816A68D5F80CA0D289012A7FF46B
:109AA0006CAF606AFCF729FECAF80800608DD5F833
:109AB0000CA0FCF71FFE628D636AAAF80E00134427
:109AC000E362AB7ADB070CD549464FF40670D5F854
:109AD0000CA0FEF7A3FA40F00170FCF70EFECAF8E6
:109AE0001400B4F93030002BBCBF00232386636B15
:109AF0003BB91B4AEB68126862635868FCF7FDFDCE
:109B0000A0636868EA68436841894260D31A9BB2DF
:109B1000C91A41810189CB1A03810023137453743C
:109B20000623CDF808800193637A0093A37A4A460E
:109B3000214602F015FB00283FF41FAFA37E63F01F
:109B40007F03A37605B0BDE8F08F00BFF4FE0008E8
:109B500076000108BBF200089CB900209C000108B7
:109B600098B90020D2685068FCF7C7FDE9688346C1
:109B70004868FCF7C2FDABEB0002002ABFF645AF18
:109B8000DAF800A03CE7356028E72846FDF740FDFD
:109B900040E76FF00300D5E72DE9F04F85B081462F
:109BA0000E469046142100220120BDF838B0BDF8C1
:109BB0003CA01F46FDF72AFA054600283CD0438901
:109BC000132B06D81E4B1F491F4840F24C5204F07D
:109BD00055FA58466C68FCF78DFD20805046FCF71E
:109BE00089FD60804846FCF788FD60603046FCF7E0
:109BF00084FDA06045F21400FCF77CFD08230026DC
:109C0000A3736023A081E37326746674A674E6745C
:109C1000384602F027F948B10623CDE900630290E7
:109C2000FF233A464146284602F09AFA284605B0F4
:109C3000BDE8F04FFDF780B905B0BDE8F08F00BF7B
:109C4000F4FE000850FF0008BBF20008C26E10B41A
:109C5000AAB1134619461B68002BFBD1846E0C6019
:109C6000C0E91A2390F84230FF2B1CBF013380F863
:109C7000423000235DF8044B4363FFF717BE5DF8E5
:109C8000044B7047F8B5C56E0446ADB12B68C3668A
:109C900000F16806336883B933682B6035602B6840
:109CA0000BB9A4F8643094F84230FF2B1CBF013389
:109CB00084F8423000236363F8BDDB685868FCF722
:109CC0001CFDEB6807465868FCF717FD3F1A002F8C
:109CD000E2DA3668DEE738B5C36E0446FBB1857E4E
:109CE00015F004051BD1FFF7CDFFB4F85C10B4F8F4
:109CF00048302586994228BF1946638E5800B0EB3C
:109D0000510F4FEA6102034488BF02461344A4F88E
:109D10004830A37EA4F84A2043F00403A37638BD5C
:109D20007FB50446C06C0138FCF7E7FC0021024611
:109D30002046FFF799FC0546C8B1261D304602F0C3
:109D400091F888B100230622CDE900320290A37A6F
:109D500021463246284602F003FA04462846FDF71B
:109D6000EBF8204604B070BD6FF00304F6E74FF047
:109D7000FF34F6E72DE9FF41C46E064614B9846E40
:109D8000002C42D0E3689889FCF7B4FC10F0010580
:109D900018BF2589E3681CBFB5FA85F56D095A68B7
:109DA00085F001013046FFF75FFC074600283ED0F2
:109DB000D0F804806DB3B8F80C501120FCF79AFC71
:109DC00025F47C55ADB20543A8F80C50E3685868FB
:109DD000FCF793FCF36C01301B1A002B06F1040412
:109DE000B8BFF064204602F03DF8E8B10023062237
:109DF000CDE9003202902246B37A3146384602F06D
:109E0000AFF904463846FDF797F8204604B0BDE8A0
:109E1000F0816068228903899B1A9BB2012208F1B4
:109E20001401FDF717FBD1E76FF00304EAE74FF0E9
:109E3000FF34EAE72DE9F04106460A208846174636
:109E4000FCF7E2FE044638B9BDE8F0411D4B1E495F
:109E50001E48D42204F012B903F02EF81C4A1D4B00
:109E600015685DB918602B4600213344C4E90287A8
:109E7000216063602DB91460BDE8F0811B68C31ACE
:109E8000F2E76B68B3420ED99B1B6B602560F2E76B
:109E90005A68914208D2D21B02445A600EE06A68A6
:109EA000324462600AE02B46586867689C461B682B
:109EB000391A6160002BEBD1B142F0D82360CCF8A5
:109EC0000040D9E7B3000108E7000108BBF2000831
:109ED000DCB90020D8B90020084B1A6862B9084ADA
:109EE000126812B9074A126832B101221A60064993
:109EF0000022FA20FFF79EBF704700BFD4B90020B0
:109F00008CB9002088B900200D9F000808B5FDF726
:109F100039FF084B1B6813B9074B1B6833B1BDE809
:109F2000084006490022FA20FFF784BF044A136064
:109F300008BD00BF8CB9002088B900200D9F000823
:109F4000D4B9002070B5084D084E012455F8080F0B
:109F500031462A460134FFF76DFF052CF6D102F099
:109F6000ABFF034B186070BD840E0108759F00089D
:109F7000D8B9002010B504464368984720680349C3
:109F80002246BDE81040FFF755BF00BF759F00088F
:109F90002DE9F84F234C244F05460E4622682AB976
:109FA00031462846BDE8F84F02F032BD02F084FF8A
:109FB00023683A685B68811A994205D81A44121AD4
:109FC00027D12368002BE9D002F076FF3B68DFF849
:109FD0005C80A0EB030B21680029DFD04B685B4558
:109FE000DCD83A68D1E9029A1A44ABEB030B0A2099
:109FF0000B683A602360FCF723FEB9F1000FEAD04A
:10A00000404602F047FD5046C847404602F047FD33
:10A01000E1E73146284602F0FBFC0130D1D0BDE833
:10A02000F88F00BFDCB90020D8B9002008820020DA
:10A03000704700002DE9F04F4389072B85B0044697
:10A04000894605D8204605B0BDE8F04FFCF774BF3F
:10A050003C4E456831687069DFF8FCA002F091F869
:10A0600003902888FCF746FB80466888FCF742FB93
:10A07000DAF800E0D6E904B10025844673462846A4
:10A080002BB90DBBD9F804308B421DD0DAE75A8AC0
:10A0900062452BD1039F1A6827B332B14F1C04D0FD
:10A0A000D9F808704A403A4220D11A7C520702D4AB
:10A0B000002D08BF1D469A8A424517D15A680AB139
:10A0C0005A4513D1A8B91D466FF007012046FCF789
:10A0D0002DFFA8B11C4B1D491D4840F2551203F03D
:10A0E000CDFFAFE7002AE0D08A42DED01846DB6819
:10A0F000C6E7DA68C260CAF80030C3F80CE0E2E7ED
:10A1000065B1AE69002E9DD0CDF80080114BE86995
:10A1100022462946B04705B0BDE8F08F039B002BCF
:10A1200090D1736903F0F003E02B8BD0B189083133
:10A1300009B22046FCF7FDFE0321204601F08AFE0D
:10A1400080E700BF188200202401010853010108A4
:10A15000BBF2000828820020E0B90020294B2DE93D
:10A16000F041002914BF0F461F46002847D0264E55
:10A170003468214661B98AB1D7F800C02346002B64
:10A1800030D13B6803604282002935D0002025E0B1
:10A19000814201D0C968EDE70121ECE7DFF86CC02E
:10A1A000BCF800304FF480424FF6FF7E73451ABF73
:10A1B00001339BB24FF4404325460DB91A4607E0E0
:10A1C000B5F8128098450BD1013A92B2002AEDD130
:10A1D000ACF80030002AD4D16FF00700BDE8F08160
:10A1E000ED68EAE7834205D05D8A954202D11D6899
:10A1F0006545F1D0DB68C2E7C4603060C6E76FF048
:10A200000500EBE7B00E0108E0B900202C000020AB
:10A210002DE9F0430F4685B0904699460646002842
:10A2200050D0002A4ED0428A002A33D00821384626
:10A23000FCF77CFE002837D13D466B89072B06D8FA
:10A24000234B2449244840F2DB2203F017FF708A95
:10A250006C68FCF74FFA20804846FCF74BFA002365
:10A260006080A371E3712889FCF744FA0C9BA080FD
:10A27000029311230193737A0093B37A0D994246A6
:10A28000284601F0F3FEBD42044609D02846FCF7FB
:10A2900053FE05E00146FFF761FF04460028C5D0E4
:10A2A000204605B0BDE8F083002208210120FCF71C
:10A2B000ADFE054648B13B89002BBED03946FDF7BF
:10A2C00039F8BAE76FF00504EAE74FF0FF34E7E743
:10A2D0002401010867010108BBF2000873B5069C60
:10A2E00090B18AB105681DB105F0F006E02E06D1E7
:10A2F000251DCDE90045FFF78BFF02B070BD6668F4
:10A30000B54204D10546F4E76FF00500F5E76FF0BC
:10A310000300F2E770B50D4616460446E0B1D9B128
:10A32000428A6AB12B680E4A6360237C1168A68258
:10A3300043F0040323740B4643B9E160146007E063
:10A340000146FFF70BFF0028ECD070BDA34201D1FE
:10A350000020FAE7DB68EFE76FF00500F5E700BFE4
:10A36000E0B90020C0E90612704700000A4A1368ED
:10A370008342014604D1C36813600020FCF760BC2F
:10A38000002BFAD01A46DB68002BF6D08B42F9D1AD
:10A39000CB68D360F1E700BFE0B9002010B5002022
:10A3A000FCF732FC044628B12022002103F0C6FF4E
:10A3B000FF23A372204610BD10B538B103682BB13E
:10A3C00021B10B6813B1064B1B6803B910BD1C68A3
:10A3D0000268944204BF0A681A60DB68F5E700BFB0
:10A3E000E0B90020437A8B421FBF00234172837281
:10A3F000C382704738B5838A0233442B04460D4626
:10A4000006D90A4B0A490B4840F2825203F036FE45
:10A41000A38A2269D118280A81F8F000991C013317
:10A4200012FA83F3A18283F8F05038BD9501010838
:10A43000CA010108BBF2000870B51546828AAB1C40
:10A4400052FA83F3442B04460E4606D9094B0A49B7
:10A450000A484FF4AE6203F011FEA38A2269D118B4
:10A4600081F8F060991C013312FA83F3A18283F81A
:10A47000F05070BD950101080B020108BBF2000805
:10A4800038B5838A432B04460D4606D9074B084945
:10A49000084840F27B5203F0F1FDA28A236913447D
:10A4A000511CA18283F8F05038BD00BF950101080E
:10A4B00053020108BBF2000810B5044640B9BDE8DC
:10A4C0001040164B1649174840F2827203F0D6BD71
:10A4D000036933B9114B1449124840F2837203F0F7
:10A4E000CDFDA38A432B06D90C4B10490D4840F2F1
:10A4F000847203F0C3FDA38A2269591C1344A1820C
:10A50000FF2183F8F0100021A38A432B00D910BD4E
:10A51000581C1344A08283F8F010F5E79501010858
:10A520008E020108BBF20008B0020108DC0201083B
:10A5300038B5838A0433442B05460C4606D9104BA4
:10A540001049114840F28A5203F098FDAB8A2A69FB
:10A55000D118200E81F8F000591C12FA81F1200C5C
:10A5600081F8F000991C12FA81F1200A81F8F000BC
:10A57000191D033312FA83F3A98283F8F04038BD22
:10A58000950101081B030108BBF200082DE9F04109
:10A590000D469046064650B95E4B5F495F4840F213
:10A5A0001D7203F06BFD6FF00F00BDE8F08149B93B
:10A5B000584B5B49594840F21E7203F05FFD6FF043
:10A5C0000500F2E7CB6833B1524B5649534840F28D
:10A5D0001F7203F053FD2B6933B14E4B52494F4864
:10A5E0004FF4E46203F04AFD00224FF49A711046E2
:10A5F000FCF70CFDE860002800F089804389B3F582
:10A600009A7F06D2434B4949444840F2277203F0EF
:10A6100035FDB8F1030F02D16B7A032B07D1AB7A6A
:10A62000434C13B903F02AFC206023682B60EB68CD
:10A630005C682C61012323706370002796F8283032
:10A64000A370E7702868FCF758F84FF4C87360608F
:10A6500023FA08F32C69DB0727726772A772E77287
:10A6600027736773A773E77306D4B8F1030F05D197
:10A670006B7A043B012B01D87368E3602246002308
:10A6800023746374A374E37423756375A375E3750E
:10A6900023766376A37602F81B3F293616F8010C61
:10A6A00099B2884231D9052B2FD8F15C02F8011FED
:10A6B0000133102BF4D14022002104F12C0003F0CF
:10A6C0003DFE8022002104F16C0003F037FE6FF0A4
:10A6D0007D0184F8ED1063220023532184F8EC20DF
:10A6E00084F8EE1004F8EF2FAB8204F8013F013339
:10A6F000442BFAD1012235212846FFF79DFE28463A
:10A700004146FFF7BDFE00204FE70021CEE74FF0A6
:10A71000FF304AE7950101085B030108BBF200081E
:10A720007A03010898030108BD030108E403010846
:10A73000E4B9002010B5044640B9BDE81040104B04
:10A740001049114840F26D7203F098BCC36833B9E8
:10A750000B4B0E490C4840F26E7203F08FFC2369DC
:10A7600033B9074B0A49084840F26F7203F086FC80
:10A77000E06808B1FCF7E0FB0023C4E9033310BD37
:10A780009501010824040108BBF2000842040108F5
:10A790006704010873B5046A00230646A362062114
:10A7A0002046FFF71FFE012221463046FFF7EEFE4E
:10A7B000054678BB022239212046FFF73DFEF18C89
:10A7C0002046FFF717FE032237212046FFF734FE0D
:10A7D00001212046FFF754FE03212046FFF750FEDB
:10A7E0001C212046FFF74CFE2046FFF765FEA18A9C
:10A7F000E068F03189B2FCF7DBFC134B1348144AD4
:10A80000CDE900634323E1680068FFF701FD2046BE
:10A81000FFF790FFA37AFF2B1CBF0133A372A27A2C
:10A82000052A9DBF4FF47A7393409BB24EF6602386
:10A830004FF4FA72284603F2F3139BB2B3FBF2F320
:10A84000E38202B070BD00BFB00E0108ECB9002079
:10A85000AC0E010838B5046A054608212046FFF70A
:10A86000C1FD002204F12801284601F0EFF8A37A87
:10A87000FF2B1CBF0133A3720123E38238BD00000C
:10A8800013B5044648B93D4B3D4940F2FE323D48C0
:10A8900002B0BDE8104003F0F1BB006A20B9374BAD
:10A8A00039494FF48062F2E700230384436B5A1C5A
:10A8B00006D01E33B3F5701F3FD34FF6FF734384AA
:10A8C000836B591C0BD01E33B3F5701F3CD23B2B4E
:10A8D0003DD93C22B3FBF2F39BB203838383C36B6A
:10A8E0005A1C0BD01E33B3F5701F32D23B2B33D919
:10A8F0003C22B3FBF2F39BB24383C383438B028BB3
:10A900009A4202D30BB100230383C37A33B3C36AE1
:10A91000026B0093019222B9826A134043F0807364
:10A9200001930A21FFF75EFD6A4600F1280101ABA1
:10A930002046FCF7CBF902B010BD3B2B8ABF3C226E
:10A940000123B3FBF2F3BAE74FF6FF73C5E7012328
:10A95000C3E74FF6FF73CFE70123CDE790F9282037
:10A9600090F82830002A06DABF2B4FF6FF7388BF15
:10A970006FF07F43CCE7FF23CAE700BF95010108D2
:10A980008E040108BBF20008A704010838B5154D74
:10A990002B78F3B9144C23682BB1144B1449154888
:10A9A000D92203F06BFBFFF7F9FC2060B0B1027A0B
:10A9B000114942F0200202724422FFF7CFFB0E49F8
:10A9C00020684322FFF7A6FC0C4920680022FFF70D
:10A9D000C9FC2B7801332B70002038BD4FF0FF30BD
:10A9E000FBE700BFE8B90020ECB9002095010108A1
:10A9F000BF040108BBF20008B00E010865AC0008F6
:10AA000038B50A4D2B782BB9094B0A490A48F3226D
:10AA100003F034FB2C78013CE4B22C7024B9074DD0
:10AA20002868FFF7A3FC2C6038BD00BFE8B9002000
:10AA300095010108E4040108BBF20008ECB900200C
:10AA400037B5046A032105462046FFF7CBFC0A46CA
:10AA500028462146FFF79AFD00283AD102223921E3
:10AA60002046FFF7E9FC4FF410712046FFF7C2FCC7
:10AA7000042232212046FFF7DFFCA06AFBF73DFEEF
:10AA800001462046FFF754FD032237212046FFF7F9
:10AA9000D3FC01212046FFF7F3FC03212046FFF7FA
:10AAA000EFFC1C212046FFF7EBFC2046FFF704FDDE
:10AAB000A18AE068F03189B2FCF77AFB1248009570
:10AAC000124AE16800684323FFF708FC2046FFF7BD
:10AAD00031FEA37AFF2B1CBF0133A372A37A092B8B
:10AAE0009FBFC3EB431203EB8203DB009BB288BF23
:10AAF00042F210734FF4FA7203F2F3139BB2B3FBFA
:10AB0000F2F3E38203B030BDECB90020AC0E0108D3
:10AB100038B5184D0023C0E90B33EB78044613B168
:10AB2000154BDB6843632B79DBB1134B1B69A363C4
:10AB30006B79CBB1104B5B69E36363681B69A362FC
:10AB4000AB792BB10C4B9869FBF7D7FD0123E06281
:10AB5000E372EB7923B1084BD869FBF7CEFD206394
:10AB600038BD636B5B08E2E7636BC3EBC303DB08D1
:10AB7000E2E700BFF0B90020F8B9002037B5046A59
:10AB8000054601212046FFF72DFC032221462846D9
:10AB9000FFF7FCFC002847D1022239212046FFF7AD
:10ABA0004BFCE98C2046FFF725FC0422322120468D
:10ABB000FFF742FCA06AFBF7A0FD01462046FFF725
:10ABC000B7FC042236212046FFF736FC606AFBF70B
:10ABD00094FD01462046FFF7ABFC032237212046B7
:10ABE000FFF72AFC01212046FFF74AFC03212046FB
:10ABF000FFF746FC1C212046FFF742FC2046FFF7EA
:10AC00005BFCA18AE068F03189B2FCF7D1FA124B03
:10AC10001248134ACDE900534323E1680068FFF767
:10AC2000F7FA2046FFF786FDA37AFF2B1CBF0133FE
:10AC3000A372A27A052A9DBF4FF47A7393409BB208
:10AC40004EF660234FF4FA7203F2F3139BB2B3FB98
:10AC5000F2F3E38203B030BDB00E0108ECB900207E
:10AC6000AC0E01082DE9F04FAC4B5F6887B0D7F808
:10AC700020900092B9F1000F75D099F8083054680F
:10AC8000002B6DD0D9F8043033B1A54BA549A648A7
:10AC90004FF4D56203F0F2F9009B5B892B2B5FD94F
:10ACA0002378022B5CD13A4604F11B0112F8280FDD
:10ACB0000023DDB2A84201D9062B49D16068FBF719
:10ACC0001CFDD9F8003098424AD1984A00231360FD
:10ACD0005360009A52892B2A42D9009A01935268F4
:10ACE000C9F80420009AB2F808B04FF0F00ADDF875
:10ACF0000080B8F1000F33D0B8F80A309A4538D246
:10AD0000D8F80430029355465D4580F09780029B49
:10AD10005C5DFF2C00F09280AB1C9BB2B8F80A205F
:10AD200003936B1C9BB29A422ED9029B2B445B78F7
:10AD30003B2C09D8322C2ED8012C00F0A180032CFA
:10AD400000F0A580002C3FD04FF0FF36002440E0FB
:10AD500012F8016F11F8015FAE4203F10103A8D0B0
:10AD60000023C9F80430009807B0BDE8F04FFCF7A5
:10AD7000E3B8AAEB0302ABEB0303D8F800801FFA99
:10AD800082FA1FFA83FBB4E7D8F80030002BCFD04B
:10AD90005B681B78CCE7333C082CD5D801A252F86D
:10ADA00024F000BFA3AE0008AFAE0008CDAE00088F
:10ADB000D9AE000849AD000849AD000849AD00080A
:10ADC000E5AE0008F1AE0008013DADB223464FF0FC
:10ADD000FF36023513FA85F5ADB20CB30023072E0A
:10ADE000059306D94E4B52494F4840F2366203F064
:10ADF00045F94E4B9B5D9BB9039B224605A94046F6
:10AE0000FCF728FB8442ABD1042C40F0A3800598CA
:10AE1000FBF773FC454A01239355464B43F8260044
:10AE2000B8F80A309D42FFF46FAFED1AABEB0303A5
:10AE3000ADB21FFA83FB5D45C0F08F803B4B1A78A3
:10AE4000002A40F09880019A002A40F09C805A78AD
:10AE5000002A85D037490A79052A40F0B08099F850
:10AE60000930012B40F0A080386AFFF751FE97F8B7
:10AE70002F301B07384640F19F80FFF7EBFC6FE750
:10AE8000042B3BD0264B40F2F6522B4905E0032B16
:10AE900037D8234B294940F2FB52234803F0EEF800
:10AEA0005EE7042B30D01E4B40F20962EDE7012B28
:10AEB00004D01B4B40F217622149EEE7BAF1F00FC4
:10AEC00025D0174B1F4940F21962E6E7012B3BD012
:10AED000134B40F21D62EFE7042B1BD0104B40F2E6
:10AEE0002162D2E7042B2FD00D4B40F22562CCE734
:10AEF000042B2CD00A4B40F22962C6E71C460626DA
:10AF000067E70726042464E71C46032661E71C461E
:10AF100000265EE71C4602265BE700BF1882002081
:10AF20009501010808050108BBF20008F0B90020EE
:10AF300056050108F8B900201B0501082405010881
:10AF4000360501083F0501081C461E4641E71C4620
:10AF500005263EE79DF814005CE7D8F80080B8F1BC
:10AF6000000F04D12F4B304940F2546295E7D8F8D6
:10AF700004300293C8E62D4A12680021012A197094
:10AF80000DD0022A06D1002301934FF06C0B4FF035
:10AF90002C0AACE6032A7FF456AF012301934FF04D
:10AFA000EC0B4FF06C0AA2E6033B022B3FF6D8AE47
:10AFB000386AFFF7ADFD3846FFF762FCD0E6062A97
:10AFC00015D199F80930DA1E022A02D9012B7FF433
:10AFD000C7AE386A0C21FFF705FA154B38461A46FA
:10AFE0001946FBF773FE3846FFF7D4FBB8E6022A92
:10AFF0007FF4B6AE99F80920062A7FF4B1AE9B78AB
:10B00000019A3C6AA9F81620002B3FF4A9AE886883
:10B01000FBF773FB636860621B69A3623846FFF746
:10B02000ADFD9DE69501010867050108F8B900200E
:10B03000B00E010837B5054648B9244B24492548C8
:10B0400040F27B3203B0BDE8304003F017B8046A29
:10B05000002C39D0637A082B36D10A68A36A9A4249
:10B0600032D10C212046FFF7BDF9042221462846A3
:10B07000FFF78CFA08BB042232212046FFF7DCF9E7
:10B08000A06AFBF73AFB01462046FFF751FA20463B
:10B09000FFF712FAA18AE068F03189B2FCF788F86C
:10B0A0000D4B0E480E4ACDE900534323E16800687A
:10B0B000FFF7AEF82046FFF73DFBA37AFF2B1CBF3E
:10B0C0000133A3721423E38203B030BD950101085C
:10B0D00099040108BBF20008B00E0108ECB9002089
:10B0E000AC0E010873B5046A064605212046FFF739
:10B0F00079F9032221463046FFF748FA054670BB2E
:10B10000022239212046FFF797F9F18C2046FFF7FC
:10B1100071F9032237212046FFF78EF901212046DD
:10B12000FFF7AEF903212046FFF7AAF91C212046BC
:10B13000FFF7A6F92046FFF7BFF9A18AE068F031D2
:10B1400089B2FCF735F814480096E168006843239B
:10B1500004F12402FFF7C2F82046FFF7EBFAA37AC6
:10B16000FF2B1CBF0133A372A37A092B9FBFC3EB34
:10B17000431203EB82031B019BB288BF44F620639A
:10B180004FF4FA72284603F2F3139BB2B3FBF2F3C7
:10B19000E38202B070BD00BFECB9002010B540B929
:10B1A000BDE810400E4B0F490F4840F2425202F0EA
:10B1B00065BF046A94B1636833B1094B0B490A480F
:10B1C00040F24F5202F05AFF00212046FFF70AF9E1
:10B1D000237A1BB1FFF714FC0023237210BD00BFBC
:10B1E000950101089E050108BBF200080805010849
:10B1F00038B5054648B9274B274940F2D62227489B
:10B2000002F03CFF6FF00F0038BD90F82F30DB07E5
:10B2100004D4204B224940F2D722F0E7C38C046AC1
:10B22000B3F5107F02D24FF0FF30EDE7D4B94020E4
:10B23000FBF7FEFB04460028F5D0286240220021DF
:10B24000204603F07BF8FFF7A1FB0028EBD1012398
:10B2500023722846FFF79EFA0028D5D02846FFF72C
:10B260009DFFE0E7E36833B10A4B0E490B484FF40A
:10B270003C7202F003FF636833B1064B0A4907488A
:10B2800040F2F12202F0FAFE237A002BD6D0FFF72B
:10B29000B7FBD3E79501010899040108BBF2000848
:10B2A000B7050108D80501080805010850B1006A72
:10B2B00040B1407A0A2806D0043801288CBF00200B
:10B2C0000120C0B270470120FBE700007FB5046A8F
:10B2D0000646002C42D0636A0393FFF7E7FF002184
:10B2E00005462046FFF77EF8C4E90711C4E90911B5
:10B2F000C4E90B11C4E90D11E16365B307222146CE
:10B300003046FFF743F90546F8B9042236212046B6
:10B31000FFF792F80398FBF7F0F901462046FFF794
:10B3200007F92046FFF7C8F8A18AE068F03189B232
:10B33000FBF73EFF0B480096E1680068432303AA31
:10B34000FEF7CCFF2046FFF7F5F9074B30461A46CB
:10B350001946FBF7BBFC284604B070BD6FF00F0523
:10B36000F9E700BFECB90020B00E01084F4B73B5F0
:10B370001D680DB902B070BD2C6A7CB1637A6BB1E7
:10B38000618C69B1228C013292B29142228407D140
:10B390002846FFF79BFF2846FFF7FCF92D68E8E7F2
:10B3A000E68B002E66D0721E012EE28362D1013B35
:10B3B000DBB2092BF2D840F2192222FA03F3DA07A2
:10B3C000ECD504212046FFF70DF80322214628463C
:10B3D000FFF7DCF868BB022239212046FFF72CF882
:10B3E000E98C2046FFF706F8032237212046FFF7B5
:10B3F00023F831462046FFF743F803212046FFF7A4
:10B400003FF81C212046FFF73BF82046FFF754F891
:10B41000A18AE068F03189B2FBF7CAFE24480095A2
:10B42000244AE16800684323FEF758FF2046FFF7EF
:10B4300081F9A37AFF2B1CBF0133A372A37A092BD6
:10B440009FBFC3EB431203EB8203DB009BB288BFB9
:10B4500042F2107303F2F3134FF4FA729BB2B3FB90
:10B46000F2F3228CE382638C9B1A012B96DD5B1036
:10B47000E38393E7A28B002A90D0511E012AA18377
:10B480008CD1013BDBB2092B88D840F2112222FA81
:10B4900003F3DB0782D52846FFF724FE638B228C5B
:10B4A0009B1A012BC4BF5B10A38377E780B90020F0
:10B4B000ECB90020AC0E0108264B10B51C6804B98D
:10B4C00010BD236A23B1DA8A012A03D9013ADA824C
:10B4D0002468F4E7FCD10022DA825A7A013A0B2A76
:10B4E000F6D801A151F822F019B50008D1B400082E
:10B4F00047B50008D1B40008D1B400082BB5000846
:10B50000D1B4000833B50008D1B40008D1B40008A4
:10B51000D1B400082BB500089B7A052B204602D831
:10B52000FFF72CFBD4E7FFF7D1FE2046FFF732F9F7
:10B53000CEE79B7A012B204602D8FFF78BF9C7E7AD
:10B54000FFF79EF9C4E79B7A012B2046EED8FFF760
:10B5500077FABDE780B9002070B51826074C46433E
:10B560000546A05918B1FBF7E7FC0023A3511823A7
:10B5700003FB05440023237570BD00BF1CBA0020E7
:10B580002DE9F347DDF82CA0884691461E46074674
:10B5900030B92D4B2D492E484FF48B6202F06EFDD1
:10B5A00000221C210220FBF731FD0546002847D070
:10B5B00043891B2B06D8244B2649254840F2634279
:10B5C00002F05CFDBDF834006C68FBF793F8E08096
:10B5D00097F82830062B06D01B4B1F491C4840F219
:10B5E0006A4202F04BFD3368A360B388A381DAF8A6
:10B5F0000030C4F81230BAF80430E3820A9B1B68AA
:10B60000C4F80E300C9B1B68A361012363700823F0
:10B61000A3700623237104230026637140F60603FA
:10B620002670E6704246009329464B46384601F0A4
:10B6300091F92846FBF780FC304602B0BDE8F08760
:10B640004FF0FF30F9E700BFF00501089904010849
:10B65000BBF2000827060108580601082DE9F74F3C
:10B66000474A019100230A2105468C4600919946DC
:10B6700098469E460E4614460A2E92F814A030D1E3
:10B68000BAF1000F30D15EB201330A2B02F1180279
:10B69000F2D1019B012B6FD1092E46DCF6B2092EA7
:10B6A00006D9384B3849394840F2851202F0E6FC99
:10B6B000182303FB06431B7D33B1324B3449334817
:10B6C0004FF4C37202F0DAFC25B1182303FB0643E2
:10B6D0002A685A60182303FB06440023638270B271
:10B6E00008E0BAF1000FCFD03DB12F685068874213
:10B6F00003D158B203B0BDE8F08FBAF1010FB2F830
:10B7000012B00CD1106820B1DE45BDD859B2DE466A
:10B71000BAE7D845B8D858B20090D846B4E7D9456A
:10B720009CBF4FFA83FCD946AEE7BCF1090F19DC88
:10B730005FFA8CF618237343E35833B1114B154964
:10B74000124840F26F1202F099FC092E06D90D4BF7
:10B750000D490E4840F2811202F090FC3046FFF78E
:10B76000FBFE9CE7009B092B02DC9DF80060ECE7E8
:10B77000092901DCCEB2E8E74FF0FF30BAE700BF9D
:10B780001CBA0020F0050108B0060108BBF2000851
:10B79000C30601089906010870B5084D0646002445
:10B7A0002B7D2BB1AB68B34202D12046FFF7D4FE0C
:10B7B00001340A2C05F11805F2D170BD1CBA002025
:10B7C0002DE9F047074686B00C4649B94F4B504922
:10B7D00050484FF4227206B0BDE8F04702F04EBC6C
:10B7E00046683388B3F5807F08D13379062B05D1BD
:10B7F0007379042B02D17388082B05D0384606B024
:10B80000BDE8F047FBF798BB4D68D6F80E300593BE
:10B8100006F10808B36915B94FF0020A03E09D422A
:10B820005BD10125AA4694F82830062B06D0374B69
:10B830003949384840F2AB1202F020FC0598002844
:10B840003ED0214600F09DFC8146C8BB059B03F01D
:10B85000F003E02B34D0514605A8FFF7FFFE002887
:10B860002EDB2E4B182202FB00F103EB010C4FF0F4
:10B87000020E8CF814E04FF00C0ECCF8084012FBCE
:10B8800000E2D8F80000985002EB030EB8F804204C
:10B89000AEF8042053F801A0ACF81290BAF1000FF2
:10B8A0000ED043F801904FF40063009304F1290295
:10B8B00043465146204601F04DF85046FBF73CFB0D
:10B8C000F388B3F5807F0AD0B3F5007F18D03846EF
:10B8D000FBF732FB06B0BDE8F08700259CE7002DA2
:10B8E000F5D00222039205AACDE9018204F12903D1
:10B8F000221D0092194642462046FFF741FEE6E728
:10B9000005A92046FFF796FBE1E700BFF005010817
:10B9100099040108BBF200080B0701081CBA0020BB
:10B920001FB502460124CDE9021400F1290305499F
:10B930000191043200921946034AFFF721FE04B038
:10B9400010BD00BFB40E0108BA0E010838B5134C83
:10B950000025227D6AB1638A01339BB2B3F5967FDD
:10B96000638203D2012A0AD1042B0DD92846FFF79E
:10B97000F3FD01350A2D04F11804EAD138BD032A7C
:10B9800007D104232375F4E7A068211DFFF7C8FF42
:10B99000EFE7042AEDD10223F4E700BF1CBA002030
:10B9A0002DE9FF47244F182303FB027306461B7D36
:10B9B000012B8946144606D8204B214921484FF4D3
:10B9C0003B7202F05BFB182304EB440503FB047499
:10B9D000ED00237D05F10C08022BB84406F1290A7D
:10B9E0000BD1638AB3F58E7F13D9291D39443046B4
:10B9F000FFF796FF08B9032323754FF40063009304
:10BA0000524643464946304600F0A4FF04B0BDE824
:10BA1000F087B3F5877FF0D30123039304350A4BF6
:10BA200001932F44331D00930297534642465146DB
:10BA30003046FFF7A5FDDDE71CBA0020F005010840
:10BA40002F070108BBF20008B40E01082DE9F347E7
:10BA5000884606460146D8F80000154600F091FBDE
:10BA600000285DD1D8F8003003F0F002E02A57D06A
:10BA7000002B55D001214046FFF7F0FD041E52DB9C
:10BA8000354F182303FB04731A7D002A4DD1012280
:10BA90001A759E6041463046FFF742FF9DB118235C
:10BAA00003FB0472127D012A10D92C4A03FB047394
:10BAB00014704FF4006200920C3306F129022946FB
:10BAC000304600F047FF02B0BDE8F087FBD1DFF859
:10BAD0009080DFF89090DFF890A02E46728933892D
:10BAE0009A4208D1336833B143464FF47B724946DA
:10BAF000504602F0C3FA337B012B1BD13668002E6F
:10BB0000ECD12846FBF7C0FB2E46182505FB04F3B5
:10BB1000F85808B1FBF710FA654300207E51D2E7D0
:10BB20006FF00F00CFE72046CDE7002DB2D04FF0E9
:10BB3000FF30B4E7318900220220FBF767FA06469E
:10BB400038B12946FBF700FC0028DED03046FBF771
:10BB5000F3F94FF0FF30B6E71CBA002018BA002006
:10BB6000F00501085F070108BBF20008F0B50E46BA
:10BB700085B01546044630B93F4B4049404840F235
:10BB80001B3202F07BFA36B93B4B3E493C484FF43E
:10BB9000477202F073FA35B9374B3B49384840F2E7
:10BBA0001D3202F06BFA2868214600F0EAFA0028FC
:10BBB0005CD12B6803F0F002E02A1CD10123ADF820
:10BBC00008305E238DF80A306B7803F07F038DF820
:10BBD0000B30AB788DF80C30EB788DF80D3002AB74
:10BBE0004FF400620092314604F12902204600F031
:10BBF000B1FE05B0F0BD6268A1685A400A4208D0A3
:10BC00009BB24FF6A962934203D0E36883B304F179
:10BC10000C051E491E4B0A78182000FB0233187DC4
:10BC200001280AD928685B68984206D13146204627
:10BC300005B0BDE8F040FFF7B3BE154B0022187DFC
:10BC4000012806D92F685868874202D1D2B20A70FB
:10BC5000ECE701320A2A03F11803F0D132462946F3
:10BC6000204605B0BDE8F040FFF7F0BE094BB7E74E
:10BC70006FF00300BDE700BFF0050108990401085B
:10BC8000BBF20008AEF70008EC06010818BA002065
:10BC90001CBA0020BA0E0108F0B5044687B00F4662
:10BCA0001646242100220120FBF7B0F9054690B387
:10BCB0004389232B06D8194B19491A4840F26112BF
:10BCC00002F0DCF960686C68002323716371A37172
:10BCD000E37127706670034604F1080200F11C014D
:10BCE00053F8046B42F8046B8B42F9D1C368059397
:10BCF00005A800F0B7F858B100210123A170E17048
:10BD000005AACDE900130290FF23284600F028FA87
:10BD10002846FBF711F907B0F0BD00BF790701080D
:10BD2000AE070108BBF200082DE9F043434FD7F8F6
:10BD3000089099F8005005F00F05AD00132D85B05F
:10BD4000044688462AD94389032B27D943681B78A0
:10BD5000082B23D1786900F0F003E02B1ED039685E
:10BD600000F00FFA0646C8B92389072B16D905F14A
:10BD70000E012046FBF7DAF800284FD0218929442C
:10BD8000324689B20220FBF741F9064630B14289BA
:10BD900005F108039A4207D2FBF7CEF8204605B01A
:10BDA000BDE8F043FBF7C8B8494640682A4602F0B0
:10BDB0004AFB69423046FBF7B9F838B1204B2149BC
:10BDC0002148AF2202F05AF93046E5E721463046D5
:10BDD000FBF7BAFA0028F7D12046FBF7ADF8344656
:10BDE000294620466668FBF7A1F802460028D5D10F
:10BDF00060687B69C3603B6903610121FF23327086
:10BE0000B270F27003728272C272CDE90021CDF875
:10BE100008800E49204600F0A3F9BFE7C5F57F4131
:10BE2000F23109B22046FBF781F80028D8D0044B44
:10BE300007490548C02202F021F9AFE71882002027
:10BE400079070108DA070108BBF200082C820020FC
:10BE50000F0801080A460321FFF71EBF0A460B21FF
:10BE6000FFF71ABF30B5134B0246186868B9124B7A
:10BE70001B684BB193F82F2002F00502052A03D16D
:10BE80005A68002A18BF184630BD90F82F10CD0709
:10BE90000DD54C070BD543684BB1146885686340DA
:10BEA0002B42F1D08B0702D4C3689C42ECD00068CF
:10BEB000DCE700BF80B900207CB900202DE9F84FF5
:10BEC000D0F8048098F800904FEA1913042B044628
:10BED0000F4605D02046FBF72FF80020BDE8F88F6D
:10BEE000B8F80200FAF706FC238909F00F0983422B
:10BEF0004FEA8909054603D901462046FBF758F960
:10BF000063894B45E6D32389AB42E3D3B9F1130FE1
:10BF1000E0D9D8F81030534D6B6103F0F003D8F836
:10BF20000C202A61E02B97F82F200CD1D20705D4E2
:10BF300098F80930112B76D000261DE07B68002B85
:10BF4000F6D03E4618E0DFF820B13E464FF0010A39
:10BF500096F82F30DB0704D4BAF1000F56D13668BB
:10BF600059E07368002BF7D06869834204D03146EA
:10BF700000F007F90028EFD0286948B1394600F0F1
:10BF800000F90028A6D12B6903F0F003E02BA1D023
:10BF9000002E9FD0B8F8063023F0C0033BB12046F6
:10BFA00000F00EFA0446002897D0D0F80480C5F8B7
:10BFB0000880C5E9006798F8003003F00F039B0084
:10BFC000C9F100012046AB81FAF7B0FF98F80930BB
:10BFD000062B3CD0112B2ED0012B3DD06869314669
:10BFE00000F0CFF870B96B6903F0F003E02B09D0D3
:10BFF00049462046FAF79DFFC4F8048002212046F6
:10C00000FFF728FF2046FAF797FF18E02B7D7F2BDC
:10C010008ED0DBF80060BE4208BF36684FF0000AE1
:10C02000002E95D184E708EB09035B88B3F5884FB0
:10C0300082D13E46AEE739462046FDF7FBFF00239E
:10C04000C5E90033C5E90433AB60AB8145E7394648
:10C050002046FCF787FDF2E739462046FFF764FEED
:10C06000EDE700BF1882002080B900202DE9F347DA
:10C070009846C3890C9F012B05468946164606D073
:10C08000314B3249324840F2333201F0F7FF002E93
:10C090004CD014212846FAF749FF002851D16B896A
:10C0A0006C68132B06D8284B2A4929484FF458723C
:10C0B00001F0E4FF9DF82C3084F808806372336847
:10C0C0002361452323709DF8283063702889DFF8A9
:10C0D0008CA0FAF70FFB4FF00008608084F8068010
:10C0E000BAF8000084F80780FAF704FBBAF80030C9
:10C0F000A0800133AAF80030B9F1000F13D1164B1C
:10C100001B68E36084F80A8084F80B80FB8C93B191
:10C110002A899A420FD932463946284600F0ECFA6D
:10C1200002B0BDE8F087D9F80030EAE76B681B6918
:10C13000019301AEEAE77B693246294638469847C3
:10C14000EEE76FF00100EBE7410801087508010810
:10C15000BBF2000881080108B00E01080CBB0020EA
:10C16000F0B4069C9DF810509DF814601AB109B106
:10C170000F6807B9211DCDE905640495F0BCFFF7F0
:10C1800075BF431E0333024612D891F82F3013F0C7
:10C19000020010D04B6893420CD0896853400B4288
:10C1A00008D1CB4322EA0102D31A584258417047C2
:10C1B000012070470020704738B50C4B1A68824246
:10C1C00004460D4607D102681A6021460420BDE8E6
:10C1D0003840FAF735BD31B9054B0649064840F2FB
:10C1E000451201F04BFF23682B60EEE710BB0020E7
:10C1F000AE080108E7080108BBF2000881422DE9FA
:10C20000F84F04460E4605D12F4B30493048AB223B
:10C2100001F034FF46B13368A34205D02A4B2D49C3
:10C220002B48AD2201F02AFF67687B689A8892BB91
:10C230001A68626004F11C0104F1080252F8040B50
:10C2400043F8040B8A42F9D101213846FFF706FE74
:10C250003846FBF711F805463846FAF76DFE676871
:10C26000DFF86480DFF87890DFF864A0AFB920468B
:10C27000194C3146FFF7A0FF2388AB4205D2124B81
:10C2800016491348D22201F0F9FE23885B1B238054
:10C290002846BDE8F88F0025E1E77B683846D3F8EB
:10C2A00000B0FAF7E9FF0544B5F5803F05DB4346EA
:10C2B000CC224946504601F0E1FE3846FAF73CFEF2
:10C2C000ADB25F46D2E700BFAE0801080009010821
:10C2D000BBF200080C0901080EBB00203B09010855
:10C2E0001E0901082DE9F041DFF8708005460F4670
:10C2F0000026D8F8003073B300242146A446204617
:10C30000D5F80CE05A69724509D1D5F810E09A6960
:10C31000724504D1B3F80CE0AA88964508D00134E0
:10C32000B0B1C27F93F81FE096459CBF61461846A6
:10C330001A689C4652B910B1FFF760FF0644BE422E
:10C3400001DA012CD5DC3046BDE8F0811346D7E791
:10C3500061461846ECE71C46F1E700BF10BB002021
:10C3600010B5044630B9084B084909484FF42E72FD
:10C3700001F084FE606908B1FAF7DEFD2146052070
:10C38000BDE81040FAF75CBCAE0801085609010888
:10C39000BBF2000838B5094B1868002400B938BD55
:10C3A000C37F056823B1013BC37704462846F5E700
:10C3B0002146FFF723FF2046F7E700BF10BB002010
:10C3C0002DE9F74F45682B7803F00F03052B07463F
:10C3D00040F09180E888B04CFAF78CF9C0F30C0873
:10C3E0006888FAF787F92B7803F00F03A0EB830036
:10C3F00083B238460193FAF73FFF238803440A2BA0
:10C400004FEAC80882466DDCA44E3468002C77D110
:10C410000420FAF7F9FB044658B951462846FFF7BD
:10C4200061FF824567DC0420FAF7EEFB0446002832
:10C4300061D01C220021201D01F080FF0323E3773F
:10C440003368236034602B4604F1080205F11401BF
:10C4500053F8040B42F8040B8B42F9D1B5F806B03F
:10C460001BF0200B08D1019B43449BB2984542D856
:10C470004FF6EB7293423ED87D686888FAF73AF936
:10C480002B7803F00F03A0EB8302E8881FFA82F9F0
:10C49000FAF730F9C0F30C037E68D4F804E0DB004F
:10C4A000002509EB030235707570B570F570B38027
:10C4B0001FFA82FCF28070464FF00109002847D134
:10C4C000002D00F0D680EA889A4206D9744B75494F
:10C4D000754840F2AB1201F0D1FD2F60EA88B388B5
:10C4E0009A4245E001462846FFF7FCFE18B1238832
:10C4F00053440A2B88DD3846FAF71EFD0027A3E0D7
:10C50000EB6862699A4207D12B69A2699A4203D10A
:10C51000A289AB889A4201D0246877E7E888FAF7C5
:10C52000E9F8C0F30C00002898D1E089FAF7E2F8A6
:10C53000C0F30C00002891D02B4604F1080205F14D
:10C54000140153F8040B42F8040B8B42F9D185E730
:10C55000426891888B427FD23060002D78D0EA8883
:10C560009342C0F0A9808C4500F2A6802F609342D0
:10C5700001D04FF00009BBF1000F04D0A37F13F0EE
:10C58000010300F0A480B9F1000F1DD06368002BF7
:10C5900000F09D8059688B88002B40F098803368AC
:10C5A000002B71D1B14206D13D4B40493E4840F28B
:10C5B000D51201F063FD336833B1394B3C493A4839
:10C5C00040F2D71201F05AFD334E33885344338082
:10C5D000BBF1000F07D1019B9844A37FA4F81C80F6
:10C5E00043F00103A377B9F1010F87D1A38B143373
:10C5F000A38363685F683D6804F108033A4604F169
:10C600001C0153F8040B42F8040B8B42F9D1A08BA8
:10C61000FAF770F800237880BB71FB71BB72FB7274
:10C620006768002D56D11D4B1B68A34202D01D46E2
:10C63000002B5DD129462046FFF7BEFD3846FAF7AC
:10C640001BFE33881B1A3380384603B0BDE8F08FD9
:10C650008C4531D867608EE72ED0D08898422BD891
:10C6600025B1E888884218BF4FF0000910681546C8
:10C6700024E7BEF1000FEDD0094B0E490A4840F205
:10C68000B31201F0FBFCE5E75A68F0889388984202
:10C690001DD11368164683E70EBB002010BB002097
:10C6A000AE08010862090108BBF20008B7090108D9
:10C6B000C4090108800901083846FAF7DDFD0D4A72
:10C6C00013881B1A38461380FAF736FC13E74FF02D
:10C6D000000979E7D5F804806FF013012846FAF7CE
:10C6E00025FC29463846FAF7EBFDD8F8005098E7C4
:10C6F0002B689AE70EBB00202DE9F04F8BB0064661
:10C700000792CA8CB2F1140348BFA2F10D03DF10E7
:10C71000C3F3CF030693436802931B7803F00F0320
:10C72000052B89460BD05F4B5F4940F2E1225F4801
:10C7300001F0A4FC6FF005000BB0BDE8F08F029B88
:10C74000D888F9F7D7FFC0F30C0310F40054039313
:10C7500004D0544B564940F2E622E8E73589BFB28F
:10C76000143DFB00ADB205934FF014080DB92846F7
:10C77000E2E7059BAB42A8BF2B469A4600229BB23C
:10C78000142102200493FAF741FC074610B94FF038
:10C79000FF30D1E77389132B06D8424B45494348F4
:10C7A0004FF4427201F06AFC029B7A681946143118
:10C7B00053F8040B42F8040B8B42F9D1D7F804B0BC
:10C7C000BAF1000F5FD1039BC3F30C00B9F8263018
:10C7D000133B9D42A8BF40F40050F9F78BFF049B28
:10C7E000ABF8060003F1140080B2F9F783FF4FF0B5
:10C7F0000003079AABF802008BF80A308BF80B3075
:10C800003946D9F81430484698473846FAF794FB29
:10C81000049B069AEB1A9DB2039B1344A0449BB25F
:10C820001FFA88F80393A1E70520FAF7EDF903460C
:10C8300018B93846FAF780FBA9E7019472680890A6
:10C8400042440092214602220420FAF741FB089B51
:10C8500020B919460520FAF7F3F9EAE7CDE908030C
:10C860003046FAF711FD099B134A08995E61AAEB5D
:10C87000040A1A6138461FFA8AFAFAF721FDBAF15A
:10C88000000F0BD19FE7DDF810A07489A4EB08041A
:10C89000A4B2544528BF5446002CC5D136684FF089
:10C8A0000008F2E7AE080108E6090108BBF200083B
:10C8B0000D0A0108270A010861C3000843890E2BED
:10C8C00070B504460D4614D9406803788689D907A7
:10C8D0000AD5012B11D1437833B983785E2B03D16C
:10C8E000637B43F010036373082E10D0B6F5C16F5D
:10C8F0001ED02046FAF720FB18E01549062201F069
:10C900000DFD0028F0D1637B43F00803EBE795F8B9
:10C910002F301A07EDD56FF00D012046FAF706FB10
:10C920000028E6D129462046FFF7C8FA002070BD4E
:10C9300095F82F301B07DCD56FF00D012046FAF774
:10C94000F5FA0028D5D129462046FEF739FFEDE754
:10C95000BA0E01082DE9F0410446BDF818000D4655
:10C9600016461F46F9F7C6FE0E2180462846FAF7FE
:10C97000DDFAE0B96968A1F80C803B680B60BB8800
:10C980008B803368C1F80630B3884B8194F8283027
:10C99000062B06D0084B0949094840F22B1201F03A
:10C9A0006DFBA36929462046BDE8F04118476FF0AA
:10C9B0000100BDE8F08100BF470A01087C0A0108B8
:10C9C000BBF2000813B50423044600916846002119
:10C9D0000193F8F736FA2060B0FA80F0400940423F
:10C9E00002B010BD38B504460D4620684FF0FF3246
:10C9F0002946F8F72BFA0028F7D138BD08B50022F0
:10CA00000068F8F723FA003818BF0120404208BD3B
:10CA1000F0B585B006460D461746F8F769F90446A5
:10CA200077B131683A4601A8F8F739FA019B102B23
:10CA30000DD1029B2B60F8F75BF9001B05B0F0BD30
:10CA400031684FF0FF3201A8F8F729FAF1E74FF00B
:10CA5000FF30F3E70068003818BF0120704700007E
:10CA600008B50348F8F763F9024B186008BD00BF2A
:10CA7000C00E010814BB002013B50023044601A812
:10CA80000193F8F754F92060B0FA80F04009404271
:10CA900002B010BD00684FF0FF31F8F74BB90068E5
:10CAA000F8F76FB97FB5CDE901010899ADF80C1021
:10CAB0000021CDE9041301A81146F8F720F907B0C9
:10CAC0005DF804FB08B5044B4FF0FF311868F8F728
:10CAD00031F9012008BD00BF14BB0020014B1868CC
:10CAE000F8F74FB914BB0020044B1B681B681A6889
:10CAF0001206FCD580B25860002070471CBB002095
:10CB0000014B1860704700BF1CBB0020FFF7ECBF53
:10CB10002DE9F74FDFF898A0DAF82C604FF0000805
:10CB2000B3680C46454640F2F45B2CB920482946D0
:10CB3000F4F768F8204604E03268002A0FDA6FF054
:10CB40000700DAF8003003F580535A69920641BFB6
:10CB500020225A6100225A6003B0BDE8F08F62893A
:10CB600047464FF00009616807EB0208D84503EB20
:10CB70000700494408D8CDE9002301F064FC009A7D
:10CB80002468019B1544D0E7ABEB070201F05BFC86
:10CB9000F6683368002BD2DB09F2F45905F2F4553C
:10CBA000A9EB0709ED1BB368A8F2F4520027DAE7F6
:10CBB00020BB00202DE9F74F8246354C20684FF00E
:10CBC000FF31F8F715F90028F8D1324E3148F4F763
:10CBD00087F804460028F0D1B18F376CF1B90025F1
:10CBE000336B0022B16B8A424BD30023B3633368AB
:10CBF00003F580535A69120641BF80225A61002210
:10CC00009A60002DD9D0DAF810305146284698475E
:10CC10000028DBD02846FAF78FF9D7E70322042053
:10CC2000FAF7F4F905460028D9D0D6F830B03B46DB
:10CC300007467A89A0464FF00009786808EB02049D
:10CC400040F2F45C6445484403EB080107D80193C3
:10CC500001F0F9FB3F68019B002FEAD1C0E7C8F55E
:10CC6000BE62043201F0EFFBDBF80CB009F2F459BC
:10CC7000A9EB0809DBF80830A4F2F4524FF00008E1
:10CC8000DBE7196841F000411960DB680132A9E770
:10CC900068BB002020BB0020F0B502682D4B9A42F3
:10CCA00089B055D1A3F59043002400941A6B2A480B
:10CCB00042F000721A631A6B02F000720092009A3E
:10CCC00001941A6B42F080621A631A6B02F0806260
:10CCD0000192019A02941A6B42F000621A631B6B74
:10CCE000059403F000630293022703260B25029BA1
:10CCF00003A93223CDE90337CDE90665F4F710FA2D
:10CD000086231648079503A9CDE90337CDE90546E3
:10CD1000F4F706FA4FF400531148079503A9CDE93B
:10CD20000337CDE90546F4F7FBF94FF420530D48DE
:10CD3000079503A9CDE90337CDE90546F4F7F0F9E6
:10CD40003D2022460521F3F78BFC3D20F3F7BAFC8A
:10CD500009B0F0BD0080024000080240000002401F
:10CD60000004024000180240014B1868F8F767B849
:10CD700068BB0020F0B504468BB030B9404B414948
:10CD8000414840F2472201F079F9404D404947F2CD
:10CD90007343012223863F4B6361C5E900123E4B7A
:10CDA0003E49A36103910023662101932B82ADF8D4
:10CDB0001010EB6103A94FF400032846C5E90512E2
:10CDC0002B62F4F781F828B994F82F3043F004036C
:10CDD00084F82F30324A33492C48334E0423F3F77A
:10CDE0009DFE324A324929480423F3F7D2FE062336
:10CDF00084F828306B691A7884F829205A7884F8E6
:10CE00002A209A7884F82B20DA7884F82C201A7952
:10CE100084F82D205B7984F82E3040F2DC53E384D3
:10CE200094F82F3043F00A0384F82F3000270121B3
:10CE300002A80297F7F7C9FF1E4B18600FCE05AD89
:10CE40000FC533682B60214605A8F7F758FF0F4838
:10CE5000F4F72CF901AA0B210C48F3F7C4FF019A4F
:10CE60000A4842F00B020B210192F3F7F6FF01AAE8
:10CE70000B210648F3F7B7FF38460BB0F0BD00BFF3
:10CE8000AD0A010899040108BBF2000820BB00208C
:10CE9000008002406DBB000811CB00080080E1005B
:10CEA0006CBB00200CEB002088EE00083CD3002077
:10CEB0008CEB002068BB0020F3F7A6BB08B5034944
:10CEC0000348F7F70DFF034B187008BD0CEC00206A
:10CED000DC0E010810EC002030B5002185B00846BA
:10CEE000F9F7C8FB114B1249124A134D134C00209D
:10CEF0001860086010600295114DCDE900052046CC
:10CF0000F9F700FF2046F9F73FFF94F82F305B0751
:10CF1000204607D5F9F73EFF084805B0BDE8304088
:10CF2000FEF766B9F9F744FFF6E700BF14EC0020FE
:10CF30001CEC002018EC0020F565000820EC002017
:10CF400075CD000807B500F0D9FCFFF7B7FFFFF774
:10CF5000C3FF0C212348F5F733FB234800F055FCB1
:10CF6000002201211420F8F7DBF8204B186010B9DB
:10CF70001F4800F04AFC032200210120F8F7D0F8F6
:10CF80001C4C206010B91C4800F03FFC00231A46DE
:10CF900019462068F8F75CFA00240323CDE9003431
:10CFA00021462346A0221548F8F7C0FB144B0193F5
:10CFB00001232146A022009312482346F8F7B6FB2E
:10CFC000114800F022FC114800F01FFC04F18044DD
:10CFD00004F5013420460121F4F78BF9C820F8F755
:10CFE00027FEF7E764ED0020C70A010858EC00208F
:10CFF000FA0A010854EC0020140B010811D00008B3
:10D000005CEC002041D00008310B01089C0B0108AA
:10D0100008B50A4C012280212046F4F765F94FF447
:10D02000FA70F8F705FE204600228021F4F75CF93B
:10D0300040F25230F8F7FCFDECE700BF000402407C
:10D0400007B5F8F78FFC114D114E124C01904FF4BB
:10D050007A7101A8F8F7A2FDF8F784FC014628468A
:10D0600000F0D3FB4FF480413046F4F742F900233F
:10D0700020681A460DF10301F8F7EAF90028E6D016
:10D080009DF80310044800F0C0FBE0E7550B0108D1
:10D090000004024058EC00206F0B0108014800F02A
:10D0A000B4BB00BF960B010870B594B0284B0021AB
:10D0B00001911A6C42F080521A641B6C03F0805389
:10D0C0000193019B234B02911A6842F440421A607B
:10D0D0001B6803F440430293029B01214FF4A023F9
:10D0E0000224CDE908134FF48003CDE90E43042652
:10D0F000A823CDE9106308A8072312941393F4F72B
:10D100006DFD00B1FEE705904FF4A0524FF480533F
:10D110000F25052103A8CDE90354CDE90623F4F733
:10D1200011FF044600B1FEE7F4F7A4FF4FF47A7351
:10D13000B0FBF3F0F3F7D2FA3046F3F7E3FA224606
:10D1400029464FF0FF30F3F78BFA14B070BD00BFE3
:10D15000003802400070004000B591B07F4D0024BF
:10D16000F3F72CFAFFF7A0FF01942B6B7C4843F0F8
:10D1700004032B632B6B03F004030193019B0294C4
:10D180002B6B43F080032B632B6B03F08003029324
:10D19000029B03942B6B43F001032B632B6B03F077
:10D1A00001030393039B04942B6B43F002032B6353
:10D1B0002B6B03F002030493049B05942B6B43F049
:10D1C00040032B632B6B03F040030593059B0694F0
:10D1D0002B6B43F008032B632B6B03F008030693C0
:10D1E000224644F28101069BF4F77EF822465D4810
:10D1F0004021F4F779F85C4B5C480B944FF40056EF
:10D2000009A9CDE90963F3F78BFF012644F28103F5
:10D21000534809A9CDE90936CDE90B44F3F780FF5E
:10D22000534B5048099609A9CDE90A36F3F778FF20
:10D2300040234C4809A9CDE90936CDE90B44F3F761
:10D240006FFF802347480B9409A9CDE90934F3F710
:10D2500067FF224605210620F3F702FA0620F3F7BE
:10D2600031FA224605212820F3F7FAF92820F3F7AE
:10D2700029FA00942B6B43F400132B632B6B3D4D69
:10D2800003F400132246052100930C20009BF3F7C2
:10D29000E7F90C20F3F716FA224605210E20F3F7E2
:10D2A000DFF90E20F3F70EFADFF8E4C02C614FF43B
:10D2B000E1330C262846C5E900C3C5E90244C5E9A7
:10D2C0000564EC61F5F7DCFA00B1FEE72A4C4AF29E
:10D2D00010434FF08041C4E90013A0604FF4007385
:10D2E0004FF47A50C4E903032046F5F79FF800B1E4
:10D2F000FEE7CDE9070007A92046F5F763F900B17D
:10D30000FEE7602240F6B833CDE909230B900D907B
:10D31000324609A92046F5F7D3F8064600B1FEE7E4
:10D32000204600F0A3F82846FFF7EAFB1348144D07
:10D3300000F06BFA134800F068FA134800F00EFF93
:10D340000FCD09AC0FC42B682360314609A8F7F74D
:10D35000D6FC0E4B1860F7F7C6FCFEE7003802401B
:10D3600000040240001802400000111000080240B2
:10D370000000211024ED002064ED00209E0B010828
:10D380009CEE0008D80B0108FF0B010860EC0020A0
:10D39000004800400268034B9A4201D1F3F728B9D4
:10D3A000704700BF00100040FEE7000013B5234B9C
:10D3B000002400945A6C42F480425A645A6C02F47D
:10D3C00080420092009A01941A6C42F080521A64D2
:10D3D0001B6C03F0805301930320019BF3F72EF99C
:10D3E000224621466FF00B00F3F73AF92246214618
:10D3F0006FF00A00F3F734F9224621466FF0090076
:10D40000F3F72EF9224621466FF00400F3F728F9CE
:10D41000224621466FF00300F3F722F922460F213E
:10D420006FF00100F3F71CF922460F214FF0FF3097
:10D4300002B0BDE81040F3F713B900BF0038024056
:10D440000368B3F1804F82B00BD100230193064BE8
:10D450001A6C42F001021A641B6C03F00103019381
:10D46000019B02B0704700BF003802407FB50368DF
:10D47000B3F1804F0DD102234FF40062CDE90123B7
:10D480000023CDE903330448012301A90593F3F7F1
:10D4900047FE07B05DF804FB0004024070B5026867
:10D4A000304B9A4286B006465AD1002503F5F83330
:10D4B00000951A6C42F480221A641B6C03F48023DA
:10D4C0000093009B4FF440700223CDE90103012437
:10D4D0000323CDE903432448244C072301A90593E2
:10D4E000F3F71EFEDFF894C04FF00063C4E900C3F9
:10D4F00020464FF48063C4E90255C4E90435C4E909
:10D500000655C4E90855F3F71FF918B11848C121A9
:10D51000FFF74AFF174A7463A663174C4FF0006386
:10D52000C4E90023402100234FF480622046C4E96F
:10D530000213C4E90423C4E90633C4E90833F3F74A
:10D5400003F918B10A48D321FFF72EFF34632720CF
:10D5500000220521A663F3F783F82720F3F7B2F83A
:10D5600006B070BD00480040000C0240C4EC002032
:10D57000340C01085860024064EC0020286002402E
:10D5800030B5014689B000223620F3F769F836201D
:10D59000F3F798F80025154B02951A6C144C42F0DD
:10D5A00010021A641B6C03F01003029301A903A874
:10D5B000029BF4F785FDF4F763FD0E4B236040F208
:10D5C000E733E36040000C4BB0FBF3F001386060E0
:10D5D00020462561A560F4F70FFF20B92046F4F737
:10D5E0000EFE09B030BD0120FBE700BF003802404D
:10D5F000A0ED00200010004040420F00F7F789BC6A
:10D6000008B5024800F001F9FEE700BF4F0C010821
:10D610000148F3F729B900BFC4EC00200148F3F733
:10D6200023B900BF64EC00200148F5F78FB900BFB3
:10D6300024ED00204FF40050F3F760BE0148F4F7EA
:10D64000EDBD00BFA0ED00200148F3F78EBB00BF89
:10D6500020BB00200148F3F755BF00BFB4F1002004
:10D660000C4A1168034609B90B4911604FF0E021DB
:10D670001068D1F8081D09680344A1F500518B42D8
:10D6800089BF064B13600C224FF0FF3088BF1A6031
:10D69000704700BFDCED002094F5002018BB00208F
:10D6A00001207047024B16221A604FF0FF3070477E
:10D6B00018BB0020014B16221A60FEE718BB0020A1
:10D6C00070B50D4614460E46731B9C4201DC204685
:10D6D00070BD16F8010BFFF707FAF5E74FF0FF30C2
:10D6E00070474FF400534B60002070470120704793
:10D6F0000020704770B50D4614460E46731B9C42C1
:10D7000001DC204670BDAFF3008006F8010BF5E7A1
:10D710000F49D1F8883043F47003C1F888300D4BBD
:10D720001A68002042F001021A6098601A6822F01C
:10D73000847222F480321A60074A5A601A6822F40E
:10D7400080221A60D8604FF000638B60704700BF82
:10D7500000ED00E0003802401030002410B5441EF7
:10D7600014F8010F00B910BDFFF7D0F9F8E7F0B5D4
:10D77000002987B03DDA0028C1F1000139DA4042C2
:10D780002D27002ABABF524230262026142A2EDC2A
:10D790000025C9B2B0FBF1FE01FB1E04E3B2092C67
:10D7A00088BF073305F1180C88BFDBB2EC446C1C52
:10D7B00030338142E4B20CF8143C1CD947B104F177
:10D7C00018030DEB030402352D2304F8143CECB2CE
:10D7D0009442234612DB651E01AB53FA85F5013CEA
:10D7E000E4B215F80109FFF791F9002CF7D107B061
:10D7F000F0BD0027C5E770462546CBE718336B44DC
:10D800000134E4B203F8146CE2E70FB437B506ABA9
:10D810000A2553F8044B0193207898B3252803D0A8
:10D820000134FFF773F9F7E76378302B21D1A37840
:10D8300001200334002204E005FB021114F8013B2F
:10D840000A44A3F130010929F6D900B152426C2BE8
:10D8500006BF14F8013B01200020642B2ED00BDC06
:10D8600083B1632B1AD0582B24D0622B0AD102210A
:10D8700028E002340020DDE7732B08D0752B1BD085
:10D88000782B17D003B0BDE8304004B07047019B3F
:10D890001A1D18680192FFF761FFBDE7019B1A1D71
:10D8A00018780192BDE7019B53F8040B01936FF0C8
:10D8B00009010BE0102105E00A2103E00028F2D065
:10D8C0006FF00901019B181D01901868FFF74FFFC9
:10D8D000A2E7000004290BD0052902D0022904D0B8
:10D8E0007047054B03221A707047034B197070473D
:10D8F000014B0122F7E700BFE0ED002010B5074C17
:10D90000074901222046F6F7EFFB20460549F6F7C6
:10D9100029FC2046BDE81040F6F7A6BCE4ED002047
:10D92000D5D800080400002010B50368B3F1A04F5B
:10D9300086B02ED14FF4E85202230024CDE9012312
:10D940000323CDE9034314480A2301A90593F3F700
:10D95000E7FB4FF400731048039401A9CDE90134AB
:10D96000F3F7DEFB0D4B5A6B42F080025A630094D2
:10D970005A6C42F480425A645B6C03F48043009317
:10D98000432022460521009BF2F76AFE4320F2F76E
:10D9900099FE06B010BD00BF0000024000380240F2
:10D9A000D0F89402F6F763BED0F89402F6F76DBE95
:10D9B000D0F89402F6F784BED0F89402F6F7AABE27
:10D9C00010B590F8BC33012B04461FD11048C4F8A1
:10D9D000C0034FF0A04202604FF0080C0322C0E9E0
:10D9E00002C2002202610222C0E90623C0F894426A
:10D9F000F3F7D5FC18B10748E521FFF7D5FC04483B
:10DA0000F4F7E6F801462046F6F72EFE002010BD9A
:10DA1000B4F10020610C010808B5D0F8C003F4F798
:10DA2000A1F818B102280CBF0120022008BD08B5DA
:10DA3000D0F8C003F4F7ACF818B102280CBF0120ED
:10DA4000022008BD08B5D0F8C003F4F7C4F818B137
:10DA500002280CBF0220012008BD08B5D0F8C00381
:10DA6000F4F7A8F818B102280CBF0120022008BD65
:10DA7000D0F8C003F4F7A7B81FB5BDF82040029452
:10DA80009DF81C4001949DF818400094D0F8C00304
:10DA9000F3F740FC18B102280CBF0120022004B0AB
:10DAA00010BD08B5D0F8C003F3F767FC18B1022821
:10DAB0000CBF0120022008BD1FB59DF8244003942F
:10DAC000BDF820400294079C01949DF818400094F2
:10DAD000D0F8C003F3F7A1FC18B102280CBF012055
:10DAE000022004B010BDD0F8C003F4F766B808B542
:10DAF00090F8BC33012B02D1084600F0CBF8C820C7
:10DB0000F2F788FD002008BDD0F8C033282000FBC4
:10DB1000013191F83B301BB181F850200020704753
:10DB200081F85120FAE7D0F8C033282202FB0131F6
:10DB300091F83B3013B191F85000704791F85100C3
:10DB40007047F2F767BD002070470000014608B536
:10DB50000348F5F771FFB0FA80F0400908BD00BF37
:10DB6000E4ED002010B514468EB0032925D8DFE877
:10DB700001F00D020F19014601AA1148F5F76DFFDA
:10DB800010B101200EB010BD029B23600020F9E708
:10DB9000014601AA0A48F5F760FF0028F1D1BDF857
:10DBA0000C30F2E7014601AA0548F5F756FF0028B8
:10DBB000E7D1BDF80C305B0AE7E70420E2E700BFDD
:10DBC000E4ED002010B590B0044600930B460146EA
:10DBD0000F48F5F75AFFB0B10D4803AA2146F5F7F3
:10DBE0003CFF9DF81930282B03D03A2B01D0042B91
:10DBF0000BD1084800F042FA074800F03FFA0A202B
:10DC000000F04EFA032010B010BD0120FBE700BF6A
:10DC1000E4ED00200EF00008740C010810B590B07F
:10DC2000044600930B4601461648F5F770FF60B1B5
:10DC3000144803AA2146F5F710FF9DF81930272B49
:10DC400009D004D8042B11D0012010B010BD282B0E
:10DC50000CD03A2BF7E70C4800F010FA0B4800F014
:10DC60000DFA0A2000F01CFA0220EEE7064800F048
:10DC700005FA074800F002FA0A2000F011FA032022
:10DC8000E3E700BFE4ED00200EF000088B0C010874
:10DC9000740C0108B0FA80F2520902484021F3F7EF
:10DCA00023BB00BF00180240DFF834D0002103E09E
:10DCB0000C4B5B58435004310B480C4B42189A42B2
:10DCC000F6D30B4A02E0002342F8043B094B9A4288
:10DCD000F9D3FFF71DFD00F08FFBFFF73DFA70470A
:10DCE00000000320000F0108000000209000002029
:10DCF0009000002094F50020FFF782BCFEE70000B2
:10DD0000024B0146186800F02DB800BF400000200B
:10DD1000024B0146186800F0C3BB00BF4000002062
:10DD200070B50F4E0C463168054611B900F042FB44
:10DD300030602146284600F03DFB431C03D14FF0E4
:10DD4000FF34204670BDC41C24F00304A042F8D068
:10DD5000211A284600F02EFB0130F2D1EFE700BF78
:10DD60004CF400202DE9F843CD1C25F003050835BF
:10DD70000C2D38BF0C25002D064601DBA94204D925
:10DD80000C2333600020BDE8F883DFF8D48000F076
:10DD900069F8D8F800301C4644BB29463046FFF7E6
:10DDA000BFFF431C044658D1D8F800402746002F37
:10DDB00043D1002C4BD023683946304604EB03098D
:10DDC00000F0F8FA814542D121686D1A29463046A3
:10DDD000FFF7A6FF01303AD023682B442360D8F820
:10DDE00000305A6862BBC8F800700FE02268521B0E
:10DDF00020D40B2A17D96119A342256018BF596096
:10DE0000636808BFC8F8001062514B60304600F0EC
:10DE10002FF804F10B00231D20F00700C21A1CBFCD
:10DE20001B1AA350AFE76268A3420CBFC8F80020DA
:10DE30005A60EBE723466468AEE73C467F68B6E786
:10DE40001A465B68A342FBD100235360DEE70C2334
:10DE50003360304600F00CF894E70560D6E700BF69
:10DE600050F40020014800F0ECBA00BF90F500200B
:10DE7000014800F0E7BA00BF90F50020164B10B53E
:10DE80001C68236BB3B91820FFF73AFF02462063E2
:10DE900020B9124B1248522100F0E4FA1149124BFA
:10DEA000C0E90013114B83600B2383810021012003
:10DEB000C2E90401216B0E480B694C690D4A5843B5
:10DEC00002FB0400A3FB0232013340EB0200C1E974
:10DED000043020F0004010BD40000020A80C0108D4
:10DEE000BF0C01080E33CDAB34126DE6ECDE05003D
:10DEF0002DF451582D7F954C002310B50446C0E9F0
:10DF00000033C0E90433836081814366C281836149
:10DF1000194608225C3000F011FA0D4B63620D4B7C
:10DF2000A3620D4BE3620D4B23630D4B24629C42B5
:10DF300006D003F16802944202D0D0339C4205D14E
:10DF400004F15800BDE8104000F07ABA10BD00BFDF
:10DF50006DE100088FE10008C7E10008EBE100086F
:10DF600054F40020024A0349034800F069B800BF96
:10DF700034000020D9EB00084400002041680C4B1D
:10DF8000994210B5044601D000F026FEA168094B65
:10DF9000994202D0204600F01FFEE168064B9942EC
:10DFA00004D02046BDE8104000F016BE10BD00BFF2
:10DFB00054F40020BCF4002024F5002010B50B4BD5
:10DFC0000B4C0C4A1A60204600220421FFF794FFF4
:10DFD00004F1680001220921FFF78EFF04F1D0004F
:10DFE0000222BDE810401221FFF786BF8CF5002009
:10DFF00054F4002065DF0008014800F022BA00BF99
:10E0000091F50020014800F01DBA00BF91F50020F5
:10E0100010B50446FFF7F0FF236A1BB1BDE81040BE
:10E02000FFF7F0BF044B2362044B1B68002BF5D1B4
:10E03000FFF7C4FFF2E700BF7DDF00088CF500208A
:10E040002DE9F8430746884614460026D4E9019591
:10E05000B9F1010905D52468002CF7D13046BDE897
:10E06000F883AB89012B07D9B5F90E30013303D002
:10E0700029463846C04706436835E9E70FB407B577
:10E08000064904AB086853F8042B8168019300F03B
:10E090007BFA03B05DF804EB04B070474000002049
:10E0A000024B01461868826800F032BE4000002032
:10E0B000036A70B5846805460E460BB9FFF7A8FFE2
:10E0C000636EDB0705D4A389980502D4A06D00F028
:10E0D000B8F9A389190702D52369002B35D1214648
:10E0E000284600F0C5F880B34FF0FF35636EDA07BD
:10E0F00005D4A3899B0502D4A06D00F0A3F928469E
:10E1000070BD002B04DAA2699A4217DC0A2915D0E7
:10E1100023685A1C22601970A36816F8011F013B7E
:10E12000A3600029EDD1002B11DA22460A212846EE
:10E1300000F05FF80130D7D00A25D7E722462846FD
:10E1400000F057F80130E7D1CEE7013EE4E723685D
:10E150005A1C22600A221A70EEE70000024B0146A8
:10E160001868FFF7A5BF00BF4000002010B50C469F
:10E17000B1F90E1000F00CF90028ABBF636DA38954
:10E180001B1823F48053ACBF6365A38110BD2DE938
:10E19000F0411F468B89DB0505460C46164605D522
:10E1A000B1F90E100223002200F0E0F8A389B4F9BF
:10E1B0000E1023F48053A38132463B462846BDE827
:10E1C000F04100F007B910B50C46B1F90E1000F09F
:10E1D000CDF8431CA38915BF606523F4805343F435
:10E1E0008053A38118BFA38110BDB1F90E1000F0B8
:10E1F000ADB8F8B50E461446054618B1036A0BB91A
:10E20000FFF706FFA369A360A3891A0701D5236955
:10E2100043B92146284600F02BF818B14FF0FF37DC
:10E220003846F8BD23682269981A6369F6B28342BA
:10E23000374605DC2146284600F0CEFC0028EDD10B
:10E24000A368013BA36023685A1C22601E706269A8
:10E25000431C9A4204D0A389DB07E1D50A2EDFD103
:10E260002146284600F0B8FC0028D9D0D6E70000A7
:10E2700038B5294B054618680C4618B1036A0BB926
:10E28000FFF7C6FEB4F90C30190722D4DA0607D41A
:10E2900009222A6043F04003A3814FF0FF3033E0AE
:10E2A000580712D5616B41B104F14403994202D081
:10E2B000284600F0F5F800236363A38923F02403C4
:10E2C000A3810023636023692360A38943F00803CB
:10E2D000A38123694BB9A38903F42073B3F5007FAD
:10E2E00003D02146284600F0D7FCB4F90C3013F0D7
:10E2F00001020AD00022A26062695242A261226930
:10E3000042B913F08000C5D138BD990758BF626982
:10E31000A260F4E70020F7E74000002010B50139C3
:10E320000244904201D1002005E0037811F8014F2A
:10E33000A34201D0181B10BD0130F2E7024403468E
:10E34000934200D1704703F8011BF9E738B5064D39
:10E350000023044608462B60FFF7C0F9431C02D196
:10E360002B6803B1236038BD18BB002038B5074DBA
:10E3700004460846114600222A601A46FFF7B8F9FB
:10E38000431C02D12B6803B1236038BD18BB0020A9
:10E3900038B5074D04460846114600222A601A4641
:10E3A000FFF7A8F9431C02D12B6803B1236038BDE5
:10E3B00018BB002038B5064D0023044608462B60E4
:10E3C000FFF74EF9431C02D12B6803B1236038BD1F
:10E3D00018BB002038B5074D0446084611460022F8
:10E3E0002A601A46FFF76CF9431C02D12B6803B16F
:10E3F000236038BD18BB002070B50D4D0D4C641B5B
:10E40000A4100026A64209D10B4D0C4C00F022FDB1
:10E41000641BA4100026A64205D170BD55F8043B2C
:10E4200098470136EEE755F8043B98470136F2E786
:10E43000F80E0108F80E0108F80E0108FC0E01089C
:10E440007047704770470A44914200F1FF3300D192
:10E45000704710B511F8014B03F8014F9142F9D103
:10E4600010BD00001FB514461A46094B1B6805462F
:10E47000D8684CB1074B0091CDE9013406492B46D1
:10E4800000F0D2FB00F09AFC044B1C46F3E700BFFF
:10E4900040000020170D0108240D01089D0B010804
:10E4A00038B50546002941D051F8043C0C1F002B1B
:10E4B000B8BFE418FFF7D6FC1D4A136833B9636090
:10E4C00014602846BDE83840FFF7D2BCA34208D903
:10E4D000206821188B4201BF19685B680918216008
:10E4E000EDE71A465B680BB1A342FAD911685018E0
:10E4F000A0420BD120680144501883421160E0D142
:10E5000018685B68536008441060DAE702D90C238E
:10E510002B60D6E7206821188B4204BF19685B681E
:10E52000636004BF091821605460CAE738BD00BFAA
:10E5300050F400209368013B002B10B4936008DA7C
:10E540009469A34201DB0A2903D15DF8044BFFF76C
:10E5500050BE1368581C1060197008465DF8044BD3
:10E560007047F8B506460F461446D518AC4201D19F
:10E57000002007E014F8011B3A463046FFF7DAFFA7
:10E58000431CF3D1F8BD00002DE9F04F0D469DB0BE
:10E5900014469846064618B1036A0BB9FFF738FDD2
:10E5A0006B6ED90705D4AB899A0502D4A86DFFF725
:10E5B00048FFAB891B0701D52B699BB9294630461B
:10E5C000FFF756FE70B16B6EDC0704D54FF0FF30DD
:10E5D0001DB0BDE8F08FAB899805F7D4A86DFFF7A3
:10E5E00031FFF3E70023099320238DF82930CDF87C
:10E5F0000C803023DFF8AC818DF82A304FF0010910
:10E6000023469A4613F8012B0AB1252AF9D1BAEB11
:10E61000040B0BD05B46224629463046FFF7A1FF8C
:10E62000013000F0A780099A5A4409929AF8003004
:10E63000002B00F09F8000234FF0FF32CDE905232F
:10E640000AF1010A049307938DF853301A93544644
:10E65000052214F8011B5348F1F7CAFD049AD8B9F2
:10E66000D10644BF20238DF85330130744BF2B231A
:10E670008DF853309AF800302A2B15D0079A54465B
:10E6800000204FF00A0C214611F8013B303B092BCA
:10E690004BD9B0B1079214E0A0EB080309FA03F3D9
:10E6A00013430493A246D2E7039B191D1B680391F1
:10E6B000002BBBBF5B4242F0020207930793B8BF37
:10E6C000049223782E2B0AD163782A2B32D1039B14
:10E6D0001A1D1B68039243EAE37302340593DFF8C3
:10E6E000D4A0217803225046F1F782FD38B1049B73
:10E6F000A0EB0A004022824013430134049314F833
:10E70000011B29488DF828100622F1F771FD002819
:10E710003FD0264B1BBB039B073323F00703083373
:10E720000393099B3B4409936AE70CFB02320C46B6
:10E730000120A8E700230134059319464FF00A0C85
:10E74000204610F8012B303A092A03D9002BC6D0F5
:10E750000591C4E70CFB012104460123F0E703AB5C
:10E7600000932A46124B04A93046AFF300800746B7
:10E77000781CD6D16B6ED90705D4AB899A0502D423
:10E78000A86DFFF75FFEAB895B063FF51FAF0998E9
:10E790001EE703AB00932A46054B04A9304600F060
:10E7A00079F8E4E7530D01085D0D01080000000051
:10E7B00063E50008590D01082DE9F0471646984613
:10E7C0008A680B69DDF820909342B8BF1346336026
:10E7D00091F8432007460C460AB1013333602368A1
:10E7E000990642BF336802333360256815F0060589
:10E7F00006D104F1190AE36832689B1AAB4226DCA1
:10E8000094F843302268003B18BF012392062BD4B2
:10E8100004F1430241463846C84701301ED0236800
:10E82000226903F00603042B02BFE5683368ED1A82
:10E83000A3680CBF25EAE57500259342C4BF9B1A67
:10E84000ED1800261A34B5421AD1002008E0012341
:10E85000524641463846C847013003D14FF0FF3099
:10E86000BDE8F0870135C6E7E1185A1C302081F871
:10E870004300224494F8451082F843100233C7E75E
:10E880000123224641463846C8470130E6D00136CA
:10E89000D9E700002DE9FF470F7E0C9E782F9146A7
:10E8A00080460C469A4601F1430207D8622F0AD8E7
:10E8B000002F00F0D180582F00F0B88004F14206FC
:10E8C00084F842703AE0A7F16303152BF6D801A152
:10E8D00051F823F02DE9000841E90008BDE80008DF
:10E8E000BDE80008BDE80008BDE8000841E90008EF
:10E8F000BDE80008BDE80008BDE80008BDE8000864
:10E900003FEA00086BE90008F9E90008BDE80008E3
:10E91000BDE8000861EA0008BDE800086BE90008EE
:10E92000BDE80008BDE8000801EA000833681A1DC8
:10E930001B68326004F1420684F8423001239CE0F7
:10E9400033682068191D3160060601D51D6803E093
:10E950004506FBD5B3F90050002D03DA2D236D4297
:10E9600084F8433058480A2311E0216833680806C8
:10E9700053F8045B02D4490648BFADB26F2F52482A
:10E98000336014BF0A230823002184F8431066680B
:10E99000A660002E05DB21682E4321F004012160D2
:10E9A0004BD01646B5FBF3F103FB1157C75D06F8D4
:10E9B000017D2F46BB420D46F4D9082B0BD12368AD
:10E9C000DF0708D5236961689942DEBF302306F866
:10E9D000013C06F1FF36921B2261CDF800A04B46A8
:10E9E00003AA21464046FFF7E7FE01304AD14FF027
:10E9F000FF3004B0BDE8F087236843F020032360B4
:10EA00003248782784F84570236831681F0651F82A
:10EA1000045B02D45F0648BFADB23160D90744BF82
:10EA200043F0200323601DB11023ADE72648E9E73A
:10EA3000236823F020032360F6E71646BDE733681A
:10EA400025686169181D30602E061B6801D51960A4
:10EA500002E06806FBD51980002323611646BCE757
:10EA600033681A1D32601E68626800213046F1F773
:10EA7000BFFB08B1801B606063682361002384F8DA
:10EA80004330AAE72369324649464046D047013021
:10EA9000ADD023689B0713D4E068039B9842B8BFAE
:10EAA0001846A6E70123324649464046D047013082
:10EAB0009DD00135E36803995B1AAB42F2DCEBE7CA
:10EAC000002504F11906F5E7640D0108750D01082C
:10EAD000B1F90C202DE9F041160705460C4654D437
:10EAE0004B68002B02DC0B6C002B48DDE66A002E25
:10EAF00045D0002312F480522F68216A2B6030D059
:10EB0000626DA389590705D56368D21A636B0BB18F
:10EB1000236CD21A0023E66A216A2846B047431CB8
:10EB2000A38906D129681D292BD82A4ACA40D607AD
:10EB300027D500226260D9042269226004D5421CD4
:10EB400001D12B6803B96065616B2F60B9B104F125
:10EB50004403994202D02846FFF7A2FC00236363D6
:10EB60000DE001232846B0470246501CC9D12B684E
:10EB7000002BC6D01D2B01D0162B1ED12F600020DC
:10EB800022E043F040031BB21BE00F69002FF6D0D8
:10EB900093070E6808BF4B690F6018BF0023A6EBF0
:10EBA00007088B60B8F1000FE9DD216AA66A4346C9
:10EBB0003A462846B047002808DCB4F90C3043F048
:10EBC0004003A3814FF0FF30BDE8F0810744A8EB7C
:10EBD0000008E7E70100402038B50B6905460C4600
:10EBE00013B90025284638BD18B1036A0BB9FFF7E1
:10EBF0000FFAB4F90C30002BF3D0626ED00704D4B6
:10EC0000990502D4A06DFFF71CFC28462146FFF7AA
:10EC10005FFF636EDA070546E4D4A3899B05E1D460
:10EC2000A06DFFF70FFCDDE70EB403B5014603ABA3
:10EC3000054853F8042B00680193FFF7A5FC02B0C8
:10EC40005DF804EB03B070474000002070B50C463F
:10EC5000B1F90E10002996B015461E460DDAA389AB
:10EC600013F0800F4FF0000114BF40234FF4806376
:10EC7000002031602B6016B070BD6A4600F07CF851
:10EC80000028ECDB019901F47041A1F500535942D1
:10EC900059414FF48063EBE78B89F7B59D07064632
:10ECA0000C4607D504F14703236023610123636108
:10ECB00003B0F0BD01AB6A46FFF7C8FF009F0546F1
:10ECC00039463046FFF74EF848B9B4F90C309A058A
:10ECD000EED423F0030343F00203A381E2E7A38908
:10ECE000206043F08003A381019BC4E904075BB16A
:10ECF000B4F90E10304600F051F828B1A38923F082
:10ED0000030343F00103A381A3891D43A581CFE73A
:10ED100070B50D461446064618B1036A0BB9FFF7E5
:10ED200077F9636ED80705D4A389990502D4A06D3D
:10ED3000FFF787FBA368013B002BA36005DAA269FC
:10ED4000934212DBEBB20A2B0FD023685A1C2260CD
:10ED50001D70EDB2636EDA0705D4A3899B0502D45A
:10ED6000A06DFFF76FFB284670BD2946224630464E
:10ED7000FFF73FFA0546EDE738B5074D0023044697
:10ED8000084611462B60FEF7ACFC431C02D12B68F1
:10ED900003B1236038BD00BF18BB002038B5064D55
:10EDA0000023044608462B60FEF7A0FC431C02D15A
:10EDB0002B6803B1236038BD18BB002008B50620BE
:10EDC00000F02CF80120FEF775FC1F2938B5054628
:10EDD0000C4604D9162303604FF0FF3038BDC26BD8
:10EDE00012B152F821304BB9284600F031F82246D2
:10EDF00001462846BDE8384000F018B8012B0AD07B
:10EE0000591C03D1162303600120E7E7002142F8D3
:10EE10002410204698470020E0E70000024B0146FE
:10EE20001868FFF7D2BF00BF4000002038B5074D7B
:10EE300000230446084611462B60FEF733FC431CB2
:10EE400002D12B6803B1236038BD00BF18BB00207E
:10EE5000FEF726BCF8B500BFF8BC08BC9E4670475C
:0CEE6000F8B500BFF8BC08BC9E46704727
:10EE6C000A000000020000004EF2000849460008AB
:10EE7C00000000000000000080000000C10A010832
:10EE8C00B5CB000803000000000000005E0100008C
:10EE9C00280C010845CF000800000000000000000D
:10EEAC000004000000061016000610164C554E20EB
:10EEBC002325643A2000496E717569727920566574
:10EECC006E646F7220203A20257300496E7175694B
:10EEDC0072792050726F64756374203A2025730028
:10EEEC00496E71756972792056657273696F6E20FF
:10EEFC003A202573004D53432044657669636520A1
:10EF0C007265616479004D5343204465766963658D
:10EF1C00204E4F54207265616479004D5343204458
:10EF2C006576696365206361706163697479203A01
:10EF3C0020256C7520427974657300426C6F636B8D
:10EF4C00206E756D626572203A20256C7500426CDE
:10EF5C006F636B2053697A652020203A20256C75ED
:10EF6C000053656E7365204B657920203A20257817
:10EF7C00004164646974696F6E616C2053656E73D3
:10EF8C006520436F6465203A2025780041646469EC
:10EF9C0074696F6E616C2053656E736520436F648A
:10EFAC0065205175616C69666965723A2025780037
:10EFBC004E756D626572206F6620737570706F721E
:10EFCC00746564204C554E3A20256C7500444542BE
:10EFDC005547203A200043616E6E6F742046696E6F
:10EFEC00642074686520696E74657266616365205F
:10EFFC00666F7220257320636C6173732E004D5302
:10F00C0043004552524F523A2000496E76616C696A
:10F01C006420486F73742068616E646C65004D6188
:10F02C007820436C617373204E756D62657220722B
:10F03C0065616368656400496E76616C6964204340
:10F04C006C6173732068616E646C650053776974CE
:10F05C006368696E6720746F20496E7465726661AF
:10F06C00636520282325642900436C617373202079
:10F07C0020203A2025786800537562436C617373C5
:10F08C00203A202578680050726F746F636F6C2083
:10F09C003A202578680043616E6E6F742053656C5E
:10F0AC00656374205468697320496E746572666177
:10F0BC0063652E0055534220446576696365204193
:10F0CC0074746163686564005049443A202578681B
:10F0DC00005649443A20257868004164647265738F
:10F0EC00732028232564292061737369676E656416
:10F0FC002E004D616E756661637475726572203A8F
:10F10C00202573004D616E7566616374757265724E
:10F11C00203A204E2F410050726F64756374203A70
:10F12C00204E2F410053657269616C204E756D62E3
:10F13C006572203A2025730053657269616C204E0C
:10F14C00756D626572203A204E2F4100456E756DCB
:10F15C0065726174696F6E20646F6E652E00546801
:10F16C0069732064657669636520686173206F6ECE
:10F17C006C79203120636F6E666967757261746992
:10F18C006F6E2E0044656661756C7420636F6E66DD
:10F19C00696775726174696F6E207365742E004EA9
:10F1AC006F20436C61737320686173206265656EB8
:10F1BC0020726567697374657265642E002573200F
:10F1CC00636C61737320737461727465642E004494
:10F1DC006576696365206E6F7420737570706F72DD
:10F1EC0074696E6720257320636C6173732E004EF7
:10F1FC006F207265676973746572656420636C61F6
:10F20C00737320666F722074686973206465766905
:10F21C0063652E00496E76616C696420436C617382
:10F22C0073204472697665722E00555342204465F2
:10F23C007669636520646973636F6E6E656374656C
:10F24C006400555342485F54687265616400436FB3
:10F25C006E74726F6C206572726F720049444C450B
:10F26C00002E2E2F4D6964646C6577617265732F67
:10F27C0054686972645F50617274792F4C7749508D
:10F28C002F7372632F6170692F74637069702E63B2
:10F29C000074637069705F7468726561643A2069A8
:10F2AC006E76616C6964206D65737361676500418E
:10F2BC007373657274696F6E2022257322206661E8
:10F2CC00696C6564206174206C696E65202564200E
:10F2DC00696E2025730A00496E76616C6964206D35
:10F2EC00626F78006661696C656420746F2063726C
:10F2FC00656174652074637069705F7468726561B0
:10F30C0064206D626F78006661696C656420746F4F
:10F31C0020637265617465206C6F636B5F746370DE
:10F32C0069705F636F72650074637069705F746895
:10F33C0072656164002E2E2F4D6964646C65776173
:10F34C007265732F54686972645F50617274792F9F
:10F35C004C7749502F7372632F636F72652F6D65F5
:10F36C006D2E63006661696C656420746F20637236
:10F37C0065617465206D656D5F6D75746578006D84
:10F38C00656D5F667265653A2073616E697479208C
:10F39C00636865636B20616C69676E6D656E740084
:10F3AC006D656D5F667265653A206C6567616C2092
:10F3BC006D656D6F7279006D656D5F667265653A2E
:10F3CC00206D656D2D3E7573656400706C75675F9F
:10F3DC00686F6C65733A206D656D203E3D207261DF
:10F3EC006D00706C75675F686F6C65733A206D6546
:10F3FC006D203C2072616D5F656E6400706C75678A
:10F40C005F686F6C65733A206D656D2D3E75736525
:10F41C0064203D3D203000706C75675F686F6C65D3
:10F42C00733A206D656D2D3E6E657874203C3D20E1
:10F43C004D454D5F53495A455F414C49474E4544F4
:10F44C00006D656D5F7472696D3A206C6567616CF7
:10F45C00206D656D6F7279006D656D5F7472696D8D
:10F46C002063616E206F6E6C7920736872696E6BAD
:10F47C00206D656D6F7279006D656D5F6D616C6C83
:10F48C006F633A20616C6C6F6361746564206D65A9
:10F49C006D6F7279206E6F742061626F7665207269
:10F4AC00616D5F656E642E006D656D5F6D616C6C7A
:10F4BC006F633A20616C6C6F6361746564206D6579
:10F4CC006D6F72792070726F7065726C7920616CDF
:10F4DC0069676E65642E006D656D5F6D616C6C6F38
:10F4EC00633A2073616E69747920636865636B207D
:10F4FC00616C69676E6D656E74002E2E2F4D69649C
:10F50C00646C6577617265732F54686972645F50BF
:10F51C00617274792F4C7749502F7372632F636F1C
:10F52C0072652F6D656D702E63006D656D705F6D0E
:10F53C00616C6C6F633A206D656D702070726F70CA
:10F54C0065726C7920616C69676E6564006D656DC0
:10F55C00705F667265653A206D656D2070726F70B4
:10F56C0065726C7920616C69676E6564006D656DA0
:10F57C00705F6D616C6C6F633A2074797065203CC0
:10F58C00204D454D505F4D4158006D656D705F6667
:10F59C007265653A2074797065203C204D454D505C
:10F5AC005F4D4158002E2E2F4D6964646C65776158
:10F5BC007265732F54686972645F50617274792F2D
:10F5CC004C7749502F7372632F636F72652F6E6582
:10F5DC007469662E63004E6F20696E6974206675BF
:10F5EC006E6374696F6E20676976656E002E2E2FC0
:10F5FC004D6964646C6577617265732F54686972C8
:10F60C00645F50617274792F4C7749502F73726319
:10F61C002F636F72652F706275662E6300696E635F
:10F62C0072656D656E745F6D61676E697475646526
:10F63C00203C3D20702D3E6C656E00626164207034
:10F64C00627566207479706500706275665F616CB6
:10F65C006C6F6365645F637573746F6D3A20626180
:10F66C00642070627566206C6179657200706275D9
:10F67C00665F667265653A2073616E652074797099
:10F68C006500706275665F667265653A20702D3E26
:10F69C00726566203E20300070632D3E6375737476
:10F6AC006F6D5F667265655F66756E6374696F6EAC
:10F6BC0020213D204E554C4C00706275665F616C8C
:10F6CC006C6F633A206261642070627566206C61B5
:10F6DC0079657200636865636B20702D3E7061798B
:10F6EC006C6F6164202B20702D3E6C656E20646FF6
:10F6FC006573206E6F74206F766572666C6F772001
:10F70C00706275660072656D5F6C656E203C206D75
:10F71C0061785F7531365F7400706275665F616C1D
:10F72C006C6F633A207062756620712D3E70617942
:10F73C006C6F61642070726F7065726C7920616C93
:10F74C0069676E656400706275665F616C6C6F638F
:10F75C003A206572726F6E656F757320747970657F
:10F76C0000706275665F7265616C6C6F633A2070D5
:10F77C0020213D204E554C4C00706275665F7265C1
:10F78C00616C6C6F633A2073616E6520702D3E74F2
:10F79C0079706500706275665F7265616C6C6F6321
:10F7AC003A207120213D204E554C4C006D656D5F0B
:10F7BC007472696D2072657475726E656420712047
:10F7CC003D3D204E554C4C0070627566207265664E
:10F7DC00206F766572666C6F7700286820213D205B
:10F7EC004E554C4C2920262620287420213D204E95
:10F7FC00554C4C29202870726F6772616D6D657263
:10F80C002076696F6C6174657320415049290070D2
:10F81C002D3E746F745F6C656E203D3D20702D3EE7
:10F82C006C656E20286F66206C6173742070627535
:10F83C006620696E20636861696E2900702D3E6ECA
:10F84C00657874203D3D204E554C4C0070627566B9
:10F85C005F636F70793A20746172676574206E6FA4
:10F86C00742062696720656E6F75676820746F20FD
:10F87C00686F6C6420736F75726365006F66667376
:10F88C0065745F746F203C3D20705F746F2D3E6C0F
:10F89C00656E006F66667365745F66726F6D203C93
:10F8AC003D20705F66726F6D2D3E6C656E00705FF3
:10F8BC00746F20213D204E554C4C00706275665F74
:10F8CC00636F7079282920646F6573206E6F7420C4
:10F8DC00616C6C6F77207061636B657420717565FA
:10F8EC007565732100706275665F636F70795F7008
:10F8FC0061727469616C3A20696E76616C6964201E
:10F90C0062756600706275665F636F70795F7061B7
:10F91C00727469616C3A20696E76616C69642064FA
:10F92C00617461707472002E2E2F4D6964646C6565
:10F93C0077617265732F54686972645F5061727479
:10F94C00792F4C7749502F7372632F636F72652F29
:10F95C007463702E630070636220213D204E554C01
:10F96C004C006E65775F7263765F616E6E5F776E6B
:10F97C0064203C3D2030786666666600646F6E27B6
:10F98C00742063616C6C207463705F726563766560
:10F99C006420666F72206C697374656E2D7063627F
:10F9AC0073007463705F7265637665643A206C658E
:10F9BC006E2077726170706564207263765F776E0B
:10F9CC00640A007463705F736C6F77746D723A20A5
:10F9DC00616374697665207063622D3E7374617423
:10F9EC006520213D20434C4F5345440A00746370FD
:10F9FC005F736C6F77746D723A20616374697665AE
:10FA0C00207063622D3E737461746520213D204C1F
:10FA1C00495354454E0A007463705F736C6F77746E
:10FA2C006D723A20616374697665207063622D3E55
:10FA3C00737461746520213D2054494D452D574107
:10FA4C0049540A007463705F736C6F77746D723A0B
:10FA5C00206D6964646C652074637020213D207492
:10FA6C0063705F6163746976655F70636273007461
:10FA7C0063705F736C6F77746D723A206669727322
:10FA8C007420706362203D3D207463705F61637409
:10FA9C006976655F70636273007463705F736C6F1B
:10FAAC0077746D723A2054494D452D574149542075
:10FABC007063622D3E7374617465203D3D20544922
:10FACC004D452D57414954007463705F736C6F77CB
:10FADC00746D723A206D6964646C65207463702077
:10FAEC00213D207463705F74775F70636273007480
:10FAFC0063705F736C6F77746D723A2066697273A2
:10FB0C007420706362203D3D207463705F74775F76
:10FB1C007063627300756E73656E74207365676DC8
:10FB2C00656E7473206C65616B696E6700756E61D0
:10FB3C00636B6564207365676D656E7473206C65AB
:10FB4C00616B696E67006F6F736571207365676DAC
:10FB5C00656E7473206C65616B696E6700706362AF
:10FB6C002D3E666C61677320262054465F525843C5
:10FB7C004C4F53454400646F6E27742063616C6C6A
:10FB8C00207463705F61626F72742F7463705F6155
:10FB9C0062616E646F6E20666F72206C697374653F
:10FBAC006E2D70636273002E2E2F4D6964646C652C
:10FBBC0077617265732F54686972645F50617274F7
:10FBCC00792F4C7749502F7372632F636F72652FA7
:10FBDC007463705F696E2E63007463705F7265632B
:10FBEC00656976653A2077726F6E672073746174FD
:10FBFC0065007063622D3E736E645F71756575652B
:10FC0C006C656E203E3D20706275665F636C656E40
:10FC1C00286E6578742D3E7029007463705F726570
:10FC2C0063656976653A2076616C696420717565E7
:10FC3C007565206C656E67746800696E7365672EF8
:10FC4C007020213D204E554C4C00696E73616E65E1
:10FC5C00206F666673657421007062756620746F20
:10FC6C006F2073686F72742100706275665F6865CF
:10FC7C0061646572206661696C6564007463705FB1
:10FC8C00726563656976653A207365676D656E7438
:10FC9C00206E6F74207472696D6D656420636F7271
:10FCAC00726563746C7920746F207263765F776E03
:10FCBC00640A007463705F726563656976653A20E7
:10FCCC007365676D656E74206E6F74207472696DE8
:10FCDC006D656420636F72726563746C7920746FE8
:10FCEC00206F6F7365712071756575650A0074639B
:10FCFC00705F726563656976653A207463706C65D4
:10FD0C006E203E207263765F776E640A00746370B7
:10FD1C005F726563656976653A206F6F73657120F4
:10FD2C007463706C656E203E207263765F776E64D0
:10FD3C000A00702D3E6E65787420213D204E554C86
:10FD4C004C00702D3E6C656E203D3D203000702DBA
:10FD5C003E746F745F6C656E203D3D20702D3E6E61
:10FD6C006578742D3E746F745F6C656E007463708F
:10FD7C005F696E7075743A20616374697665207082
:10FD8C0063622D3E737461746520213D20434C4F9A
:10FD9C00534544007463705F696E7075743A2061EA
:10FDAC006374697665207063622D3E73746174654B
:10FDBC0020213D2054494D452D5741495400746331
:10FDCC00705F696E7075743A206163746976652032
:10FDDC007063622D3E737461746520213D204C4923
:10FDEC005354454E007463705F696E7075743A209D
:10FDFC007063622D3E6E65787420213D20706362C5
:10FE0C0020286265666F72652063616368652900EE
:10FE1C007463705F696E7075743A207063622D3E06
:10FE2C006E65787420213D207063622028616674B1
:10FE3C00657220636163686529007463705F696E25
:10FE4C007075743A2054494D452D574149542070D2
:10FE5C0063622D3E7374617465203D3D2054494DA1
:10FE6C00452D57414954007463705F696E70757409
:10FE7C003A207063622D3E737461746520213D20BD
:10FE8C00434C4F534544007063622D3E736E645F68
:10FE9C0071756575656C656E203E2030006E6F2047
:10FEAC007365676D656E7420746F2066726565008E
:10FEBC007063622D3E6C697374656E65722D3E6164
:10FECC00636365707420213D204E554C4C0070636B
:10FEDC00622D3E726566757365645F646174612042
:10FEEC003D3D204E554C4C002E2E2F4D6964646CBC
:10FEFC006577617265732F54686972645F506172C3
:10FF0C0074792F4C7749502F7372632F636F72651E
:10FF1C002F7463705F6F75742E63006E656564205B
:10FF2C00756E636861696E656420706275660070D9
:10FF3C002D3E746F745F6C656E203E3D206F707447
:10FF4C006C656E00636865636B2074686174206611
:10FF5C006972737420706275662063616E20686FBD
:10FF6C006C6420737472756374207463705F68645E
:10FF7C0072007463705F656E71756575655F666C34
:10FF8C006167733A206E6565642065697468657293
:10FF9C00205443505F53594E206F72205443505F8E
:10FFAC0046494E20696E20666C616773202870721A
:10FFBC006F6772616D6D65722076696F6C617465C7
:10FFCC00732041504929007463705F656E717565CB
:10FFDC0075655F666C6167733A20636865636B2057
:10FFEC00746861742066697273742070627566201F
:04FFFC0063616E20AF
:020000040801F1
:10000000686F6C64206F70746C656E007365672D2B
:100010003E746370686472206E6F7420616C6967EF
:100020006E6564007463705F656E71756575655F9C
:10003000666C6167733A20696E76616C69642073DF
:1000400065676D656E74206C656E677468007463B7
:10005000705F656E71756575655F666C6167733A33
:1000600020696E76616C6964207175657565206CB8
:10007000656E67746800646F6E27742063616C6CD2
:10008000207463705F6F757470757420666F722072
:100090006C697374656E2D706362730052535420E3
:1000A0006E6F74206578706563746564206865722E
:1000B0006521002E2E2F4D6964646C657761726531
:1000C000732F54686972645F50617274792F4C7732
:1000D00049502F7372632F636F72652F74696D655A
:1000E0006F7574732E63007379735F74696D656FD8
:1000F00075743A2074696D656F757420213D204ECA
:10010000554C4C2C20706F6F6C204D454D505F53FB
:1001100059535F54494D454F555420697320656DBF
:10012000707479002E2E2F4D6964646C657761724E
:1001300065732F54686972645F50617274792F4CD3
:100140007749502F7372632F636F72652F756470D8
:100150002E6300706275665F686561646572206613
:1001600061696C65640A00636865636B207468612B
:100170007420666972737420706275662063616EA4
:1001800020686F6C6420737472756374207564707A
:100190005F686472002E2E2F4D6964646C65776110
:1001A0007265732F54686972645F50617274792F3D
:1001B0004C7749502F7372632F636F72652F69708C
:1001C00076342F646863702E6300646863705F6FB9
:1001D0007074696F6E5F73686F72743A20646863DD
:1001E000702D3E6F7074696F6E735F6F75745F6CA6
:1001F000656E202B2032203C3D20444843505F4F09
:100200005054494F4E535F4C454E00646863705FD5
:100210006F7074696F6E3A20646863702D3E6F7002
:1002200074696F6E735F6F75745F6C656E202B20E1
:1002300032202B206F7074696F6E5F6C656E203C8E
:100240003D20444843505F4F5054494F4E535F4CFC
:10025000454E00646863705F6F7074696F6E5F62B3
:100260007974653A20646863702D3E6F7074696FAD
:100270006E735F6F75745F6C656E203C20444843FD
:10028000505F4F5054494F4E535F4C454E00646889
:1002900063705F6F7074696F6E5F747261696C65B3
:1002A000723A206468637020213D204E554C4C000A
:1002B000646863705F6F7074696F6E5F7472616998
:1002C0006C65723A20646863702D3E6D73675F6F72
:1002D000757420213D204E554C4C0A0064686370B3
:1002E0005F6F7074696F6E5F747261696C65723A8A
:1002F00020646863702D3E6F7074696F6E735F6FFA
:1003000075745F6C656E203C20444843505F4F50CD
:1003100054494F4E535F4C454E0A00646863705F0A
:100320006F7074696F6E5F6C6F6E673A206468639C
:10033000702D3E6F7074696F6E735F6F75745F6C54
:10034000656E202B2034203C3D20444843505F4FB5
:100350005054494F4E535F4C454E00646863705F84
:100360006372656174655F6D73673A206E65746969
:100370006620213D204E554C4C00646863705F63DD
:1003800072656174655F6D73673A2064686370209D
:10039000213D204E554C4C00646863705F6372656C
:1003A0006174655F6D73673A20646863702D3E7099
:1003B0005F6F7574203D3D204E554C4C0064686362
:1003C000705F6372656174655F6D73673A2064681E
:1003D00063702D3E6D73675F6F7574203D3D204ED9
:1003E000554C4C00646863705F6372656174655F4F
:1003F0006D73673A20636865636B2074686174206D
:10040000666972737420706275662063616E20681D
:100410006F6C642073747275637420646863705FBA
:100420006D736700646863705F64656C6574655FB5
:100430006D73673A206468637020213D204E554CEF
:100440004C00646863705F64656C6574655F6D73B0
:10045000673A20646863702D3E705F6F7574202169
:100460003D204E554C4C00646863705F64656C655C
:1004700074655F6D73673A20646863702D3E6D73B9
:10048000675F6F757420213D204E554C4C006468A9
:1004900063705F62696E643A206E657469662021DC
:1004A0003D204E554C4C00646863705F62696E6419
:1004B0003A206468637020213D204E554C4C006406
:1004C0006863705F696E635F7063625F72656663C5
:1004D0006F756E7428293A206D656D6F7279206C86
:1004E00065616B00646863705F7063625F7265660C
:1004F000636F756E7428293A20726566636F756E36
:1005000074206572726F72007265706C7920776109
:10051000736E2774206672656564006C656E203D9D
:100520003D2034006C656E203E3D206465636F6441
:10053000655F6C656E006C656E203D3D2031006F1F
:100540007665726C6F616420696E2066696C652FD8
:10055000736E616D6500636865636B206465636FCE
:1005600064655F696478006E657874207062756692
:1005700020776173206E756C6C006E6574696620FF
:10058000616C7265616479206861732061207374A5
:1005900072756374206468637020736574006468A6
:1005A00063705F73746F703A206E657469662021A2
:1005B0003D204E554C4C006E657469662069732071
:1005C0006E6F742075702C206F6C64207374796C5E
:1005D0006520706F72743F007062756620705F6F87
:1005E0007574207761736E27742066726565640088
:1005F0002E2E2F4D6964646C6577617265732F547C
:10060000686972645F50617274792F4C7749502F1A
:100610007372632F636F72652F697076342F657400
:10062000686172702E6300636865636B2074686133
:100630007420666972737420706275662063616EDF
:1006400020686F6C642073747275637420657468BD
:100650006172705F686472006E657469662D3E68D1
:1006600077616464725F6C656E206D75737420626F
:1006700065207468652073616D6520617320455441
:10068000485F4857414444525F4C454E20666F7264
:100690002065746861727021006172705F746162BC
:1006A0006C655B695D2E71203D3D204E554C4C00C4
:1006B00069203C204152505F5441424C455F5349B0
:1006C0005A45006172705F7461626C655B695D2E92
:1006D0007374617465203D3D204554484152505F1C
:1006E00053544154455F454D5054590069706164FD
:1006F000647220213D204E554C4C006574685F7239
:10070000657420213D204E554C4C006E6574696621
:100710002D3E6877616464725F6C656E203D3D209C
:100720004554485F4857414444525F4C454E006130
:1007300072705F7461626C655B6172705F6964782E
:100740005D2E7374617465203E3D204554484152CE
:10075000505F53544154455F535441424C45006EE1
:100760006F207061636B65742071756575657320AA
:10077000616C6C6F77656421002E2E2F4D69646467
:100780006C6577617265732F54686972645F50613C
:100790007274792F4C7749502F7372632F636F7285
:1007A000652F697076342F69636D702E63006368FE
:1007B00065636B207468617420666972737420705D
:1007C0006275662063616E20686F6C642069636D7A
:1007D00070206D6573736167650069636D705F6933
:1007E0006E7075743A206D6F76696E6720722D3E5B
:1007F0007061796C6F616420746F2069636D702023
:10080000686561646572206661696C65640A006987
:10081000636D705F696E7075743A20726573746F82
:1008200072696E67206F726967696E616C20702DE6
:100830003E7061796C6F6164206661696C65640A01
:10084000002E2E2F4D6964646C6577617265732F7D
:1008500054686972645F50617274792F4C774950A3
:100860002F7372632F636F72652F697076342F69EF
:1008700070342E6300702D3E726566203D3D203140
:1008800000636865636B20746861742066697273C5
:100890007420706275662063616E20686F6C6420DE
:1008A0007374727563742069705F686472002E2EB1
:1008B0002F4D6964646C6577617265732F54686944
:1008C00072645F50617274792F4C7749502F737244
:1008D000632F636F72652F697076342F6970345F90
:1008E000667261672E630073616E69747920636854
:1008F00065636B206C696E6B6564206C6973740052
:100900007072657620213D20697072007072657684
:100910002D3E6E657874203D3D20697072007062D6
:100920007566735F6672656564202B20636C656E07
:10093000203C3D203078666666660069705F7265AF
:100940006173735F70627566636F756E74203E3D90
:1009500020636C656E0070637220213D204E554C03
:100960004C00636865636B20667261676D656E74C9
:100970007320646F6E2774206F7665726C617000EF
:100980006E6F2070726576696F757320667261672D
:100990006D656E742C2074686973206D7573742096
:1009A000626520746865206669727374206672617E
:1009B000676D656E74210073616E69747920636878
:1009C00065636B0076616C69646174655F64617412
:1009D000616772616D3A6E6578745F7062756621E9
:1009E0003D4E554C4C006970345F66726167282932
:1009F00020646F6573206E6F7420737570706F72F2
:100A000074204950206F7074696F6E730069705F55
:100A10006672616728293A204D4620616C726561D3
:100A20006479207365740074686973206E65656409
:100A3000732061207062756620696E206F6E65207C
:100A4000706965636521002E2E2F4D6964646C65A5
:100A500077617265732F54686972645F5061727454
:100A6000792F4C7749502F7372632F6E65746966C6
:100A70002F65746865726E65742E63006E657469A7
:100A8000662D3E6877616464725F6C656E206D757B
:100A90007374206265203620666F72206574686505
:100AA000726E65745F6F757470757421002E2E2FD1
:100AB0005372632F65746865726E657469662E6320
:100AC000004574684966006372656174696E6720E9
:100AD0006164646974696F6E616C207461736B73B7
:100AE0002C207175657565732C20616E64207365AB
:100AF0006D706872732E2E2E0A004572726F723AF4
:100B0000206C6F6F705175657565206973204E5547
:100B10004C4C0A004572726F723A2073656D5F45E6
:100B2000585449206E6F7420637265617465640A5D
:100B300000656E746572696E6720537461727444E7
:100B4000656661756C745461736B206D61696E20AC
:100B50006C6F6F700043757272656E742073797379
:100B600074696D652069733A20253035640A005A2E
:100B7000206B6F6C656A6B69206C6F6F7051756567
:100B80007565206F64656272616E6F207A6E616B4D
:100B90003A2025630A004558544930210A001B5B5E
:100BA000303B34356D0A4E75636C656F2D313434CE
:100BB00020463432395A49206E75636C656F2D6258
:100BC000617369632D76332070726F6A6563741B7D
:100BD0005B303B34396D0A001B5B313B33336D4670
:100BE000756E6B636A6120787072696E74662064DA
:100BF0007A69616C612E1B5B303B33396D0A001BD7
:100C00005B303B33326D46756E6B636A6120707288
:100C1000696E74662074657A20647A69616C612EED
:100C20001B5B303B33396D0064656661756C7454D1
:100C300061736B002E2E2F5372632F73746D3332DA
:100C4000663478785F68616C5F6D73702E630064E2
:100C5000656661756C742068616E646C6572210AEA
:100C6000002E2E2F5372632F757362685F636F6E51
:100C7000662E6300555342204469736B20697320CC
:100C80006E6F74207265616479210055534220446F
:100C900069736B2069732057726974652070726F75
:100CA00074656374656421005245454E54206D613E
:100CB0006C6C6F6320737563636565646564002F96
:100CC0006275696C642F676E752D746F6F6C732D10
:100CD000666F722D73746D33325F31332E332E7223
:100CE000656C312E32303234303932362D31373175
:100CF000352F7372632F6E65776C69622F6E65771F
:100D00006C69622F6C6962632F7374646C69622F03
:100D100072616E642E63002C2066756E6374696F59
:100D20006E3A2000617373657274696F6E202225BC
:100D30007322206661696C65643A2066696C65207F
:100D4000222573222C206C696E652025642573256D
:100D5000730A00232D302B2000686C4C00656667F9
:100D60004546470030313233343536373839414221
:100D700043444546003031323334353637383961F3
:100D800062636465660000004C0E0108400E0108B5
:100D9000340E0108280E01081C0E0108100E01086F
:100DA000040E0108F80D0108EC0D0108E00D010822
:100DB000D40D0108C80D0108BC0D01086002100027
:100DC000988800209488002010001000A0AE002019
:100DD0009CAE002010000500A8AF0020A4AF0020AA
:100DE0001000080000B00020FCAF00201000080038
:100DF00088B0002084B000202C00040010B1002036
:100E00000CB1002010000200C8B10020C4B10020C5
:100E100018000F00F0B10020ECB100202000050008
:100E200060B300205CB300201000100008B4002064
:100E300004B400201C00080010B500200CB50020F0
:100E400098000500F8B50020F4B50020200004004B
:100E5000F8B80020F4B8002036220E000000000090
:100E600090B9002094B900208CB9002088B90020E6
:100E700003060C1830607801020304050607070713
:100E800007070707FA000000857D0008E803000057
:100E900095C30008E80300004DB9000860EA0000AF
:100EA0006DB30008F4010000B9B40008FFFFFFFFB4
:100EB00000000000000000000000FFFFFFFFFFFF38
:100EC0000000000000000000010203040000000018
:100ED00000000000010203040607080947DB0008C0
:100EE0004DDB0008C5DB00081DDC000865DB0008E1
:080EF00000F3FE7F0100000089
:040EF800D501000818
:040EFC00B101000838
:100F0000010000000AF00008080000004138000855
:100F1000F5370008793700084D34000849340008D7
:100F200000000000AAAAAAAA6E19000000C00000D2
:100F30000024F400000000000300000054F400202E
:100F4000440000200000000054F40020BCF4002005
:100F500024F5002000000000000000000000000058
:100F60000000000000000000000000000000000081
:100F70000000000000000000000000000000000071
:100F80000000000000000000000000000000000061
:040000050800DCA96A
:00000001FF
