12:03:47 **** Incremental Build of configuration Debug for project nucleo-basic-v4 ****
make all 
arm-none-eabi-gcc -c "../Src/main.c" -mcpu=cortex-m4 -std=gnu11 -g3 '-D__weak=__attribute__((weak))' '-D__packed="__attribute__((__packed__))"' -DUSE_HAL_DRIVER -DSTM32F429xx -c -I../Inc -I../Middlewares/Third_Party/LwIP/src/include -I../Middlewares/Third_Party/LwIP/system -I../Drivers/STM32F4xx_HAL_Driver/Inc -I../Drivers/STM32F4xx_HAL_Driver/Inc/Legacy -I../Middlewares/Third_Party/FreeRTOS/Source/portable/GCC/ARM_CM4F -I../Middlewares/Third_Party/LwIP/src/include/netif/ppp -I../Middlewares/ST/STM32_USB_Host_Library/Core/Inc -I../Middlewares/ST/STM32_USB_Host_Library/Class/MSC/Inc -I../Drivers/CMSIS/Device/ST/STM32F4xx/Include -I../Middlewares/Third_Party/FatFs/src -I../Middlewares/Third_Party/FreeRTOS/Source/include -I../Middlewares/Third_Party/FreeRTOS/Source/CMSIS_RTOS -I../Middlewares/Third_Party/LwIP/src/include/lwip -I../Middlewares/Third_Party/LwIP/src/include/lwip/apps -I../Middlewares/Third_Party/LwIP/src/include/lwip/priv -I../Middlewares/Third_Party/LwIP/src/include/lwip/prot -I../Middlewares/Third_Party/LwIP/src/include/netif -I../Middlewares/Third_Party/LwIP/src/include/posix -I../Middlewares/Third_Party/LwIP/src/include/posix/sys -I../Middlewares/Third_Party/LwIP/system/arch -I../Drivers/CMSIS/Include -Os -ffunction-sections -fdata-sections -Wall -fstack-usage -MMD -MP -MF"Src/main.d" -MT"Src/main.o" --specs=nano.specs -mfpu=fpv4-sp-d16 -mfloat-abi=hard -mthumb -o "Src/main.o"
arm-none-eabi-gcc -o "nucleo-basic-v4.elf" @"objects.list"   -mcpu=cortex-m4 -T"../STM32F429ZI_FLASH.ld" --specs=nosys.specs -Wl,-Map="nucleo-basic-v4.map" -Wl,--gc-sections -static --specs=nano.specs -mfpu=fpv4-sp-d16 -mfloat-abi=hard -mthumb -Wl,--start-group -lc -lm -Wl,--end-group
Finished building target: nucleo-basic-v4.elf
 
arm-none-eabi-size   nucleo-basic-v4.elf 
   text	   data	    bss	    dec	    hex	filename
  83724	    160	  73368	 157252	  26644	nucleo-basic-v4.elf
Finished building: default.size.stdout
 
arm-none-eabi-objdump -h -S  nucleo-basic-v4.elf  > "nucleo-basic-v4.list"
Finished building: nucleo-basic-v4.list
 
arm-none-eabi-objcopy  -O binary  nucleo-basic-v4.elf  "nucleo-basic-v4.bin"
Finished building: nucleo-basic-v4.bin
 
arm-none-eabi-objcopy -O ihex "nucleo-basic-v4.elf" "nucleo-basic-v4.hex"
 
12:05:46 **** Incremental Build of configuration Debug for project nucleo-basic-v4 ****
make all 
arm-none-eabi-gcc -c "../Src/main.c" -mcpu=cortex-m4 -std=gnu11 -g3 '-D__weak=__attribute__((weak))' '-D__packed="__attribute__((__packed__))"' -DUSE_HAL_DRIVER -DSTM32F429xx -c -I../Inc -I../Middlewares/Third_Party/LwIP/src/include -I../Middlewares/Third_Party/LwIP/system -I../Drivers/STM32F4xx_HAL_Driver/Inc -I../Drivers/STM32F4xx_HAL_Driver/Inc/Legacy -I../Middlewares/Third_Party/FreeRTOS/Source/portable/GCC/ARM_CM4F -I../Middlewares/Third_Party/LwIP/src/include/netif/ppp -I../Middlewares/ST/STM32_USB_Host_Library/Core/Inc -I../Middlewares/ST/STM32_USB_Host_Library/Class/MSC/Inc -I../Drivers/CMSIS/Device/ST/STM32F4xx/Include -I../Middlewares/Third_Party/FatFs/src -I../Middlewares/Third_Party/FreeRTOS/Source/include -I../Middlewares/Third_Party/FreeRTOS/Source/CMSIS_RTOS -I../Middlewares/Third_Party/LwIP/src/include/lwip -I../Middlewares/Third_Party/LwIP/src/include/lwip/apps -I../Middlewares/Third_Party/LwIP/src/include/lwip/priv -I../Middlewares/Third_Party/LwIP/src/include/lwip/prot -I../Middlewares/Third_Party/LwIP/src/include/netif -I../Middlewares/Third_Party/LwIP/src/include/posix -I../Middlewares/Third_Party/LwIP/src/include/posix/sys -I../Middlewares/Third_Party/LwIP/system/arch -I../Drivers/CMSIS/Include -Os -ffunction-sections -fdata-sections -Wall -fstack-usage -MMD -MP -MF"Src/main.d" -MT"Src/main.o" --specs=nano.specs -mfpu=fpv4-sp-d16 -mfloat-abi=hard -mthumb -o "Src/main.o"
arm-none-eabi-gcc -o "nucleo-basic-v4.elf" @"objects.list"   -mcpu=cortex-m4 -T"../STM32F429ZI_FLASH.ld" --specs=nosys.specs -Wl,-Map="nucleo-basic-v4.map" -Wl,--gc-sections -static --specs=nano.specs -mfpu=fpv4-sp-d16 -mfloat-abi=hard -mthumb -Wl,--start-group -lc -lm -Wl,--end-group
Finished building target: nucleo-basic-v4.elf
 
arm-none-eabi-size   nucleo-basic-v4.elf 
   text	   data	    bss	    dec	    hex	filename
  83728	    160	  73368	 157256	  26648	nucleo-basic-v4.elf
Finished building: default.size.stdout
 
arm-none-eabi-objdump -h -S  nucleo-basic-v4.elf  > "nucleo-basic-v4.list"
Finished building: nucleo-basic-v4.list
 
arm-none-eabi-objcopy  -O binary  nucleo-basic-v4.elf  "nucleo-basic-v4.bin"
Finished building: nucleo-basic-v4.bin
 
arm-none-eabi-objcopy -O ihex "nucleo-basic-v4.elf" "nucleo-basic-v4.hex"
 
12:09:16 **** Incremental Build of configuration Debug for project nucleo-basic-v4 ****
make all 
arm-none-eabi-gcc -c "../Src/main.c" -mcpu=cortex-m4 -std=gnu11 -g3 '-D__weak=__attribute__((weak))' '-D__packed="__attribute__((__packed__))"' -DUSE_HAL_DRIVER -DSTM32F429xx -c -I../Inc -I../Middlewares/Third_Party/LwIP/src/include -I../Middlewares/Third_Party/LwIP/system -I../Drivers/STM32F4xx_HAL_Driver/Inc -I../Drivers/STM32F4xx_HAL_Driver/Inc/Legacy -I../Middlewares/Third_Party/FreeRTOS/Source/portable/GCC/ARM_CM4F -I../Middlewares/Third_Party/LwIP/src/include/netif/ppp -I../Middlewares/ST/STM32_USB_Host_Library/Core/Inc -I../Middlewares/ST/STM32_USB_Host_Library/Class/MSC/Inc -I../Drivers/CMSIS/Device/ST/STM32F4xx/Include -I../Middlewares/Third_Party/FatFs/src -I../Middlewares/Third_Party/FreeRTOS/Source/include -I../Middlewares/Third_Party/FreeRTOS/Source/CMSIS_RTOS -I../Middlewares/Third_Party/LwIP/src/include/lwip -I../Middlewares/Third_Party/LwIP/src/include/lwip/apps -I../Middlewares/Third_Party/LwIP/src/include/lwip/priv -I../Middlewares/Third_Party/LwIP/src/include/lwip/prot -I../Middlewares/Third_Party/LwIP/src/include/netif -I../Middlewares/Third_Party/LwIP/src/include/posix -I../Middlewares/Third_Party/LwIP/src/include/posix/sys -I../Middlewares/Third_Party/LwIP/system/arch -I../Drivers/CMSIS/Include -Os -ffunction-sections -fdata-sections -Wall -fstack-usage -MMD -MP -MF"Src/main.d" -MT"Src/main.o" --specs=nano.specs -mfpu=fpv4-sp-d16 -mfloat-abi=hard -mthumb -o "Src/main.o"
../Src/main.c: In function 'speedTest':
../Src/main.c:546:5: warning: implicit declaration of function 'xprint'; did you mean 'xprintf'? [-Wimplicit-function-declaration]
  546 |     xprint("Allocating memory for the speed test");
      |     ^~~~~~
      |     xprintf
arm-none-eabi-gcc -o "nucleo-basic-v4.elf" @"objects.list"   -mcpu=cortex-m4 -T"../STM32F429ZI_FLASH.ld" --specs=nosys.specs -Wl,-Map="nucleo-basic-v4.map" -Wl,--gc-sections -static --specs=nano.specs -mfpu=fpv4-sp-d16 -mfloat-abi=hard -mthumb -Wl,--start-group -lc -lm -Wl,--end-group
/opt/st/stm32cubeide_1.7.0/plugins/com.st.stm32cube.ide.mcu.externaltools.gnu-tools-for-stm32.9-2020-q2-update.linux64_2.0.0.202105311346/tools/bin/../lib/gcc/arm-none-eabi/9.3.1/../../../../arm-none-eabi/bin/ld: ./Src/main.o: in function `speedTest':
/home/student/Dokumenty/hmkm/nucleo-basic-v4/Debug/../Src/main.c:546: undefined reference to `xprint'
collect2: error: ld returned 1 exit status
make[1]: *** [makefile:82: nucleo-basic-v4.elf] Error 1
make: *** [makefile:75: all] Error 2
"make all" terminated with exit code 2. Build might be incomplete.
12:09:24 **** Incremental Build of configuration Debug for project nucleo-basic-v4 ****
make all 
arm-none-eabi-gcc -c "../Src/main.c" -mcpu=cortex-m4 -std=gnu11 -g3 '-D__weak=__attribute__((weak))' '-D__packed="__attribute__((__packed__))"' -DUSE_HAL_DRIVER -DSTM32F429xx -c -I../Inc -I../Middlewares/Third_Party/LwIP/src/include -I../Middlewares/Third_Party/LwIP/system -I../Drivers/STM32F4xx_HAL_Driver/Inc -I../Drivers/STM32F4xx_HAL_Driver/Inc/Legacy -I../Middlewares/Third_Party/FreeRTOS/Source/portable/GCC/ARM_CM4F -I../Middlewares/Third_Party/LwIP/src/include/netif/ppp -I../Middlewares/ST/STM32_USB_Host_Library/Core/Inc -I../Middlewares/ST/STM32_USB_Host_Library/Class/MSC/Inc -I../Drivers/CMSIS/Device/ST/STM32F4xx/Include -I../Middlewares/Third_Party/FatFs/src -I../Middlewares/Third_Party/FreeRTOS/Source/include -I../Middlewares/Third_Party/FreeRTOS/Source/CMSIS_RTOS -I../Middlewares/Third_Party/LwIP/src/include/lwip -I../Middlewares/Third_Party/LwIP/src/include/lwip/apps -I../Middlewares/Third_Party/LwIP/src/include/lwip/priv -I../Middlewares/Third_Party/LwIP/src/include/lwip/prot -I../Middlewares/Third_Party/LwIP/src/include/netif -I../Middlewares/Third_Party/LwIP/src/include/posix -I../Middlewares/Third_Party/LwIP/src/include/posix/sys -I../Middlewares/Third_Party/LwIP/system/arch -I../Drivers/CMSIS/Include -Os -ffunction-sections -fdata-sections -Wall -fstack-usage -MMD -MP -MF"Src/main.d" -MT"Src/main.o" --specs=nano.specs -mfpu=fpv4-sp-d16 -mfloat-abi=hard -mthumb -o "Src/main.o"
arm-none-eabi-gcc -o "nucleo-basic-v4.elf" @"objects.list"   -mcpu=cortex-m4 -T"../STM32F429ZI_FLASH.ld" --specs=nosys.specs -Wl,-Map="nucleo-basic-v4.map" -Wl,--gc-sections -static --specs=nano.specs -mfpu=fpv4-sp-d16 -mfloat-abi=hard -mthumb -Wl,--start-group -lc -lm -Wl,--end-group
Finished building target: nucleo-basic-v4.elf
 
arm-none-eabi-size   nucleo-basic-v4.elf 
   text	   data	    bss	    dec	    hex	filename
  83756	    160	  73368	 157284	  26664	nucleo-basic-v4.elf
Finished building: default.size.stdout
 
arm-none-eabi-objdump -h -S  nucleo-basic-v4.elf  > "nucleo-basic-v4.list"
Finished building: nucleo-basic-v4.list
 
arm-none-eabi-objcopy  -O binary  nucleo-basic-v4.elf  "nucleo-basic-v4.bin"
Finished building: nucleo-basic-v4.bin
 
arm-none-eabi-objcopy -O ihex "nucleo-basic-v4.elf" "nucleo-basic-v4.hex"
 
12:12:00 **** Incremental Build of configuration Debug for project nucleo-basic-v4 ****
make all 
arm-none-eabi-gcc -c "../Src/main.c" -mcpu=cortex-m4 -std=gnu11 -g3 '-D__weak=__attribute__((weak))' '-D__packed="__attribute__((__packed__))"' -DUSE_HAL_DRIVER -DSTM32F429xx -c -I../Inc -I../Middlewares/Third_Party/LwIP/src/include -I../Middlewares/Third_Party/LwIP/system -I../Drivers/STM32F4xx_HAL_Driver/Inc -I../Drivers/STM32F4xx_HAL_Driver/Inc/Legacy -I../Middlewares/Third_Party/FreeRTOS/Source/portable/GCC/ARM_CM4F -I../Middlewares/Third_Party/LwIP/src/include/netif/ppp -I../Middlewares/ST/STM32_USB_Host_Library/Core/Inc -I../Middlewares/ST/STM32_USB_Host_Library/Class/MSC/Inc -I../Drivers/CMSIS/Device/ST/STM32F4xx/Include -I../Middlewares/Third_Party/FatFs/src -I../Middlewares/Third_Party/FreeRTOS/Source/include -I../Middlewares/Third_Party/FreeRTOS/Source/CMSIS_RTOS -I../Middlewares/Third_Party/LwIP/src/include/lwip -I../Middlewares/Third_Party/LwIP/src/include/lwip/apps -I../Middlewares/Third_Party/LwIP/src/include/lwip/priv -I../Middlewares/Third_Party/LwIP/src/include/lwip/prot -I../Middlewares/Third_Party/LwIP/src/include/netif -I../Middlewares/Third_Party/LwIP/src/include/posix -I../Middlewares/Third_Party/LwIP/src/include/posix/sys -I../Middlewares/Third_Party/LwIP/system/arch -I../Drivers/CMSIS/Include -Os -ffunction-sections -fdata-sections -Wall -fstack-usage -MMD -MP -MF"Src/main.d" -MT"Src/main.o" --specs=nano.specs -mfpu=fpv4-sp-d16 -mfloat-abi=hard -mthumb -o "Src/main.o"
arm-none-eabi-gcc -o "nucleo-basic-v4.elf" @"objects.list"   -mcpu=cortex-m4 -T"../STM32F429ZI_FLASH.ld" --specs=nosys.specs -Wl,-Map="nucleo-basic-v4.map" -Wl,--gc-sections -static --specs=nano.specs -mfpu=fpv4-sp-d16 -mfloat-abi=hard -mthumb -Wl,--start-group -lc -lm -Wl,--end-group
Finished building target: nucleo-basic-v4.elf
 
arm-none-eabi-size   nucleo-basic-v4.elf 
   text	   data	    bss	    dec	    hex	filename
  83752	    160	  73368	 157280	  26660	nucleo-basic-v4.elf
Finished building: default.size.stdout
 
arm-none-eabi-objdump -h -S  nucleo-basic-v4.elf  > "nucleo-basic-v4.list"
Finished building: nucleo-basic-v4.list
 
arm-none-eabi-objcopy  -O binary  nucleo-basic-v4.elf  "nucleo-basic-v4.bin"
Finished building: nucleo-basic-v4.bin
 
arm-none-eabi-objcopy -O ihex "nucleo-basic-v4.elf" "nucleo-basic-v4.hex"
 
12:13:07 **** Incremental Build of configuration Debug for project nucleo-basic-v4 ****
make all 
arm-none-eabi-gcc -c "../Src/main.c" -mcpu=cortex-m4 -std=gnu11 -g3 '-D__weak=__attribute__((weak))' '-D__packed="__attribute__((__packed__))"' -DUSE_HAL_DRIVER -DSTM32F429xx -c -I../Inc -I../Middlewares/Third_Party/LwIP/src/include -I../Middlewares/Third_Party/LwIP/system -I../Drivers/STM32F4xx_HAL_Driver/Inc -I../Drivers/STM32F4xx_HAL_Driver/Inc/Legacy -I../Middlewares/Third_Party/FreeRTOS/Source/portable/GCC/ARM_CM4F -I../Middlewares/Third_Party/LwIP/src/include/netif/ppp -I../Middlewares/ST/STM32_USB_Host_Library/Core/Inc -I../Middlewares/ST/STM32_USB_Host_Library/Class/MSC/Inc -I../Drivers/CMSIS/Device/ST/STM32F4xx/Include -I../Middlewares/Third_Party/FatFs/src -I../Middlewares/Third_Party/FreeRTOS/Source/include -I../Middlewares/Third_Party/FreeRTOS/Source/CMSIS_RTOS -I../Middlewares/Third_Party/LwIP/src/include/lwip -I../Middlewares/Third_Party/LwIP/src/include/lwip/apps -I../Middlewares/Third_Party/LwIP/src/include/lwip/priv -I../Middlewares/Third_Party/LwIP/src/include/lwip/prot -I../Middlewares/Third_Party/LwIP/src/include/netif -I../Middlewares/Third_Party/LwIP/src/include/posix -I../Middlewares/Third_Party/LwIP/src/include/posix/sys -I../Middlewares/Third_Party/LwIP/system/arch -I../Drivers/CMSIS/Include -Os -ffunction-sections -fdata-sections -Wall -fstack-usage -MMD -MP -MF"Src/main.d" -MT"Src/main.o" --specs=nano.specs -mfpu=fpv4-sp-d16 -mfloat-abi=hard -mthumb -o "Src/main.o"
arm-none-eabi-gcc -o "nucleo-basic-v4.elf" @"objects.list"   -mcpu=cortex-m4 -T"../STM32F429ZI_FLASH.ld" --specs=nosys.specs -Wl,-Map="nucleo-basic-v4.map" -Wl,--gc-sections -static --specs=nano.specs -mfpu=fpv4-sp-d16 -mfloat-abi=hard -mthumb -Wl,--start-group -lc -lm -Wl,--end-group
Finished building target: nucleo-basic-v4.elf
 
arm-none-eabi-size   nucleo-basic-v4.elf 
   text	   data	    bss	    dec	    hex	filename
  83752	    160	  73368	 157280	  26660	nucleo-basic-v4.elf
Finished building: default.size.stdout
 
arm-none-eabi-objdump -h -S  nucleo-basic-v4.elf  > "nucleo-basic-v4.list"
Finished building: nucleo-basic-v4.list
 
arm-none-eabi-objcopy  -O binary  nucleo-basic-v4.elf  "nucleo-basic-v4.bin"
Finished building: nucleo-basic-v4.bin
 
arm-none-eabi-objcopy -O ihex "nucleo-basic-v4.elf" "nucleo-basic-v4.hex"
 
12:14:50 **** Incremental Build of configuration Debug for project nucleo-basic-v4 ****
make all 
arm-none-eabi-gcc -c "../Src/main.c" -mcpu=cortex-m4 -std=gnu11 -g3 '-D__weak=__attribute__((weak))' '-D__packed="__attribute__((__packed__))"' -DUSE_HAL_DRIVER -DSTM32F429xx -c -I../Inc -I../Middlewares/Third_Party/LwIP/src/include -I../Middlewares/Third_Party/LwIP/system -I../Drivers/STM32F4xx_HAL_Driver/Inc -I../Drivers/STM32F4xx_HAL_Driver/Inc/Legacy -I../Middlewares/Third_Party/FreeRTOS/Source/portable/GCC/ARM_CM4F -I../Middlewares/Third_Party/LwIP/src/include/netif/ppp -I../Middlewares/ST/STM32_USB_Host_Library/Core/Inc -I../Middlewares/ST/STM32_USB_Host_Library/Class/MSC/Inc -I../Drivers/CMSIS/Device/ST/STM32F4xx/Include -I../Middlewares/Third_Party/FatFs/src -I../Middlewares/Third_Party/FreeRTOS/Source/include -I../Middlewares/Third_Party/FreeRTOS/Source/CMSIS_RTOS -I../Middlewares/Third_Party/LwIP/src/include/lwip -I../Middlewares/Third_Party/LwIP/src/include/lwip/apps -I../Middlewares/Third_Party/LwIP/src/include/lwip/priv -I../Middlewares/Third_Party/LwIP/src/include/lwip/prot -I../Middlewares/Third_Party/LwIP/src/include/netif -I../Middlewares/Third_Party/LwIP/src/include/posix -I../Middlewares/Third_Party/LwIP/src/include/posix/sys -I../Middlewares/Third_Party/LwIP/system/arch -I../Drivers/CMSIS/Include -Os -ffunction-sections -fdata-sections -Wall -fstack-usage -MMD -MP -MF"Src/main.d" -MT"Src/main.o" --specs=nano.specs -mfpu=fpv4-sp-d16 -mfloat-abi=hard -mthumb -o "Src/main.o"
arm-none-eabi-gcc -o "nucleo-basic-v4.elf" @"objects.list"   -mcpu=cortex-m4 -T"../STM32F429ZI_FLASH.ld" --specs=nosys.specs -Wl,-Map="nucleo-basic-v4.map" -Wl,--gc-sections -static --specs=nano.specs -mfpu=fpv4-sp-d16 -mfloat-abi=hard -mthumb -Wl,--start-group -lc -lm -Wl,--end-group
Finished building target: nucleo-basic-v4.elf
 
arm-none-eabi-size   nucleo-basic-v4.elf 
   text	   data	    bss	    dec	    hex	filename
  83760	    160	  73368	 157288	  26668	nucleo-basic-v4.elf
Finished building: default.size.stdout
 
arm-none-eabi-objdump -h -S  nucleo-basic-v4.elf  > "nucleo-basic-v4.list"
Finished building: nucleo-basic-v4.list
 
arm-none-eabi-objcopy  -O binary  nucleo-basic-v4.elf  "nucleo-basic-v4.bin"
Finished building: nucleo-basic-v4.bin
 
arm-none-eabi-objcopy -O ihex "nucleo-basic-v4.elf" "nucleo-basic-v4.hex"
 
12:16:15 **** Incremental Build of configuration Debug for project nucleo-basic-v4 ****
make all 
arm-none-eabi-gcc -c "../Src/main.c" -mcpu=cortex-m4 -std=gnu11 -g3 '-D__weak=__attribute__((weak))' '-D__packed="__attribute__((__packed__))"' -DUSE_HAL_DRIVER -DSTM32F429xx -c -I../Inc -I../Middlewares/Third_Party/LwIP/src/include -I../Middlewares/Third_Party/LwIP/system -I../Drivers/STM32F4xx_HAL_Driver/Inc -I../Drivers/STM32F4xx_HAL_Driver/Inc/Legacy -I../Middlewares/Third_Party/FreeRTOS/Source/portable/GCC/ARM_CM4F -I../Middlewares/Third_Party/LwIP/src/include/netif/ppp -I../Middlewares/ST/STM32_USB_Host_Library/Core/Inc -I../Middlewares/ST/STM32_USB_Host_Library/Class/MSC/Inc -I../Drivers/CMSIS/Device/ST/STM32F4xx/Include -I../Middlewares/Third_Party/FatFs/src -I../Middlewares/Third_Party/FreeRTOS/Source/include -I../Middlewares/Third_Party/FreeRTOS/Source/CMSIS_RTOS -I../Middlewares/Third_Party/LwIP/src/include/lwip -I../Middlewares/Third_Party/LwIP/src/include/lwip/apps -I../Middlewares/Third_Party/LwIP/src/include/lwip/priv -I../Middlewares/Third_Party/LwIP/src/include/lwip/prot -I../Middlewares/Third_Party/LwIP/src/include/netif -I../Middlewares/Third_Party/LwIP/src/include/posix -I../Middlewares/Third_Party/LwIP/src/include/posix/sys -I../Middlewares/Third_Party/LwIP/system/arch -I../Drivers/CMSIS/Include -Os -ffunction-sections -fdata-sections -Wall -fstack-usage -MMD -MP -MF"Src/main.d" -MT"Src/main.o" --specs=nano.specs -mfpu=fpv4-sp-d16 -mfloat-abi=hard -mthumb -o "Src/main.o"
arm-none-eabi-gcc -o "nucleo-basic-v4.elf" @"objects.list"   -mcpu=cortex-m4 -T"../STM32F429ZI_FLASH.ld" --specs=nosys.specs -Wl,-Map="nucleo-basic-v4.map" -Wl,--gc-sections -static --specs=nano.specs -mfpu=fpv4-sp-d16 -mfloat-abi=hard -mthumb -Wl,--start-group -lc -lm -Wl,--end-group
Finished building target: nucleo-basic-v4.elf
 
arm-none-eabi-size   nucleo-basic-v4.elf 
   text	   data	    bss	    dec	    hex	filename
  83760	    160	  73368	 157288	  26668	nucleo-basic-v4.elf
Finished building: default.size.stdout
 
arm-none-eabi-objdump -h -S  nucleo-basic-v4.elf  > "nucleo-basic-v4.list"
Finished building: nucleo-basic-v4.list
 
arm-none-eabi-objcopy  -O binary  nucleo-basic-v4.elf  "nucleo-basic-v4.bin"
Finished building: nucleo-basic-v4.bin
 
arm-none-eabi-objcopy -O ihex "nucleo-basic-v4.elf" "nucleo-basic-v4.hex"
 
12:19:04 **** Incremental Build of configuration Debug for project nucleo-basic-v4 ****
make all 
arm-none-eabi-gcc -c "../Src/main.c" -mcpu=cortex-m4 -std=gnu11 -g3 '-D__weak=__attribute__((weak))' '-D__packed="__attribute__((__packed__))"' -DUSE_HAL_DRIVER -DSTM32F429xx -c -I../Inc -I../Middlewares/Third_Party/LwIP/src/include -I../Middlewares/Third_Party/LwIP/system -I../Drivers/STM32F4xx_HAL_Driver/Inc -I../Drivers/STM32F4xx_HAL_Driver/Inc/Legacy -I../Middlewares/Third_Party/FreeRTOS/Source/portable/GCC/ARM_CM4F -I../Middlewares/Third_Party/LwIP/src/include/netif/ppp -I../Middlewares/ST/STM32_USB_Host_Library/Core/Inc -I../Middlewares/ST/STM32_USB_Host_Library/Class/MSC/Inc -I../Drivers/CMSIS/Device/ST/STM32F4xx/Include -I../Middlewares/Third_Party/FatFs/src -I../Middlewares/Third_Party/FreeRTOS/Source/include -I../Middlewares/Third_Party/FreeRTOS/Source/CMSIS_RTOS -I../Middlewares/Third_Party/LwIP/src/include/lwip -I../Middlewares/Third_Party/LwIP/src/include/lwip/apps -I../Middlewares/Third_Party/LwIP/src/include/lwip/priv -I../Middlewares/Third_Party/LwIP/src/include/lwip/prot -I../Middlewares/Third_Party/LwIP/src/include/netif -I../Middlewares/Third_Party/LwIP/src/include/posix -I../Middlewares/Third_Party/LwIP/src/include/posix/sys -I../Middlewares/Third_Party/LwIP/system/arch -I../Drivers/CMSIS/Include -Os -ffunction-sections -fdata-sections -Wall -fstack-usage -MMD -MP -MF"Src/main.d" -MT"Src/main.o" --specs=nano.specs -mfpu=fpv4-sp-d16 -mfloat-abi=hard -mthumb -o "Src/main.o"
arm-none-eabi-gcc -o "nucleo-basic-v4.elf" @"objects.list"   -mcpu=cortex-m4 -T"../STM32F429ZI_FLASH.ld" --specs=nosys.specs -Wl,-Map="nucleo-basic-v4.map" -Wl,--gc-sections -static --specs=nano.specs -mfpu=fpv4-sp-d16 -mfloat-abi=hard -mthumb -Wl,--start-group -lc -lm -Wl,--end-group
Finished building target: nucleo-basic-v4.elf
 
arm-none-eabi-size   nucleo-basic-v4.elf 
   text	   data	    bss	    dec	    hex	filename
  83760	    160	  73368	 157288	  26668	nucleo-basic-v4.elf
Finished building: default.size.stdout
 
arm-none-eabi-objdump -h -S  nucleo-basic-v4.elf  > "nucleo-basic-v4.list"
Finished building: nucleo-basic-v4.list
 
arm-none-eabi-objcopy  -O binary  nucleo-basic-v4.elf  "nucleo-basic-v4.bin"
Finished building: nucleo-basic-v4.bin
 
arm-none-eabi-objcopy -O ihex "nucleo-basic-v4.elf" "nucleo-basic-v4.hex"
 
12:21:08 **** Incremental Build of configuration Debug for project nucleo-basic-v4 ****
make all 
arm-none-eabi-gcc -c "../Src/main.c" -mcpu=cortex-m4 -std=gnu11 -g3 '-D__weak=__attribute__((weak))' '-D__packed="__attribute__((__packed__))"' -DUSE_HAL_DRIVER -DSTM32F429xx -c -I../Inc -I../Middlewares/Third_Party/LwIP/src/include -I../Middlewares/Third_Party/LwIP/system -I../Drivers/STM32F4xx_HAL_Driver/Inc -I../Drivers/STM32F4xx_HAL_Driver/Inc/Legacy -I../Middlewares/Third_Party/FreeRTOS/Source/portable/GCC/ARM_CM4F -I../Middlewares/Third_Party/LwIP/src/include/netif/ppp -I../Middlewares/ST/STM32_USB_Host_Library/Core/Inc -I../Middlewares/ST/STM32_USB_Host_Library/Class/MSC/Inc -I../Drivers/CMSIS/Device/ST/STM32F4xx/Include -I../Middlewares/Third_Party/FatFs/src -I../Middlewares/Third_Party/FreeRTOS/Source/include -I../Middlewares/Third_Party/FreeRTOS/Source/CMSIS_RTOS -I../Middlewares/Third_Party/LwIP/src/include/lwip -I../Middlewares/Third_Party/LwIP/src/include/lwip/apps -I../Middlewares/Third_Party/LwIP/src/include/lwip/priv -I../Middlewares/Third_Party/LwIP/src/include/lwip/prot -I../Middlewares/Third_Party/LwIP/src/include/netif -I../Middlewares/Third_Party/LwIP/src/include/posix -I../Middlewares/Third_Party/LwIP/src/include/posix/sys -I../Middlewares/Third_Party/LwIP/system/arch -I../Drivers/CMSIS/Include -Os -ffunction-sections -fdata-sections -Wall -fstack-usage -MMD -MP -MF"Src/main.d" -MT"Src/main.o" --specs=nano.specs -mfpu=fpv4-sp-d16 -mfloat-abi=hard -mthumb -o "Src/main.o"
arm-none-eabi-gcc -o "nucleo-basic-v4.elf" @"objects.list"   -mcpu=cortex-m4 -T"../STM32F429ZI_FLASH.ld" --specs=nosys.specs -Wl,-Map="nucleo-basic-v4.map" -Wl,--gc-sections -static --specs=nano.specs -mfpu=fpv4-sp-d16 -mfloat-abi=hard -mthumb -Wl,--start-group -lc -lm -Wl,--end-group
Finished building target: nucleo-basic-v4.elf
 
arm-none-eabi-size   nucleo-basic-v4.elf 
   text	   data	    bss	    dec	    hex	filename
  83744	    160	  73368	 157272	  26658	nucleo-basic-v4.elf
Finished building: default.size.stdout
 
arm-none-eabi-objdump -h -S  nucleo-basic-v4.elf  > "nucleo-basic-v4.list"
Finished building: nucleo-basic-v4.list
 
arm-none-eabi-objcopy  -O binary  nucleo-basic-v4.elf  "nucleo-basic-v4.bin"
Finished building: nucleo-basic-v4.bin
 
arm-none-eabi-objcopy -O ihex "nucleo-basic-v4.elf" "nucleo-basic-v4.hex"
 
12:21:57 **** Incremental Build of configuration Debug for project nucleo-basic-v4 ****
make all 
arm-none-eabi-gcc -c "../Src/main.c" -mcpu=cortex-m4 -std=gnu11 -g3 '-D__weak=__attribute__((weak))' '-D__packed="__attribute__((__packed__))"' -DUSE_HAL_DRIVER -DSTM32F429xx -c -I../Inc -I../Middlewares/Third_Party/LwIP/src/include -I../Middlewares/Third_Party/LwIP/system -I../Drivers/STM32F4xx_HAL_Driver/Inc -I../Drivers/STM32F4xx_HAL_Driver/Inc/Legacy -I../Middlewares/Third_Party/FreeRTOS/Source/portable/GCC/ARM_CM4F -I../Middlewares/Third_Party/LwIP/src/include/netif/ppp -I../Middlewares/ST/STM32_USB_Host_Library/Core/Inc -I../Middlewares/ST/STM32_USB_Host_Library/Class/MSC/Inc -I../Drivers/CMSIS/Device/ST/STM32F4xx/Include -I../Middlewares/Third_Party/FatFs/src -I../Middlewares/Third_Party/FreeRTOS/Source/include -I../Middlewares/Third_Party/FreeRTOS/Source/CMSIS_RTOS -I../Middlewares/Third_Party/LwIP/src/include/lwip -I../Middlewares/Third_Party/LwIP/src/include/lwip/apps -I../Middlewares/Third_Party/LwIP/src/include/lwip/priv -I../Middlewares/Third_Party/LwIP/src/include/lwip/prot -I../Middlewares/Third_Party/LwIP/src/include/netif -I../Middlewares/Third_Party/LwIP/src/include/posix -I../Middlewares/Third_Party/LwIP/src/include/posix/sys -I../Middlewares/Third_Party/LwIP/system/arch -I../Drivers/CMSIS/Include -Os -ffunction-sections -fdata-sections -Wall -fstack-usage -MMD -MP -MF"Src/main.d" -MT"Src/main.o" --specs=nano.specs -mfpu=fpv4-sp-d16 -mfloat-abi=hard -mthumb -o "Src/main.o"
arm-none-eabi-gcc -o "nucleo-basic-v4.elf" @"objects.list"   -mcpu=cortex-m4 -T"../STM32F429ZI_FLASH.ld" --specs=nosys.specs -Wl,-Map="nucleo-basic-v4.map" -Wl,--gc-sections -static --specs=nano.specs -mfpu=fpv4-sp-d16 -mfloat-abi=hard -mthumb -Wl,--start-group -lc -lm -Wl,--end-group
Finished building target: nucleo-basic-v4.elf
 
arm-none-eabi-size   nucleo-basic-v4.elf 
   text	   data	    bss	    dec	    hex	filename
  83744	    160	  73368	 157272	  26658	nucleo-basic-v4.elf
Finished building: default.size.stdout
 
arm-none-eabi-objdump -h -S  nucleo-basic-v4.elf  > "nucleo-basic-v4.list"
Finished building: nucleo-basic-v4.list
 
arm-none-eabi-objcopy  -O binary  nucleo-basic-v4.elf  "nucleo-basic-v4.bin"
Finished building: nucleo-basic-v4.bin
 
arm-none-eabi-objcopy -O ihex "nucleo-basic-v4.elf" "nucleo-basic-v4.hex"
 
12:22:44 **** Incremental Build of configuration Debug for project nucleo-basic-v4 ****
make all 
arm-none-eabi-gcc -c "../Src/main.c" -mcpu=cortex-m4 -std=gnu11 -g3 '-D__weak=__attribute__((weak))' '-D__packed="__attribute__((__packed__))"' -DUSE_HAL_DRIVER -DSTM32F429xx -c -I../Inc -I../Middlewares/Third_Party/LwIP/src/include -I../Middlewares/Third_Party/LwIP/system -I../Drivers/STM32F4xx_HAL_Driver/Inc -I../Drivers/STM32F4xx_HAL_Driver/Inc/Legacy -I../Middlewares/Third_Party/FreeRTOS/Source/portable/GCC/ARM_CM4F -I../Middlewares/Third_Party/LwIP/src/include/netif/ppp -I../Middlewares/ST/STM32_USB_Host_Library/Core/Inc -I../Middlewares/ST/STM32_USB_Host_Library/Class/MSC/Inc -I../Drivers/CMSIS/Device/ST/STM32F4xx/Include -I../Middlewares/Third_Party/FatFs/src -I../Middlewares/Third_Party/FreeRTOS/Source/include -I../Middlewares/Third_Party/FreeRTOS/Source/CMSIS_RTOS -I../Middlewares/Third_Party/LwIP/src/include/lwip -I../Middlewares/Third_Party/LwIP/src/include/lwip/apps -I../Middlewares/Third_Party/LwIP/src/include/lwip/priv -I../Middlewares/Third_Party/LwIP/src/include/lwip/prot -I../Middlewares/Third_Party/LwIP/src/include/netif -I../Middlewares/Third_Party/LwIP/src/include/posix -I../Middlewares/Third_Party/LwIP/src/include/posix/sys -I../Middlewares/Third_Party/LwIP/system/arch -I../Drivers/CMSIS/Include -Os -ffunction-sections -fdata-sections -Wall -fstack-usage -MMD -MP -MF"Src/main.d" -MT"Src/main.o" --specs=nano.specs -mfpu=fpv4-sp-d16 -mfloat-abi=hard -mthumb -o "Src/main.o"
arm-none-eabi-gcc -o "nucleo-basic-v4.elf" @"objects.list"   -mcpu=cortex-m4 -T"../STM32F429ZI_FLASH.ld" --specs=nosys.specs -Wl,-Map="nucleo-basic-v4.map" -Wl,--gc-sections -static --specs=nano.specs -mfpu=fpv4-sp-d16 -mfloat-abi=hard -mthumb -Wl,--start-group -lc -lm -Wl,--end-group
Finished building target: nucleo-basic-v4.elf
 
arm-none-eabi-size   nucleo-basic-v4.elf 
   text	   data	    bss	    dec	    hex	filename
  83744	    160	  73368	 157272	  26658	nucleo-basic-v4.elf
Finished building: default.size.stdout
 
arm-none-eabi-objdump -h -S  nucleo-basic-v4.elf  > "nucleo-basic-v4.list"
Finished building: nucleo-basic-v4.list
 
arm-none-eabi-objcopy  -O binary  nucleo-basic-v4.elf  "nucleo-basic-v4.bin"
Finished building: nucleo-basic-v4.bin
 
arm-none-eabi-objcopy -O ihex "nucleo-basic-v4.elf" "nucleo-basic-v4.hex"
 
12:29:37 **** Incremental Build of configuration Debug for project nucleo-basic-v4 ****
make all 
arm-none-eabi-gcc -c "../Src/main.c" -mcpu=cortex-m4 -std=gnu11 -g3 '-D__weak=__attribute__((weak))' '-D__packed="__attribute__((__packed__))"' -DUSE_HAL_DRIVER -DSTM32F429xx -c -I../Inc -I../Middlewares/Third_Party/LwIP/src/include -I../Middlewares/Third_Party/LwIP/system -I../Drivers/STM32F4xx_HAL_Driver/Inc -I../Drivers/STM32F4xx_HAL_Driver/Inc/Legacy -I../Middlewares/Third_Party/FreeRTOS/Source/portable/GCC/ARM_CM4F -I../Middlewares/Third_Party/LwIP/src/include/netif/ppp -I../Middlewares/ST/STM32_USB_Host_Library/Core/Inc -I../Middlewares/ST/STM32_USB_Host_Library/Class/MSC/Inc -I../Drivers/CMSIS/Device/ST/STM32F4xx/Include -I../Middlewares/Third_Party/FatFs/src -I../Middlewares/Third_Party/FreeRTOS/Source/include -I../Middlewares/Third_Party/FreeRTOS/Source/CMSIS_RTOS -I../Middlewares/Third_Party/LwIP/src/include/lwip -I../Middlewares/Third_Party/LwIP/src/include/lwip/apps -I../Middlewares/Third_Party/LwIP/src/include/lwip/priv -I../Middlewares/Third_Party/LwIP/src/include/lwip/prot -I../Middlewares/Third_Party/LwIP/src/include/netif -I../Middlewares/Third_Party/LwIP/src/include/posix -I../Middlewares/Third_Party/LwIP/src/include/posix/sys -I../Middlewares/Third_Party/LwIP/system/arch -I../Drivers/CMSIS/Include -Os -ffunction-sections -fdata-sections -Wall -fstack-usage -MMD -MP -MF"Src/main.d" -MT"Src/main.o" --specs=nano.specs -mfpu=fpv4-sp-d16 -mfloat-abi=hard -mthumb -o "Src/main.o"
arm-none-eabi-gcc -c "../Middlewares/ST/STM32_USB_Host_Library/Class/MSC/Src/usbh_msc_scsi.c" -mcpu=cortex-m4 -std=gnu11 -g3 '-D__weak=__attribute__((weak))' '-D__packed="__attribute__((__packed__))"' -DUSE_HAL_DRIVER -DSTM32F429xx -c -I../Inc -I../Middlewares/Third_Party/LwIP/src/include -I../Middlewares/Third_Party/LwIP/system -I../Drivers/STM32F4xx_HAL_Driver/Inc -I../Drivers/STM32F4xx_HAL_Driver/Inc/Legacy -I../Middlewares/Third_Party/FreeRTOS/Source/portable/GCC/ARM_CM4F -I../Middlewares/Third_Party/LwIP/src/include/netif/ppp -I../Middlewares/ST/STM32_USB_Host_Library/Core/Inc -I../Middlewares/ST/STM32_USB_Host_Library/Class/MSC/Inc -I../Drivers/CMSIS/Device/ST/STM32F4xx/Include -I../Middlewares/Third_Party/FatFs/src -I../Middlewares/Third_Party/FreeRTOS/Source/include -I../Middlewares/Third_Party/FreeRTOS/Source/CMSIS_RTOS -I../Middlewares/Third_Party/LwIP/src/include/lwip -I../Middlewares/Third_Party/LwIP/src/include/lwip/apps -I../Middlewares/Third_Party/LwIP/src/include/lwip/priv -I../Middlewares/Third_Party/LwIP/src/include/lwip/prot -I../Middlewares/Third_Party/LwIP/src/include/netif -I../Middlewares/Third_Party/LwIP/src/include/posix -I../Middlewares/Third_Party/LwIP/src/include/posix/sys -I../Middlewares/Third_Party/LwIP/system/arch -I../Drivers/CMSIS/Include -Os -ffunction-sections -fdata-sections -Wall -fstack-usage -MMD -MP -MF"Middlewares/ST/STM32_USB_Host_Library/Class/MSC/Src/usbh_msc_scsi.d" -MT"Middlewares/ST/STM32_USB_Host_Library/Class/MSC/Src/usbh_msc_scsi.o" --specs=nano.specs -mfpu=fpv4-sp-d16 -mfloat-abi=hard -mthumb -o "Middlewares/ST/STM32_USB_Host_Library/Class/MSC/Src/usbh_msc_scsi.o"
../Middlewares/ST/STM32_USB_Host_Library/Class/MSC/Src/usbh_msc_scsi.c: In function 'USBH_MSC_SCSI_Write':
../Middlewares/ST/STM32_USB_Host_Library/Class/MSC/Src/usbh_msc_scsi.c:332:3: warning: implicit declaration of function 'xprintf'; did you mean 'dprintf'? [-Wimplicit-function-declaration]
  332 |   xprintf("Writing...\n");
      |   ^~~~~~~
      |   dprintf
arm-none-eabi-gcc -o "nucleo-basic-v4.elf" @"objects.list"   -mcpu=cortex-m4 -T"../STM32F429ZI_FLASH.ld" --specs=nosys.specs -Wl,-Map="nucleo-basic-v4.map" -Wl,--gc-sections -static --specs=nano.specs -mfpu=fpv4-sp-d16 -mfloat-abi=hard -mthumb -Wl,--start-group -lc -lm -Wl,--end-group
Finished building target: nucleo-basic-v4.elf
 
arm-none-eabi-size   nucleo-basic-v4.elf 
   text	   data	    bss	    dec	    hex	filename
  83952	    160	  73368	 157480	  26728	nucleo-basic-v4.elf
Finished building: default.size.stdout
 
arm-none-eabi-objdump -h -S  nucleo-basic-v4.elf  > "nucleo-basic-v4.list"
Finished building: nucleo-basic-v4.list
 
arm-none-eabi-objcopy  -O binary  nucleo-basic-v4.elf  "nucleo-basic-v4.bin"
Finished building: nucleo-basic-v4.bin
 
arm-none-eabi-objcopy -O ihex "nucleo-basic-v4.elf" "nucleo-basic-v4.hex"
 
12:30:25 **** Incremental Build of configuration Debug for project nucleo-basic-v4 ****
make all 
arm-none-eabi-gcc -o "nucleo-basic-v4.elf" @"objects.list"   -mcpu=cortex-m4 -T"../STM32F429ZI_FLASH.ld" --specs=nosys.specs -Wl,-Map="nucleo-basic-v4.map" -Wl,--gc-sections -static --specs=nano.specs -mfpu=fpv4-sp-d16 -mfloat-abi=hard -mthumb -Wl,--start-group -lc -lm -Wl,--end-group
Finished building target: nucleo-basic-v4.elf
 
arm-none-eabi-size   nucleo-basic-v4.elf 
   text	   data	    bss	    dec	    hex	filename
  83952	    160	  73368	 157480	  26728	nucleo-basic-v4.elf
Finished building: default.size.stdout
 
arm-none-eabi-objdump -h -S  nucleo-basic-v4.elf  > "nucleo-basic-v4.list"
Finished building: nucleo-basic-v4.list
 
arm-none-eabi-objcopy  -O binary  nucleo-basic-v4.elf  "nucleo-basic-v4.bin"
Finished building: nucleo-basic-v4.bin
 
arm-none-eabi-objcopy -O ihex "nucleo-basic-v4.elf" "nucleo-basic-v4.hex"
 
12:31:22 **** Incremental Build of configuration Debug for project nucleo-basic-v4 ****
make all 
arm-none-eabi-gcc -c "../Middlewares/ST/STM32_USB_Host_Library/Class/MSC/Src/usbh_msc_scsi.c" -mcpu=cortex-m4 -std=gnu11 -g3 '-D__weak=__attribute__((weak))' '-D__packed="__attribute__((__packed__))"' -DUSE_HAL_DRIVER -DSTM32F429xx -c -I../Inc -I../Middlewares/Third_Party/LwIP/src/include -I../Middlewares/Third_Party/LwIP/system -I../Drivers/STM32F4xx_HAL_Driver/Inc -I../Drivers/STM32F4xx_HAL_Driver/Inc/Legacy -I../Middlewares/Third_Party/FreeRTOS/Source/portable/GCC/ARM_CM4F -I../Middlewares/Third_Party/LwIP/src/include/netif/ppp -I../Middlewares/ST/STM32_USB_Host_Library/Core/Inc -I../Middlewares/ST/STM32_USB_Host_Library/Class/MSC/Inc -I../Drivers/CMSIS/Device/ST/STM32F4xx/Include -I../Middlewares/Third_Party/FatFs/src -I../Middlewares/Third_Party/FreeRTOS/Source/include -I../Middlewares/Third_Party/FreeRTOS/Source/CMSIS_RTOS -I../Middlewares/Third_Party/LwIP/src/include/lwip -I../Middlewares/Third_Party/LwIP/src/include/lwip/apps -I../Middlewares/Third_Party/LwIP/src/include/lwip/priv -I../Middlewares/Third_Party/LwIP/src/include/lwip/prot -I../Middlewares/Third_Party/LwIP/src/include/netif -I../Middlewares/Third_Party/LwIP/src/include/posix -I../Middlewares/Third_Party/LwIP/src/include/posix/sys -I../Middlewares/Third_Party/LwIP/system/arch -I../Drivers/CMSIS/Include -Os -ffunction-sections -fdata-sections -Wall -fstack-usage -MMD -MP -MF"Middlewares/ST/STM32_USB_Host_Library/Class/MSC/Src/usbh_msc_scsi.d" -MT"Middlewares/ST/STM32_USB_Host_Library/Class/MSC/Src/usbh_msc_scsi.o" --specs=nano.specs -mfpu=fpv4-sp-d16 -mfloat-abi=hard -mthumb -o "Middlewares/ST/STM32_USB_Host_Library/Class/MSC/Src/usbh_msc_scsi.o"
../Middlewares/ST/STM32_USB_Host_Library/Class/MSC/Src/usbh_msc_scsi.c: In function 'USBH_MSC_SCSI_Write':
../Middlewares/ST/STM32_USB_Host_Library/Class/MSC/Src/usbh_msc_scsi.c:332:3: warning: implicit declaration of function 'xprintf'; did you mean 'dprintf'? [-Wimplicit-function-declaration]
  332 |   xprintf("\nWriting...\n");
      |   ^~~~~~~
      |   dprintf
arm-none-eabi-gcc -o "nucleo-basic-v4.elf" @"objects.list"   -mcpu=cortex-m4 -T"../STM32F429ZI_FLASH.ld" --specs=nosys.specs -Wl,-Map="nucleo-basic-v4.map" -Wl,--gc-sections -static --specs=nano.specs -mfpu=fpv4-sp-d16 -mfloat-abi=hard -mthumb -Wl,--start-group -lc -lm -Wl,--end-group
Finished building target: nucleo-basic-v4.elf
 
arm-none-eabi-size   nucleo-basic-v4.elf 
   text	   data	    bss	    dec	    hex	filename
  83952	    160	  73368	 157480	  26728	nucleo-basic-v4.elf
Finished building: default.size.stdout
 
arm-none-eabi-objdump -h -S  nucleo-basic-v4.elf  > "nucleo-basic-v4.list"
Finished building: nucleo-basic-v4.list
 
arm-none-eabi-objcopy  -O binary  nucleo-basic-v4.elf  "nucleo-basic-v4.bin"
Finished building: nucleo-basic-v4.bin
 
arm-none-eabi-objcopy -O ihex "nucleo-basic-v4.elf" "nucleo-basic-v4.hex"
 
12:38:58 **** Incremental Build of configuration Debug for project nucleo-basic-v4 ****
make all 
arm-none-eabi-gcc -c "../Middlewares/ST/STM32_USB_Host_Library/Class/MSC/Src/usbh_msc_scsi.c" -mcpu=cortex-m4 -std=gnu11 -g3 '-D__weak=__attribute__((weak))' '-D__packed="__attribute__((__packed__))"' -DUSE_HAL_DRIVER -DSTM32F429xx -c -I../Inc -I../Middlewares/Third_Party/LwIP/src/include -I../Middlewares/Third_Party/LwIP/system -I../Drivers/STM32F4xx_HAL_Driver/Inc -I../Drivers/STM32F4xx_HAL_Driver/Inc/Legacy -I../Middlewares/Third_Party/FreeRTOS/Source/portable/GCC/ARM_CM4F -I../Middlewares/Third_Party/LwIP/src/include/netif/ppp -I../Middlewares/ST/STM32_USB_Host_Library/Core/Inc -I../Middlewares/ST/STM32_USB_Host_Library/Class/MSC/Inc -I../Drivers/CMSIS/Device/ST/STM32F4xx/Include -I../Middlewares/Third_Party/FatFs/src -I../Middlewares/Third_Party/FreeRTOS/Source/include -I../Middlewares/Third_Party/FreeRTOS/Source/CMSIS_RTOS -I../Middlewares/Third_Party/LwIP/src/include/lwip -I../Middlewares/Third_Party/LwIP/src/include/lwip/apps -I../Middlewares/Third_Party/LwIP/src/include/lwip/priv -I../Middlewares/Third_Party/LwIP/src/include/lwip/prot -I../Middlewares/Third_Party/LwIP/src/include/netif -I../Middlewares/Third_Party/LwIP/src/include/posix -I../Middlewares/Third_Party/LwIP/src/include/posix/sys -I../Middlewares/Third_Party/LwIP/system/arch -I../Drivers/CMSIS/Include -Os -ffunction-sections -fdata-sections -Wall -fstack-usage -MMD -MP -MF"Middlewares/ST/STM32_USB_Host_Library/Class/MSC/Src/usbh_msc_scsi.d" -MT"Middlewares/ST/STM32_USB_Host_Library/Class/MSC/Src/usbh_msc_scsi.o" --specs=nano.specs -mfpu=fpv4-sp-d16 -mfloat-abi=hard -mthumb -o "Middlewares/ST/STM32_USB_Host_Library/Class/MSC/Src/usbh_msc_scsi.o"
../Middlewares/ST/STM32_USB_Host_Library/Class/MSC/Src/usbh_msc_scsi.c: In function 'USBH_MSC_SCSI_Write':
../Middlewares/ST/STM32_USB_Host_Library/Class/MSC/Src/usbh_msc_scsi.c:333:3: warning: implicit declaration of function 'xprintf'; did you mean 'dprintf'? [-Wimplicit-function-declaration]
  333 |   xprintf("\nWriting...\n");
      |   ^~~~~~~
      |   dprintf
arm-none-eabi-gcc -o "nucleo-basic-v4.elf" @"objects.list"   -mcpu=cortex-m4 -T"../STM32F429ZI_FLASH.ld" --specs=nosys.specs -Wl,-Map="nucleo-basic-v4.map" -Wl,--gc-sections -static --specs=nano.specs -mfpu=fpv4-sp-d16 -mfloat-abi=hard -mthumb -Wl,--start-group -lc -lm -Wl,--end-group
Finished building target: nucleo-basic-v4.elf
 
arm-none-eabi-size   nucleo-basic-v4.elf 
   text	   data	    bss	    dec	    hex	filename
  84032	    160	  73368	 157560	  26778	nucleo-basic-v4.elf
Finished building: default.size.stdout
 
arm-none-eabi-objdump -h -S  nucleo-basic-v4.elf  > "nucleo-basic-v4.list"
Finished building: nucleo-basic-v4.list
 
arm-none-eabi-objcopy  -O binary  nucleo-basic-v4.elf  "nucleo-basic-v4.bin"
Finished building: nucleo-basic-v4.bin
 
arm-none-eabi-objcopy -O ihex "nucleo-basic-v4.elf" "nucleo-basic-v4.hex"
 
12:39:51 **** Incremental Build of configuration Debug for project nucleo-basic-v4 ****
make all 
arm-none-eabi-gcc -c "../Middlewares/ST/STM32_USB_Host_Library/Class/MSC/Src/usbh_msc_scsi.c" -mcpu=cortex-m4 -std=gnu11 -g3 '-D__weak=__attribute__((weak))' '-D__packed="__attribute__((__packed__))"' -DUSE_HAL_DRIVER -DSTM32F429xx -c -I../Inc -I../Middlewares/Third_Party/LwIP/src/include -I../Middlewares/Third_Party/LwIP/system -I../Drivers/STM32F4xx_HAL_Driver/Inc -I../Drivers/STM32F4xx_HAL_Driver/Inc/Legacy -I../Middlewares/Third_Party/FreeRTOS/Source/portable/GCC/ARM_CM4F -I../Middlewares/Third_Party/LwIP/src/include/netif/ppp -I../Middlewares/ST/STM32_USB_Host_Library/Core/Inc -I../Middlewares/ST/STM32_USB_Host_Library/Class/MSC/Inc -I../Drivers/CMSIS/Device/ST/STM32F4xx/Include -I../Middlewares/Third_Party/FatFs/src -I../Middlewares/Third_Party/FreeRTOS/Source/include -I../Middlewares/Third_Party/FreeRTOS/Source/CMSIS_RTOS -I../Middlewares/Third_Party/LwIP/src/include/lwip -I../Middlewares/Third_Party/LwIP/src/include/lwip/apps -I../Middlewares/Third_Party/LwIP/src/include/lwip/priv -I../Middlewares/Third_Party/LwIP/src/include/lwip/prot -I../Middlewares/Third_Party/LwIP/src/include/netif -I../Middlewares/Third_Party/LwIP/src/include/posix -I../Middlewares/Third_Party/LwIP/src/include/posix/sys -I../Middlewares/Third_Party/LwIP/system/arch -I../Drivers/CMSIS/Include -Os -ffunction-sections -fdata-sections -Wall -fstack-usage -MMD -MP -MF"Middlewares/ST/STM32_USB_Host_Library/Class/MSC/Src/usbh_msc_scsi.d" -MT"Middlewares/ST/STM32_USB_Host_Library/Class/MSC/Src/usbh_msc_scsi.o" --specs=nano.specs -mfpu=fpv4-sp-d16 -mfloat-abi=hard -mthumb -o "Middlewares/ST/STM32_USB_Host_Library/Class/MSC/Src/usbh_msc_scsi.o"
../Middlewares/ST/STM32_USB_Host_Library/Class/MSC/Src/usbh_msc_scsi.c: In function 'USBH_MSC_SCSI_Write':
../Middlewares/ST/STM32_USB_Host_Library/Class/MSC/Src/usbh_msc_scsi.c:333:3: warning: implicit declaration of function 'xprintf'; did you mean 'dprintf'? [-Wimplicit-function-declaration]
  333 |   xprintf("\nWriting...\n");
      |   ^~~~~~~
      |   dprintf
arm-none-eabi-gcc -o "nucleo-basic-v4.elf" @"objects.list"   -mcpu=cortex-m4 -T"../STM32F429ZI_FLASH.ld" --specs=nosys.specs -Wl,-Map="nucleo-basic-v4.map" -Wl,--gc-sections -static --specs=nano.specs -mfpu=fpv4-sp-d16 -mfloat-abi=hard -mthumb -Wl,--start-group -lc -lm -Wl,--end-group
Finished building target: nucleo-basic-v4.elf
 
arm-none-eabi-size   nucleo-basic-v4.elf 
   text	   data	    bss	    dec	    hex	filename
  84016	    160	  73368	 157544	  26768	nucleo-basic-v4.elf
Finished building: default.size.stdout
 
arm-none-eabi-objdump -h -S  nucleo-basic-v4.elf  > "nucleo-basic-v4.list"
Finished building: nucleo-basic-v4.list
 
arm-none-eabi-objcopy  -O binary  nucleo-basic-v4.elf  "nucleo-basic-v4.bin"
Finished building: nucleo-basic-v4.bin
 
arm-none-eabi-objcopy -O ihex "nucleo-basic-v4.elf" "nucleo-basic-v4.hex"
 
12:41:48 **** Incremental Build of configuration Debug for project nucleo-basic-v4 ****
make all 
arm-none-eabi-gcc -c "../Middlewares/ST/STM32_USB_Host_Library/Class/MSC/Src/usbh_msc_scsi.c" -mcpu=cortex-m4 -std=gnu11 -g3 '-D__weak=__attribute__((weak))' '-D__packed="__attribute__((__packed__))"' -DUSE_HAL_DRIVER -DSTM32F429xx -c -I../Inc -I../Middlewares/Third_Party/LwIP/src/include -I../Middlewares/Third_Party/LwIP/system -I../Drivers/STM32F4xx_HAL_Driver/Inc -I../Drivers/STM32F4xx_HAL_Driver/Inc/Legacy -I../Middlewares/Third_Party/FreeRTOS/Source/portable/GCC/ARM_CM4F -I../Middlewares/Third_Party/LwIP/src/include/netif/ppp -I../Middlewares/ST/STM32_USB_Host_Library/Core/Inc -I../Middlewares/ST/STM32_USB_Host_Library/Class/MSC/Inc -I../Drivers/CMSIS/Device/ST/STM32F4xx/Include -I../Middlewares/Third_Party/FatFs/src -I../Middlewares/Third_Party/FreeRTOS/Source/include -I../Middlewares/Third_Party/FreeRTOS/Source/CMSIS_RTOS -I../Middlewares/Third_Party/LwIP/src/include/lwip -I../Middlewares/Third_Party/LwIP/src/include/lwip/apps -I../Middlewares/Third_Party/LwIP/src/include/lwip/priv -I../Middlewares/Third_Party/LwIP/src/include/lwip/prot -I../Middlewares/Third_Party/LwIP/src/include/netif -I../Middlewares/Third_Party/LwIP/src/include/posix -I../Middlewares/Third_Party/LwIP/src/include/posix/sys -I../Middlewares/Third_Party/LwIP/system/arch -I../Drivers/CMSIS/Include -Os -ffunction-sections -fdata-sections -Wall -fstack-usage -MMD -MP -MF"Middlewares/ST/STM32_USB_Host_Library/Class/MSC/Src/usbh_msc_scsi.d" -MT"Middlewares/ST/STM32_USB_Host_Library/Class/MSC/Src/usbh_msc_scsi.o" --specs=nano.specs -mfpu=fpv4-sp-d16 -mfloat-abi=hard -mthumb -o "Middlewares/ST/STM32_USB_Host_Library/Class/MSC/Src/usbh_msc_scsi.o"
../Middlewares/ST/STM32_USB_Host_Library/Class/MSC/Src/usbh_msc_scsi.c: In function 'USBH_MSC_SCSI_Write':
../Middlewares/ST/STM32_USB_Host_Library/Class/MSC/Src/usbh_msc_scsi.c:333:3: warning: implicit declaration of function 'xprintf'; did you mean 'dprintf'? [-Wimplicit-function-declaration]
  333 |   xprintf("\nWriting...\n");
      |   ^~~~~~~
      |   dprintf
arm-none-eabi-gcc -o "nucleo-basic-v4.elf" @"objects.list"   -mcpu=cortex-m4 -T"../STM32F429ZI_FLASH.ld" --specs=nosys.specs -Wl,-Map="nucleo-basic-v4.map" -Wl,--gc-sections -static --specs=nano.specs -mfpu=fpv4-sp-d16 -mfloat-abi=hard -mthumb -Wl,--start-group -lc -lm -Wl,--end-group
Finished building target: nucleo-basic-v4.elf
 
arm-none-eabi-size   nucleo-basic-v4.elf 
   text	   data	    bss	    dec	    hex	filename
  84016	    160	  73368	 157544	  26768	nucleo-basic-v4.elf
Finished building: default.size.stdout
 
arm-none-eabi-objdump -h -S  nucleo-basic-v4.elf  > "nucleo-basic-v4.list"
Finished building: nucleo-basic-v4.list
 
arm-none-eabi-objcopy  -O binary  nucleo-basic-v4.elf  "nucleo-basic-v4.bin"
Finished building: nucleo-basic-v4.bin
 
arm-none-eabi-objcopy -O ihex "nucleo-basic-v4.elf" "nucleo-basic-v4.hex"
 
12:42:55 **** Incremental Build of configuration Debug for project nucleo-basic-v4 ****
make all 
arm-none-eabi-gcc -c "../Middlewares/ST/STM32_USB_Host_Library/Class/MSC/Src/usbh_msc_scsi.c" -mcpu=cortex-m4 -std=gnu11 -g3 '-D__weak=__attribute__((weak))' '-D__packed="__attribute__((__packed__))"' -DUSE_HAL_DRIVER -DSTM32F429xx -c -I../Inc -I../Middlewares/Third_Party/LwIP/src/include -I../Middlewares/Third_Party/LwIP/system -I../Drivers/STM32F4xx_HAL_Driver/Inc -I../Drivers/STM32F4xx_HAL_Driver/Inc/Legacy -I../Middlewares/Third_Party/FreeRTOS/Source/portable/GCC/ARM_CM4F -I../Middlewares/Third_Party/LwIP/src/include/netif/ppp -I../Middlewares/ST/STM32_USB_Host_Library/Core/Inc -I../Middlewares/ST/STM32_USB_Host_Library/Class/MSC/Inc -I../Drivers/CMSIS/Device/ST/STM32F4xx/Include -I../Middlewares/Third_Party/FatFs/src -I../Middlewares/Third_Party/FreeRTOS/Source/include -I../Middlewares/Third_Party/FreeRTOS/Source/CMSIS_RTOS -I../Middlewares/Third_Party/LwIP/src/include/lwip -I../Middlewares/Third_Party/LwIP/src/include/lwip/apps -I../Middlewares/Third_Party/LwIP/src/include/lwip/priv -I../Middlewares/Third_Party/LwIP/src/include/lwip/prot -I../Middlewares/Third_Party/LwIP/src/include/netif -I../Middlewares/Third_Party/LwIP/src/include/posix -I../Middlewares/Third_Party/LwIP/src/include/posix/sys -I../Middlewares/Third_Party/LwIP/system/arch -I../Drivers/CMSIS/Include -Os -ffunction-sections -fdata-sections -Wall -fstack-usage -MMD -MP -MF"Middlewares/ST/STM32_USB_Host_Library/Class/MSC/Src/usbh_msc_scsi.d" -MT"Middlewares/ST/STM32_USB_Host_Library/Class/MSC/Src/usbh_msc_scsi.o" --specs=nano.specs -mfpu=fpv4-sp-d16 -mfloat-abi=hard -mthumb -o "Middlewares/ST/STM32_USB_Host_Library/Class/MSC/Src/usbh_msc_scsi.o"
../Middlewares/ST/STM32_USB_Host_Library/Class/MSC/Src/usbh_msc_scsi.c: In function 'USBH_MSC_SCSI_Write':
../Middlewares/ST/STM32_USB_Host_Library/Class/MSC/Src/usbh_msc_scsi.c:335:3: warning: implicit declaration of function 'xprintf'; did you mean 'dprintf'? [-Wimplicit-function-declaration]
  335 |   xprintf("Function: Write\n");
      |   ^~~~~~~
      |   dprintf
arm-none-eabi-gcc -o "nucleo-basic-v4.elf" @"objects.list"   -mcpu=cortex-m4 -T"../STM32F429ZI_FLASH.ld" --specs=nosys.specs -Wl,-Map="nucleo-basic-v4.map" -Wl,--gc-sections -static --specs=nano.specs -mfpu=fpv4-sp-d16 -mfloat-abi=hard -mthumb -Wl,--start-group -lc -lm -Wl,--end-group
Finished building target: nucleo-basic-v4.elf
 
arm-none-eabi-size   nucleo-basic-v4.elf 
   text	   data	    bss	    dec	    hex	filename
  83984	    160	  73368	 157512	  26748	nucleo-basic-v4.elf
Finished building: default.size.stdout
 
arm-none-eabi-objdump -h -S  nucleo-basic-v4.elf  > "nucleo-basic-v4.list"
Finished building: nucleo-basic-v4.list
 
arm-none-eabi-objcopy  -O binary  nucleo-basic-v4.elf  "nucleo-basic-v4.bin"
Finished building: nucleo-basic-v4.bin
 
arm-none-eabi-objcopy -O ihex "nucleo-basic-v4.elf" "nucleo-basic-v4.hex"
 
12:43:38 **** Incremental Build of configuration Debug for project nucleo-basic-v4 ****
make all 
arm-none-eabi-gcc -c "../Middlewares/ST/STM32_USB_Host_Library/Class/MSC/Src/usbh_msc_scsi.c" -mcpu=cortex-m4 -std=gnu11 -g3 '-D__weak=__attribute__((weak))' '-D__packed="__attribute__((__packed__))"' -DUSE_HAL_DRIVER -DSTM32F429xx -c -I../Inc -I../Middlewares/Third_Party/LwIP/src/include -I../Middlewares/Third_Party/LwIP/system -I../Drivers/STM32F4xx_HAL_Driver/Inc -I../Drivers/STM32F4xx_HAL_Driver/Inc/Legacy -I../Middlewares/Third_Party/FreeRTOS/Source/portable/GCC/ARM_CM4F -I../Middlewares/Third_Party/LwIP/src/include/netif/ppp -I../Middlewares/ST/STM32_USB_Host_Library/Core/Inc -I../Middlewares/ST/STM32_USB_Host_Library/Class/MSC/Inc -I../Drivers/CMSIS/Device/ST/STM32F4xx/Include -I../Middlewares/Third_Party/FatFs/src -I../Middlewares/Third_Party/FreeRTOS/Source/include -I../Middlewares/Third_Party/FreeRTOS/Source/CMSIS_RTOS -I../Middlewares/Third_Party/LwIP/src/include/lwip -I../Middlewares/Third_Party/LwIP/src/include/lwip/apps -I../Middlewares/Third_Party/LwIP/src/include/lwip/priv -I../Middlewares/Third_Party/LwIP/src/include/lwip/prot -I../Middlewares/Third_Party/LwIP/src/include/netif -I../Middlewares/Third_Party/LwIP/src/include/posix -I../Middlewares/Third_Party/LwIP/src/include/posix/sys -I../Middlewares/Third_Party/LwIP/system/arch -I../Drivers/CMSIS/Include -Os -ffunction-sections -fdata-sections -Wall -fstack-usage -MMD -MP -MF"Middlewares/ST/STM32_USB_Host_Library/Class/MSC/Src/usbh_msc_scsi.d" -MT"Middlewares/ST/STM32_USB_Host_Library/Class/MSC/Src/usbh_msc_scsi.o" --specs=nano.specs -mfpu=fpv4-sp-d16 -mfloat-abi=hard -mthumb -o "Middlewares/ST/STM32_USB_Host_Library/Class/MSC/Src/usbh_msc_scsi.o"
../Middlewares/ST/STM32_USB_Host_Library/Class/MSC/Src/usbh_msc_scsi.c: In function 'USBH_MSC_SCSI_Write':
../Middlewares/ST/STM32_USB_Host_Library/Class/MSC/Src/usbh_msc_scsi.c:335:3: warning: implicit declaration of function 'xprintf'; did you mean 'dprintf'? [-Wimplicit-function-declaration]
  335 |   xprintf("Function: Write\n");
      |   ^~~~~~~
      |   dprintf
arm-none-eabi-gcc -o "nucleo-basic-v4.elf" @"objects.list"   -mcpu=cortex-m4 -T"../STM32F429ZI_FLASH.ld" --specs=nosys.specs -Wl,-Map="nucleo-basic-v4.map" -Wl,--gc-sections -static --specs=nano.specs -mfpu=fpv4-sp-d16 -mfloat-abi=hard -mthumb -Wl,--start-group -lc -lm -Wl,--end-group
Finished building target: nucleo-basic-v4.elf
 
arm-none-eabi-size   nucleo-basic-v4.elf 
   text	   data	    bss	    dec	    hex	filename
  83916	    160	  73368	 157444	  26704	nucleo-basic-v4.elf
Finished building: default.size.stdout
 
arm-none-eabi-objdump -h -S  nucleo-basic-v4.elf  > "nucleo-basic-v4.list"
Finished building: nucleo-basic-v4.list
 
arm-none-eabi-objcopy  -O binary  nucleo-basic-v4.elf  "nucleo-basic-v4.bin"
Finished building: nucleo-basic-v4.bin
 
arm-none-eabi-objcopy -O ihex "nucleo-basic-v4.elf" "nucleo-basic-v4.hex"
 
13:24:35 **** Build of configuration Debug for project nucleo-basic-v4 ****
make all 
arm-none-eabi-gcc -c "../Src/main.c" -mcpu=cortex-m4 -std=gnu11 -g3 '-D__weak=__attribute__((weak))' '-D__packed="__attribute__((__packed__))"' -DUSE_HAL_DRIVER -DSTM32F429xx -c -I../Inc -I../Middlewares/Third_Party/LwIP/src/include -I../Middlewares/Third_Party/LwIP/system -I../Drivers/STM32F4xx_HAL_Driver/Inc -I../Drivers/STM32F4xx_HAL_Driver/Inc/Legacy -I../Middlewares/Third_Party/FreeRTOS/Source/portable/GCC/ARM_CM4F -I../Middlewares/Third_Party/LwIP/src/include/netif/ppp -I../Middlewares/ST/STM32_USB_Host_Library/Core/Inc -I../Middlewares/ST/STM32_USB_Host_Library/Class/MSC/Inc -I../Drivers/CMSIS/Device/ST/STM32F4xx/Include -I../Middlewares/Third_Party/FatFs/src -I../Middlewares/Third_Party/FreeRTOS/Source/include -I../Middlewares/Third_Party/FreeRTOS/Source/CMSIS_RTOS -I../Middlewares/Third_Party/LwIP/src/include/lwip -I../Middlewares/Third_Party/LwIP/src/include/lwip/apps -I../Middlewares/Third_Party/LwIP/src/include/lwip/priv -I../Middlewares/Third_Party/LwIP/src/include/lwip/prot -I../Middlewares/Third_Party/LwIP/src/include/netif -I../Middlewares/Third_Party/LwIP/src/include/posix -I../Middlewares/Third_Party/LwIP/src/include/posix/sys -I../Middlewares/Third_Party/LwIP/system/arch -I../Drivers/CMSIS/Include -Os -ffunction-sections -fdata-sections -Wall -fstack-usage -MMD -MP -MF"Src/main.d" -MT"Src/main.o" --specs=nano.specs -mfpu=fpv4-sp-d16 -mfloat-abi=hard -mthumb -o "Src/main.o"
../Src/main.c:1:2: error: expected ';' before 'typedef'
    1 | h
      |  ^
      |  ;
../Src/main.c: In function 'createFile':
../Src/main.c:109:12: error: break statement not within loop or switch
  109 |    if(res) break;
      |            ^~~~~
make[1]: *** [Src/subdir.mk:64: Src/main.o] Error 1
make: *** [makefile:75: all] Error 2
"make all" terminated with exit code 2. Build might be incomplete.
13:24:58 **** Incremental Build of configuration Debug for project nucleo-basic-v4 ****
make all 
arm-none-eabi-gcc -c "../Src/main.c" -mcpu=cortex-m4 -std=gnu11 -g3 '-D__weak=__attribute__((weak))' '-D__packed="__attribute__((__packed__))"' -DUSE_HAL_DRIVER -DSTM32F429xx -c -I../Inc -I../Middlewares/Third_Party/LwIP/src/include -I../Middlewares/Third_Party/LwIP/system -I../Drivers/STM32F4xx_HAL_Driver/Inc -I../Drivers/STM32F4xx_HAL_Driver/Inc/Legacy -I../Middlewares/Third_Party/FreeRTOS/Source/portable/GCC/ARM_CM4F -I../Middlewares/Third_Party/LwIP/src/include/netif/ppp -I../Middlewares/ST/STM32_USB_Host_Library/Core/Inc -I../Middlewares/ST/STM32_USB_Host_Library/Class/MSC/Inc -I../Drivers/CMSIS/Device/ST/STM32F4xx/Include -I../Middlewares/Third_Party/FatFs/src -I../Middlewares/Third_Party/FreeRTOS/Source/include -I../Middlewares/Third_Party/FreeRTOS/Source/CMSIS_RTOS -I../Middlewares/Third_Party/LwIP/src/include/lwip -I../Middlewares/Third_Party/LwIP/src/include/lwip/apps -I../Middlewares/Third_Party/LwIP/src/include/lwip/priv -I../Middlewares/Third_Party/LwIP/src/include/lwip/prot -I../Middlewares/Third_Party/LwIP/src/include/netif -I../Middlewares/Third_Party/LwIP/src/include/posix -I../Middlewares/Third_Party/LwIP/src/include/posix/sys -I../Middlewares/Third_Party/LwIP/system/arch -I../Drivers/CMSIS/Include -Os -ffunction-sections -fdata-sections -Wall -fstack-usage -MMD -MP -MF"Src/main.d" -MT"Src/main.o" --specs=nano.specs -mfpu=fpv4-sp-d16 -mfloat-abi=hard -mthumb -o "Src/main.o"
../Src/main.c:1:2: error: expected ';' before 'typedef'
    1 | h
      |  ^
      |  ;
make[1]: *** [Src/subdir.mk:64: Src/main.o] Error 1
make: *** [makefile:75: all] Error 2
"make all" terminated with exit code 2. Build might be incomplete.
13:25:02 **** Incremental Build of configuration Debug for project nucleo-basic-v4 ****
make all 
arm-none-eabi-gcc -c "../Src/main.c" -mcpu=cortex-m4 -std=gnu11 -g3 '-D__weak=__attribute__((weak))' '-D__packed="__attribute__((__packed__))"' -DUSE_HAL_DRIVER -DSTM32F429xx -c -I../Inc -I../Middlewares/Third_Party/LwIP/src/include -I../Middlewares/Third_Party/LwIP/system -I../Drivers/STM32F4xx_HAL_Driver/Inc -I../Drivers/STM32F4xx_HAL_Driver/Inc/Legacy -I../Middlewares/Third_Party/FreeRTOS/Source/portable/GCC/ARM_CM4F -I../Middlewares/Third_Party/LwIP/src/include/netif/ppp -I../Middlewares/ST/STM32_USB_Host_Library/Core/Inc -I../Middlewares/ST/STM32_USB_Host_Library/Class/MSC/Inc -I../Drivers/CMSIS/Device/ST/STM32F4xx/Include -I../Middlewares/Third_Party/FatFs/src -I../Middlewares/Third_Party/FreeRTOS/Source/include -I../Middlewares/Third_Party/FreeRTOS/Source/CMSIS_RTOS -I../Middlewares/Third_Party/LwIP/src/include/lwip -I../Middlewares/Third_Party/LwIP/src/include/lwip/apps -I../Middlewares/Third_Party/LwIP/src/include/lwip/priv -I../Middlewares/Third_Party/LwIP/src/include/lwip/prot -I../Middlewares/Third_Party/LwIP/src/include/netif -I../Middlewares/Third_Party/LwIP/src/include/posix -I../Middlewares/Third_Party/LwIP/src/include/posix/sys -I../Middlewares/Third_Party/LwIP/system/arch -I../Drivers/CMSIS/Include -Os -ffunction-sections -fdata-sections -Wall -fstack-usage -MMD -MP -MF"Src/main.d" -MT"Src/main.o" --specs=nano.specs -mfpu=fpv4-sp-d16 -mfloat-abi=hard -mthumb -o "Src/main.o"
../Src/main.c:1:2: error: expected ';' before 'typedef'
    1 | h
      |  ^
      |  ;
make[1]: *** [Src/subdir.mk:64: Src/main.o] Error 1
make: *** [makefile:75: all] Error 2
"make all" terminated with exit code 2. Build might be incomplete.
13:25:14 **** Incremental Build of configuration Debug for project nucleo-basic-v4 ****
make all 
arm-none-eabi-gcc -c "../Src/main.c" -mcpu=cortex-m4 -std=gnu11 -g3 '-D__weak=__attribute__((weak))' '-D__packed="__attribute__((__packed__))"' -DUSE_HAL_DRIVER -DSTM32F429xx -c -I../Inc -I../Middlewares/Third_Party/LwIP/src/include -I../Middlewares/Third_Party/LwIP/system -I../Drivers/STM32F4xx_HAL_Driver/Inc -I../Drivers/STM32F4xx_HAL_Driver/Inc/Legacy -I../Middlewares/Third_Party/FreeRTOS/Source/portable/GCC/ARM_CM4F -I../Middlewares/Third_Party/LwIP/src/include/netif/ppp -I../Middlewares/ST/STM32_USB_Host_Library/Core/Inc -I../Middlewares/ST/STM32_USB_Host_Library/Class/MSC/Inc -I../Drivers/CMSIS/Device/ST/STM32F4xx/Include -I../Middlewares/Third_Party/FatFs/src -I../Middlewares/Third_Party/FreeRTOS/Source/include -I../Middlewares/Third_Party/FreeRTOS/Source/CMSIS_RTOS -I../Middlewares/Third_Party/LwIP/src/include/lwip -I../Middlewares/Third_Party/LwIP/src/include/lwip/apps -I../Middlewares/Third_Party/LwIP/src/include/lwip/priv -I../Middlewares/Third_Party/LwIP/src/include/lwip/prot -I../Middlewares/Third_Party/LwIP/src/include/netif -I../Middlewares/Third_Party/LwIP/src/include/posix -I../Middlewares/Third_Party/LwIP/src/include/posix/sys -I../Middlewares/Third_Party/LwIP/system/arch -I../Drivers/CMSIS/Include -Os -ffunction-sections -fdata-sections -Wall -fstack-usage -MMD -MP -MF"Src/main.d" -MT"Src/main.o" --specs=nano.specs -mfpu=fpv4-sp-d16 -mfloat-abi=hard -mthumb -o "Src/main.o"
arm-none-eabi-gcc -c "../Middlewares/ST/STM32_USB_Host_Library/Class/MSC/Src/usbh_msc_scsi.c" -mcpu=cortex-m4 -std=gnu11 -g3 '-D__weak=__attribute__((weak))' '-D__packed="__attribute__((__packed__))"' -DUSE_HAL_DRIVER -DSTM32F429xx -c -I../Inc -I../Middlewares/Third_Party/LwIP/src/include -I../Middlewares/Third_Party/LwIP/system -I../Drivers/STM32F4xx_HAL_Driver/Inc -I../Drivers/STM32F4xx_HAL_Driver/Inc/Legacy -I../Middlewares/Third_Party/FreeRTOS/Source/portable/GCC/ARM_CM4F -I../Middlewares/Third_Party/LwIP/src/include/netif/ppp -I../Middlewares/ST/STM32_USB_Host_Library/Core/Inc -I../Middlewares/ST/STM32_USB_Host_Library/Class/MSC/Inc -I../Drivers/CMSIS/Device/ST/STM32F4xx/Include -I../Middlewares/Third_Party/FatFs/src -I../Middlewares/Third_Party/FreeRTOS/Source/include -I../Middlewares/Third_Party/FreeRTOS/Source/CMSIS_RTOS -I../Middlewares/Third_Party/LwIP/src/include/lwip -I../Middlewares/Third_Party/LwIP/src/include/lwip/apps -I../Middlewares/Third_Party/LwIP/src/include/lwip/priv -I../Middlewares/Third_Party/LwIP/src/include/lwip/prot -I../Middlewares/Third_Party/LwIP/src/include/netif -I../Middlewares/Third_Party/LwIP/src/include/posix -I../Middlewares/Third_Party/LwIP/src/include/posix/sys -I../Middlewares/Third_Party/LwIP/system/arch -I../Drivers/CMSIS/Include -Os -ffunction-sections -fdata-sections -Wall -fstack-usage -MMD -MP -MF"Middlewares/ST/STM32_USB_Host_Library/Class/MSC/Src/usbh_msc_scsi.d" -MT"Middlewares/ST/STM32_USB_Host_Library/Class/MSC/Src/usbh_msc_scsi.o" --specs=nano.specs -mfpu=fpv4-sp-d16 -mfloat-abi=hard -mthumb -o "Middlewares/ST/STM32_USB_Host_Library/Class/MSC/Src/usbh_msc_scsi.o"
../Middlewares/ST/STM32_USB_Host_Library/Class/MSC/Src/usbh_msc_scsi.c: In function 'USBH_MSC_SCSI_Write':
../Middlewares/ST/STM32_USB_Host_Library/Class/MSC/Src/usbh_msc_scsi.c:335:4: warning: implicit declaration of function 'xprintf'; did you mean 'dprintf'? [-Wimplicit-function-declaration]
  335 |    xprintf("Function: Write\n");
      |    ^~~~~~~
      |    dprintf
arm-none-eabi-gcc -o "nucleo-basic-v4.elf" @"objects.list"   -mcpu=cortex-m4 -T"../STM32F429ZI_FLASH.ld" --specs=nosys.specs -Wl,-Map="nucleo-basic-v4.map" -Wl,--gc-sections -static --specs=nano.specs -mfpu=fpv4-sp-d16 -mfloat-abi=hard -mthumb -Wl,--start-group -lc -lm -Wl,--end-group
Finished building target: nucleo-basic-v4.elf
 
arm-none-eabi-size   nucleo-basic-v4.elf 
   text	   data	    bss	    dec	    hex	filename
  81460	    160	  73368	 154988	  25d6c	nucleo-basic-v4.elf
Finished building: default.size.stdout
 
arm-none-eabi-objdump -h -S  nucleo-basic-v4.elf  > "nucleo-basic-v4.list"
Finished building: nucleo-basic-v4.list
 
arm-none-eabi-objcopy  -O binary  nucleo-basic-v4.elf  "nucleo-basic-v4.bin"
Finished building: nucleo-basic-v4.bin
 
arm-none-eabi-objcopy -O ihex "nucleo-basic-v4.elf" "nucleo-basic-v4.hex"
 
13:27:25 **** Incremental Build of configuration Debug for project nucleo-basic-v4 ****
make all 
arm-none-eabi-gcc -c "../Src/main.c" -mcpu=cortex-m4 -std=gnu11 -g3 '-D__weak=__attribute__((weak))' '-D__packed="__attribute__((__packed__))"' -DUSE_HAL_DRIVER -DSTM32F429xx -c -I../Inc -I../Middlewares/Third_Party/LwIP/src/include -I../Middlewares/Third_Party/LwIP/system -I../Drivers/STM32F4xx_HAL_Driver/Inc -I../Drivers/STM32F4xx_HAL_Driver/Inc/Legacy -I../Middlewares/Third_Party/FreeRTOS/Source/portable/GCC/ARM_CM4F -I../Middlewares/Third_Party/LwIP/src/include/netif/ppp -I../Middlewares/ST/STM32_USB_Host_Library/Core/Inc -I../Middlewares/ST/STM32_USB_Host_Library/Class/MSC/Inc -I../Drivers/CMSIS/Device/ST/STM32F4xx/Include -I../Middlewares/Third_Party/FatFs/src -I../Middlewares/Third_Party/FreeRTOS/Source/include -I../Middlewares/Third_Party/FreeRTOS/Source/CMSIS_RTOS -I../Middlewares/Third_Party/LwIP/src/include/lwip -I../Middlewares/Third_Party/LwIP/src/include/lwip/apps -I../Middlewares/Third_Party/LwIP/src/include/lwip/priv -I../Middlewares/Third_Party/LwIP/src/include/lwip/prot -I../Middlewares/Third_Party/LwIP/src/include/netif -I../Middlewares/Third_Party/LwIP/src/include/posix -I../Middlewares/Third_Party/LwIP/src/include/posix/sys -I../Middlewares/Third_Party/LwIP/system/arch -I../Drivers/CMSIS/Include -Os -ffunction-sections -fdata-sections -Wall -fstack-usage -MMD -MP -MF"Src/main.d" -MT"Src/main.o" --specs=nano.specs -mfpu=fpv4-sp-d16 -mfloat-abi=hard -mthumb -o "Src/main.o"
../Src/main.c:1:2: error: expected ';' before 'typedef'
    1 | h
      |  ^
      |  ;
make[1]: *** [Src/subdir.mk:64: Src/main.o] Error 1
make: *** [makefile:75: all] Error 2
"make all" terminated with exit code 2. Build might be incomplete.
13:27:33 **** Incremental Build of configuration Debug for project nucleo-basic-v4 ****
make all 
arm-none-eabi-gcc -c "../Src/main.c" -mcpu=cortex-m4 -std=gnu11 -g3 '-D__weak=__attribute__((weak))' '-D__packed="__attribute__((__packed__))"' -DUSE_HAL_DRIVER -DSTM32F429xx -c -I../Inc -I../Middlewares/Third_Party/LwIP/src/include -I../Middlewares/Third_Party/LwIP/system -I../Drivers/STM32F4xx_HAL_Driver/Inc -I../Drivers/STM32F4xx_HAL_Driver/Inc/Legacy -I../Middlewares/Third_Party/FreeRTOS/Source/portable/GCC/ARM_CM4F -I../Middlewares/Third_Party/LwIP/src/include/netif/ppp -I../Middlewares/ST/STM32_USB_Host_Library/Core/Inc -I../Middlewares/ST/STM32_USB_Host_Library/Class/MSC/Inc -I../Drivers/CMSIS/Device/ST/STM32F4xx/Include -I../Middlewares/Third_Party/FatFs/src -I../Middlewares/Third_Party/FreeRTOS/Source/include -I../Middlewares/Third_Party/FreeRTOS/Source/CMSIS_RTOS -I../Middlewares/Third_Party/LwIP/src/include/lwip -I../Middlewares/Third_Party/LwIP/src/include/lwip/apps -I../Middlewares/Third_Party/LwIP/src/include/lwip/priv -I../Middlewares/Third_Party/LwIP/src/include/lwip/prot -I../Middlewares/Third_Party/LwIP/src/include/netif -I../Middlewares/Third_Party/LwIP/src/include/posix -I../Middlewares/Third_Party/LwIP/src/include/posix/sys -I../Middlewares/Third_Party/LwIP/system/arch -I../Drivers/CMSIS/Include -Os -ffunction-sections -fdata-sections -Wall -fstack-usage -MMD -MP -MF"Src/main.d" -MT"Src/main.o" --specs=nano.specs -mfpu=fpv4-sp-d16 -mfloat-abi=hard -mthumb -o "Src/main.o"
arm-none-eabi-gcc -c "../Middlewares/ST/STM32_USB_Host_Library/Class/MSC/Src/usbh_msc_scsi.c" -mcpu=cortex-m4 -std=gnu11 -g3 '-D__weak=__attribute__((weak))' '-D__packed="__attribute__((__packed__))"' -DUSE_HAL_DRIVER -DSTM32F429xx -c -I../Inc -I../Middlewares/Third_Party/LwIP/src/include -I../Middlewares/Third_Party/LwIP/system -I../Drivers/STM32F4xx_HAL_Driver/Inc -I../Drivers/STM32F4xx_HAL_Driver/Inc/Legacy -I../Middlewares/Third_Party/FreeRTOS/Source/portable/GCC/ARM_CM4F -I../Middlewares/Third_Party/LwIP/src/include/netif/ppp -I../Middlewares/ST/STM32_USB_Host_Library/Core/Inc -I../Middlewares/ST/STM32_USB_Host_Library/Class/MSC/Inc -I../Drivers/CMSIS/Device/ST/STM32F4xx/Include -I../Middlewares/Third_Party/FatFs/src -I../Middlewares/Third_Party/FreeRTOS/Source/include -I../Middlewares/Third_Party/FreeRTOS/Source/CMSIS_RTOS -I../Middlewares/Third_Party/LwIP/src/include/lwip -I../Middlewares/Third_Party/LwIP/src/include/lwip/apps -I../Middlewares/Third_Party/LwIP/src/include/lwip/priv -I../Middlewares/Third_Party/LwIP/src/include/lwip/prot -I../Middlewares/Third_Party/LwIP/src/include/netif -I../Middlewares/Third_Party/LwIP/src/include/posix -I../Middlewares/Third_Party/LwIP/src/include/posix/sys -I../Middlewares/Third_Party/LwIP/system/arch -I../Drivers/CMSIS/Include -Os -ffunction-sections -fdata-sections -Wall -fstack-usage -MMD -MP -MF"Middlewares/ST/STM32_USB_Host_Library/Class/MSC/Src/usbh_msc_scsi.d" -MT"Middlewares/ST/STM32_USB_Host_Library/Class/MSC/Src/usbh_msc_scsi.o" --specs=nano.specs -mfpu=fpv4-sp-d16 -mfloat-abi=hard -mthumb -o "Middlewares/ST/STM32_USB_Host_Library/Class/MSC/Src/usbh_msc_scsi.o"
../Middlewares/ST/STM32_USB_Host_Library/Class/MSC/Src/usbh_msc_scsi.c: In function 'USBH_MSC_SCSI_Write':
../Middlewares/ST/STM32_USB_Host_Library/Class/MSC/Src/usbh_msc_scsi.c:335:4: warning: implicit declaration of function 'xprintf'; did you mean 'dprintf'? [-Wimplicit-function-declaration]
  335 |    xprintf("Function: Write\n");
      |    ^~~~~~~
      |    dprintf
arm-none-eabi-gcc -o "nucleo-basic-v4.elf" @"objects.list"   -mcpu=cortex-m4 -T"../STM32F429ZI_FLASH.ld" --specs=nosys.specs -Wl,-Map="nucleo-basic-v4.map" -Wl,--gc-sections -static --specs=nano.specs -mfpu=fpv4-sp-d16 -mfloat-abi=hard -mthumb -Wl,--start-group -lc -lm -Wl,--end-group
Finished building target: nucleo-basic-v4.elf
 
arm-none-eabi-size   nucleo-basic-v4.elf 
   text	   data	    bss	    dec	    hex	filename
  81460	    160	  73368	 154988	  25d6c	nucleo-basic-v4.elf
Finished building: default.size.stdout
 
arm-none-eabi-objdump -h -S  nucleo-basic-v4.elf  > "nucleo-basic-v4.list"
Finished building: nucleo-basic-v4.list
 
arm-none-eabi-objcopy  -O binary  nucleo-basic-v4.elf  "nucleo-basic-v4.bin"
Finished building: nucleo-basic-v4.bin
 
arm-none-eabi-objcopy -O ihex "nucleo-basic-v4.elf" "nucleo-basic-v4.hex"
 
13:30:30 **** Incremental Build of configuration Debug for project nucleo-basic-v4 ****
make all 
arm-none-eabi-gcc -c "../Src/main.c" -mcpu=cortex-m4 -std=gnu11 -g3 '-D__weak=__attribute__((weak))' '-D__packed="__attribute__((__packed__))"' -DUSE_HAL_DRIVER -DSTM32F429xx -c -I../Inc -I../Middlewares/Third_Party/LwIP/src/include -I../Middlewares/Third_Party/LwIP/system -I../Drivers/STM32F4xx_HAL_Driver/Inc -I../Drivers/STM32F4xx_HAL_Driver/Inc/Legacy -I../Middlewares/Third_Party/FreeRTOS/Source/portable/GCC/ARM_CM4F -I../Middlewares/Third_Party/LwIP/src/include/netif/ppp -I../Middlewares/ST/STM32_USB_Host_Library/Core/Inc -I../Middlewares/ST/STM32_USB_Host_Library/Class/MSC/Inc -I../Drivers/CMSIS/Device/ST/STM32F4xx/Include -I../Middlewares/Third_Party/FatFs/src -I../Middlewares/Third_Party/FreeRTOS/Source/include -I../Middlewares/Third_Party/FreeRTOS/Source/CMSIS_RTOS -I../Middlewares/Third_Party/LwIP/src/include/lwip -I../Middlewares/Third_Party/LwIP/src/include/lwip/apps -I../Middlewares/Third_Party/LwIP/src/include/lwip/priv -I../Middlewares/Third_Party/LwIP/src/include/lwip/prot -I../Middlewares/Third_Party/LwIP/src/include/netif -I../Middlewares/Third_Party/LwIP/src/include/posix -I../Middlewares/Third_Party/LwIP/src/include/posix/sys -I../Middlewares/Third_Party/LwIP/system/arch -I../Drivers/CMSIS/Include -Os -ffunction-sections -fdata-sections -Wall -fstack-usage -MMD -MP -MF"Src/main.d" -MT"Src/main.o" --specs=nano.specs -mfpu=fpv4-sp-d16 -mfloat-abi=hard -mthumb -o "Src/main.o"
arm-none-eabi-gcc -o "nucleo-basic-v4.elf" @"objects.list"   -mcpu=cortex-m4 -T"../STM32F429ZI_FLASH.ld" --specs=nosys.specs -Wl,-Map="nucleo-basic-v4.map" -Wl,--gc-sections -static --specs=nano.specs -mfpu=fpv4-sp-d16 -mfloat-abi=hard -mthumb -Wl,--start-group -lc -lm -Wl,--end-group
Finished building target: nucleo-basic-v4.elf
 
arm-none-eabi-size   nucleo-basic-v4.elf 
   text	   data	    bss	    dec	    hex	filename
  80404	    160	  73368	 153932	  2594c	nucleo-basic-v4.elf
Finished building: default.size.stdout
 
arm-none-eabi-objdump -h -S  nucleo-basic-v4.elf  > "nucleo-basic-v4.list"
Finished building: nucleo-basic-v4.list
 
arm-none-eabi-objcopy  -O binary  nucleo-basic-v4.elf  "nucleo-basic-v4.bin"
Finished building: nucleo-basic-v4.bin
 
arm-none-eabi-objcopy -O ihex "nucleo-basic-v4.elf" "nucleo-basic-v4.hex"
 
13:32:02 **** Incremental Build of configuration Debug for project nucleo-basic-v4 ****
make all 
arm-none-eabi-gcc -c "../Src/main.c" -mcpu=cortex-m4 -std=gnu11 -g3 '-D__weak=__attribute__((weak))' '-D__packed="__attribute__((__packed__))"' -DUSE_HAL_DRIVER -DSTM32F429xx -c -I../Inc -I../Middlewares/Third_Party/LwIP/src/include -I../Middlewares/Third_Party/LwIP/system -I../Drivers/STM32F4xx_HAL_Driver/Inc -I../Drivers/STM32F4xx_HAL_Driver/Inc/Legacy -I../Middlewares/Third_Party/FreeRTOS/Source/portable/GCC/ARM_CM4F -I../Middlewares/Third_Party/LwIP/src/include/netif/ppp -I../Middlewares/ST/STM32_USB_Host_Library/Core/Inc -I../Middlewares/ST/STM32_USB_Host_Library/Class/MSC/Inc -I../Drivers/CMSIS/Device/ST/STM32F4xx/Include -I../Middlewares/Third_Party/FatFs/src -I../Middlewares/Third_Party/FreeRTOS/Source/include -I../Middlewares/Third_Party/FreeRTOS/Source/CMSIS_RTOS -I../Middlewares/Third_Party/LwIP/src/include/lwip -I../Middlewares/Third_Party/LwIP/src/include/lwip/apps -I../Middlewares/Third_Party/LwIP/src/include/lwip/priv -I../Middlewares/Third_Party/LwIP/src/include/lwip/prot -I../Middlewares/Third_Party/LwIP/src/include/netif -I../Middlewares/Third_Party/LwIP/src/include/posix -I../Middlewares/Third_Party/LwIP/src/include/posix/sys -I../Middlewares/Third_Party/LwIP/system/arch -I../Drivers/CMSIS/Include -Os -ffunction-sections -fdata-sections -Wall -fstack-usage -MMD -MP -MF"Src/main.d" -MT"Src/main.o" --specs=nano.specs -mfpu=fpv4-sp-d16 -mfloat-abi=hard -mthumb -o "Src/main.o"
arm-none-eabi-gcc -o "nucleo-basic-v4.elf" @"objects.list"   -mcpu=cortex-m4 -T"../STM32F429ZI_FLASH.ld" --specs=nosys.specs -Wl,-Map="nucleo-basic-v4.map" -Wl,--gc-sections -static --specs=nano.specs -mfpu=fpv4-sp-d16 -mfloat-abi=hard -mthumb -Wl,--start-group -lc -lm -Wl,--end-group
Finished building target: nucleo-basic-v4.elf
 
arm-none-eabi-size   nucleo-basic-v4.elf 
   text	   data	    bss	    dec	    hex	filename
  80404	    160	  73368	 153932	  2594c	nucleo-basic-v4.elf
Finished building: default.size.stdout
 
arm-none-eabi-objdump -h -S  nucleo-basic-v4.elf  > "nucleo-basic-v4.list"
Finished building: nucleo-basic-v4.list
 
arm-none-eabi-objcopy  -O binary  nucleo-basic-v4.elf  "nucleo-basic-v4.bin"
Finished building: nucleo-basic-v4.bin
 
arm-none-eabi-objcopy -O ihex "nucleo-basic-v4.elf" "nucleo-basic-v4.hex"
 
13:32:11 **** Incremental Build of configuration Debug for project nucleo-basic-v4 ****
make all 
arm-none-eabi-gcc -c "../Src/main.c" -mcpu=cortex-m4 -std=gnu11 -g3 '-D__weak=__attribute__((weak))' '-D__packed="__attribute__((__packed__))"' -DUSE_HAL_DRIVER -DSTM32F429xx -c -I../Inc -I../Middlewares/Third_Party/LwIP/src/include -I../Middlewares/Third_Party/LwIP/system -I../Drivers/STM32F4xx_HAL_Driver/Inc -I../Drivers/STM32F4xx_HAL_Driver/Inc/Legacy -I../Middlewares/Third_Party/FreeRTOS/Source/portable/GCC/ARM_CM4F -I../Middlewares/Third_Party/LwIP/src/include/netif/ppp -I../Middlewares/ST/STM32_USB_Host_Library/Core/Inc -I../Middlewares/ST/STM32_USB_Host_Library/Class/MSC/Inc -I../Drivers/CMSIS/Device/ST/STM32F4xx/Include -I../Middlewares/Third_Party/FatFs/src -I../Middlewares/Third_Party/FreeRTOS/Source/include -I../Middlewares/Third_Party/FreeRTOS/Source/CMSIS_RTOS -I../Middlewares/Third_Party/LwIP/src/include/lwip -I../Middlewares/Third_Party/LwIP/src/include/lwip/apps -I../Middlewares/Third_Party/LwIP/src/include/lwip/priv -I../Middlewares/Third_Party/LwIP/src/include/lwip/prot -I../Middlewares/Third_Party/LwIP/src/include/netif -I../Middlewares/Third_Party/LwIP/src/include/posix -I../Middlewares/Third_Party/LwIP/src/include/posix/sys -I../Middlewares/Third_Party/LwIP/system/arch -I../Drivers/CMSIS/Include -Os -ffunction-sections -fdata-sections -Wall -fstack-usage -MMD -MP -MF"Src/main.d" -MT"Src/main.o" --specs=nano.specs -mfpu=fpv4-sp-d16 -mfloat-abi=hard -mthumb -o "Src/main.o"
arm-none-eabi-gcc -o "nucleo-basic-v4.elf" @"objects.list"   -mcpu=cortex-m4 -T"../STM32F429ZI_FLASH.ld" --specs=nosys.specs -Wl,-Map="nucleo-basic-v4.map" -Wl,--gc-sections -static --specs=nano.specs -mfpu=fpv4-sp-d16 -mfloat-abi=hard -mthumb -Wl,--start-group -lc -lm -Wl,--end-group
Finished building target: nucleo-basic-v4.elf
 
arm-none-eabi-size   nucleo-basic-v4.elf 
   text	   data	    bss	    dec	    hex	filename
  80396	    160	  73368	 153924	  25944	nucleo-basic-v4.elf
Finished building: default.size.stdout
 
arm-none-eabi-objdump -h -S  nucleo-basic-v4.elf  > "nucleo-basic-v4.list"
Finished building: nucleo-basic-v4.list
 
arm-none-eabi-objcopy  -O binary  nucleo-basic-v4.elf  "nucleo-basic-v4.bin"
Finished building: nucleo-basic-v4.bin
 
arm-none-eabi-objcopy -O ihex "nucleo-basic-v4.elf" "nucleo-basic-v4.hex"
 
13:32:18 **** Incremental Build of configuration Debug for project nucleo-basic-v4 ****
make all 
arm-none-eabi-gcc -c "../Src/main.c" -mcpu=cortex-m4 -std=gnu11 -g3 '-D__weak=__attribute__((weak))' '-D__packed="__attribute__((__packed__))"' -DUSE_HAL_DRIVER -DSTM32F429xx -c -I../Inc -I../Middlewares/Third_Party/LwIP/src/include -I../Middlewares/Third_Party/LwIP/system -I../Drivers/STM32F4xx_HAL_Driver/Inc -I../Drivers/STM32F4xx_HAL_Driver/Inc/Legacy -I../Middlewares/Third_Party/FreeRTOS/Source/portable/GCC/ARM_CM4F -I../Middlewares/Third_Party/LwIP/src/include/netif/ppp -I../Middlewares/ST/STM32_USB_Host_Library/Core/Inc -I../Middlewares/ST/STM32_USB_Host_Library/Class/MSC/Inc -I../Drivers/CMSIS/Device/ST/STM32F4xx/Include -I../Middlewares/Third_Party/FatFs/src -I../Middlewares/Third_Party/FreeRTOS/Source/include -I../Middlewares/Third_Party/FreeRTOS/Source/CMSIS_RTOS -I../Middlewares/Third_Party/LwIP/src/include/lwip -I../Middlewares/Third_Party/LwIP/src/include/lwip/apps -I../Middlewares/Third_Party/LwIP/src/include/lwip/priv -I../Middlewares/Third_Party/LwIP/src/include/lwip/prot -I../Middlewares/Third_Party/LwIP/src/include/netif -I../Middlewares/Third_Party/LwIP/src/include/posix -I../Middlewares/Third_Party/LwIP/src/include/posix/sys -I../Middlewares/Third_Party/LwIP/system/arch -I../Drivers/CMSIS/Include -Os -ffunction-sections -fdata-sections -Wall -fstack-usage -MMD -MP -MF"Src/main.d" -MT"Src/main.o" --specs=nano.specs -mfpu=fpv4-sp-d16 -mfloat-abi=hard -mthumb -o "Src/main.o"
arm-none-eabi-gcc -o "nucleo-basic-v4.elf" @"objects.list"   -mcpu=cortex-m4 -T"../STM32F429ZI_FLASH.ld" --specs=nosys.specs -Wl,-Map="nucleo-basic-v4.map" -Wl,--gc-sections -static --specs=nano.specs -mfpu=fpv4-sp-d16 -mfloat-abi=hard -mthumb -Wl,--start-group -lc -lm -Wl,--end-group
Finished building target: nucleo-basic-v4.elf
 
arm-none-eabi-size   nucleo-basic-v4.elf 
   text	   data	    bss	    dec	    hex	filename
  80396	    160	  73368	 153924	  25944	nucleo-basic-v4.elf
Finished building: default.size.stdout
 
arm-none-eabi-objdump -h -S  nucleo-basic-v4.elf  > "nucleo-basic-v4.list"
Finished building: nucleo-basic-v4.list
 
arm-none-eabi-objcopy  -O binary  nucleo-basic-v4.elf  "nucleo-basic-v4.bin"
Finished building: nucleo-basic-v4.bin
 
arm-none-eabi-objcopy -O ihex "nucleo-basic-v4.elf" "nucleo-basic-v4.hex"
 
13:33:51 **** Incremental Build of configuration Debug for project nucleo-basic-v4 ****
make all 
arm-none-eabi-gcc -c "../Src/main.c" -mcpu=cortex-m4 -std=gnu11 -g3 '-D__weak=__attribute__((weak))' '-D__packed="__attribute__((__packed__))"' -DUSE_HAL_DRIVER -DSTM32F429xx -c -I../Inc -I../Middlewares/Third_Party/LwIP/src/include -I../Middlewares/Third_Party/LwIP/system -I../Drivers/STM32F4xx_HAL_Driver/Inc -I../Drivers/STM32F4xx_HAL_Driver/Inc/Legacy -I../Middlewares/Third_Party/FreeRTOS/Source/portable/GCC/ARM_CM4F -I../Middlewares/Third_Party/LwIP/src/include/netif/ppp -I../Middlewares/ST/STM32_USB_Host_Library/Core/Inc -I../Middlewares/ST/STM32_USB_Host_Library/Class/MSC/Inc -I../Drivers/CMSIS/Device/ST/STM32F4xx/Include -I../Middlewares/Third_Party/FatFs/src -I../Middlewares/Third_Party/FreeRTOS/Source/include -I../Middlewares/Third_Party/FreeRTOS/Source/CMSIS_RTOS -I../Middlewares/Third_Party/LwIP/src/include/lwip -I../Middlewares/Third_Party/LwIP/src/include/lwip/apps -I../Middlewares/Third_Party/LwIP/src/include/lwip/priv -I../Middlewares/Third_Party/LwIP/src/include/lwip/prot -I../Middlewares/Third_Party/LwIP/src/include/netif -I../Middlewares/Third_Party/LwIP/src/include/posix -I../Middlewares/Third_Party/LwIP/src/include/posix/sys -I../Middlewares/Third_Party/LwIP/system/arch -I../Drivers/CMSIS/Include -Os -ffunction-sections -fdata-sections -Wall -fstack-usage -MMD -MP -MF"Src/main.d" -MT"Src/main.o" --specs=nano.specs -mfpu=fpv4-sp-d16 -mfloat-abi=hard -mthumb -o "Src/main.o"
arm-none-eabi-gcc -o "nucleo-basic-v4.elf" @"objects.list"   -mcpu=cortex-m4 -T"../STM32F429ZI_FLASH.ld" --specs=nosys.specs -Wl,-Map="nucleo-basic-v4.map" -Wl,--gc-sections -static --specs=nano.specs -mfpu=fpv4-sp-d16 -mfloat-abi=hard -mthumb -Wl,--start-group -lc -lm -Wl,--end-group
Finished building target: nucleo-basic-v4.elf
 
arm-none-eabi-size   nucleo-basic-v4.elf 
   text	   data	    bss	    dec	    hex	filename
  80400	    160	  73368	 153928	  25948	nucleo-basic-v4.elf
Finished building: default.size.stdout
 
arm-none-eabi-objdump -h -S  nucleo-basic-v4.elf  > "nucleo-basic-v4.list"
Finished building: nucleo-basic-v4.list
 
arm-none-eabi-objcopy  -O binary  nucleo-basic-v4.elf  "nucleo-basic-v4.bin"
Finished building: nucleo-basic-v4.bin
 
arm-none-eabi-objcopy -O ihex "nucleo-basic-v4.elf" "nucleo-basic-v4.hex"
 
13:34:39 **** Incremental Build of configuration Debug for project nucleo-basic-v4 ****
make all 
arm-none-eabi-gcc -c "../Src/main.c" -mcpu=cortex-m4 -std=gnu11 -g3 '-D__weak=__attribute__((weak))' '-D__packed="__attribute__((__packed__))"' -DUSE_HAL_DRIVER -DSTM32F429xx -c -I../Inc -I../Middlewares/Third_Party/LwIP/src/include -I../Middlewares/Third_Party/LwIP/system -I../Drivers/STM32F4xx_HAL_Driver/Inc -I../Drivers/STM32F4xx_HAL_Driver/Inc/Legacy -I../Middlewares/Third_Party/FreeRTOS/Source/portable/GCC/ARM_CM4F -I../Middlewares/Third_Party/LwIP/src/include/netif/ppp -I../Middlewares/ST/STM32_USB_Host_Library/Core/Inc -I../Middlewares/ST/STM32_USB_Host_Library/Class/MSC/Inc -I../Drivers/CMSIS/Device/ST/STM32F4xx/Include -I../Middlewares/Third_Party/FatFs/src -I../Middlewares/Third_Party/FreeRTOS/Source/include -I../Middlewares/Third_Party/FreeRTOS/Source/CMSIS_RTOS -I../Middlewares/Third_Party/LwIP/src/include/lwip -I../Middlewares/Third_Party/LwIP/src/include/lwip/apps -I../Middlewares/Third_Party/LwIP/src/include/lwip/priv -I../Middlewares/Third_Party/LwIP/src/include/lwip/prot -I../Middlewares/Third_Party/LwIP/src/include/netif -I../Middlewares/Third_Party/LwIP/src/include/posix -I../Middlewares/Third_Party/LwIP/src/include/posix/sys -I../Middlewares/Third_Party/LwIP/system/arch -I../Drivers/CMSIS/Include -Os -ffunction-sections -fdata-sections -Wall -fstack-usage -MMD -MP -MF"Src/main.d" -MT"Src/main.o" --specs=nano.specs -mfpu=fpv4-sp-d16 -mfloat-abi=hard -mthumb -o "Src/main.o"
arm-none-eabi-gcc -o "nucleo-basic-v4.elf" @"objects.list"   -mcpu=cortex-m4 -T"../STM32F429ZI_FLASH.ld" --specs=nosys.specs -Wl,-Map="nucleo-basic-v4.map" -Wl,--gc-sections -static --specs=nano.specs -mfpu=fpv4-sp-d16 -mfloat-abi=hard -mthumb -Wl,--start-group -lc -lm -Wl,--end-group
Finished building target: nucleo-basic-v4.elf
 
arm-none-eabi-size   nucleo-basic-v4.elf 
   text	   data	    bss	    dec	    hex	filename
  80392	    160	  73368	 153920	  25940	nucleo-basic-v4.elf
Finished building: default.size.stdout
 
arm-none-eabi-objdump -h -S  nucleo-basic-v4.elf  > "nucleo-basic-v4.list"
Finished building: nucleo-basic-v4.list
 
arm-none-eabi-objcopy  -O binary  nucleo-basic-v4.elf  "nucleo-basic-v4.bin"
Finished building: nucleo-basic-v4.bin
 
arm-none-eabi-objcopy -O ihex "nucleo-basic-v4.elf" "nucleo-basic-v4.hex"
 
13:36:24 **** Incremental Build of configuration Debug for project nucleo-basic-v4 ****
make all 
arm-none-eabi-gcc -c "../Src/main.c" -mcpu=cortex-m4 -std=gnu11 -g3 '-D__weak=__attribute__((weak))' '-D__packed="__attribute__((__packed__))"' -DUSE_HAL_DRIVER -DSTM32F429xx -c -I../Inc -I../Middlewares/Third_Party/LwIP/src/include -I../Middlewares/Third_Party/LwIP/system -I../Drivers/STM32F4xx_HAL_Driver/Inc -I../Drivers/STM32F4xx_HAL_Driver/Inc/Legacy -I../Middlewares/Third_Party/FreeRTOS/Source/portable/GCC/ARM_CM4F -I../Middlewares/Third_Party/LwIP/src/include/netif/ppp -I../Middlewares/ST/STM32_USB_Host_Library/Core/Inc -I../Middlewares/ST/STM32_USB_Host_Library/Class/MSC/Inc -I../Drivers/CMSIS/Device/ST/STM32F4xx/Include -I../Middlewares/Third_Party/FatFs/src -I../Middlewares/Third_Party/FreeRTOS/Source/include -I../Middlewares/Third_Party/FreeRTOS/Source/CMSIS_RTOS -I../Middlewares/Third_Party/LwIP/src/include/lwip -I../Middlewares/Third_Party/LwIP/src/include/lwip/apps -I../Middlewares/Third_Party/LwIP/src/include/lwip/priv -I../Middlewares/Third_Party/LwIP/src/include/lwip/prot -I../Middlewares/Third_Party/LwIP/src/include/netif -I../Middlewares/Third_Party/LwIP/src/include/posix -I../Middlewares/Third_Party/LwIP/src/include/posix/sys -I../Middlewares/Third_Party/LwIP/system/arch -I../Drivers/CMSIS/Include -Os -ffunction-sections -fdata-sections -Wall -fstack-usage -MMD -MP -MF"Src/main.d" -MT"Src/main.o" --specs=nano.specs -mfpu=fpv4-sp-d16 -mfloat-abi=hard -mthumb -o "Src/main.o"
arm-none-eabi-gcc -o "nucleo-basic-v4.elf" @"objects.list"   -mcpu=cortex-m4 -T"../STM32F429ZI_FLASH.ld" --specs=nosys.specs -Wl,-Map="nucleo-basic-v4.map" -Wl,--gc-sections -static --specs=nano.specs -mfpu=fpv4-sp-d16 -mfloat-abi=hard -mthumb -Wl,--start-group -lc -lm -Wl,--end-group
Finished building target: nucleo-basic-v4.elf
 
arm-none-eabi-size   nucleo-basic-v4.elf 
   text	   data	    bss	    dec	    hex	filename
  80392	    160	  73368	 153920	  25940	nucleo-basic-v4.elf
Finished building: default.size.stdout
 
arm-none-eabi-objdump -h -S  nucleo-basic-v4.elf  > "nucleo-basic-v4.list"
Finished building: nucleo-basic-v4.list
 
arm-none-eabi-objcopy  -O binary  nucleo-basic-v4.elf  "nucleo-basic-v4.bin"
Finished building: nucleo-basic-v4.bin
 
arm-none-eabi-objcopy -O ihex "nucleo-basic-v4.elf" "nucleo-basic-v4.hex"
 
13:38:18 **** Incremental Build of configuration Debug for project nucleo-basic-v4 ****
make all 
arm-none-eabi-gcc -c "../Src/main.c" -mcpu=cortex-m4 -std=gnu11 -g3 '-D__weak=__attribute__((weak))' '-D__packed="__attribute__((__packed__))"' -DUSE_HAL_DRIVER -DSTM32F429xx -c -I../Inc -I../Middlewares/Third_Party/LwIP/src/include -I../Middlewares/Third_Party/LwIP/system -I../Drivers/STM32F4xx_HAL_Driver/Inc -I../Drivers/STM32F4xx_HAL_Driver/Inc/Legacy -I../Middlewares/Third_Party/FreeRTOS/Source/portable/GCC/ARM_CM4F -I../Middlewares/Third_Party/LwIP/src/include/netif/ppp -I../Middlewares/ST/STM32_USB_Host_Library/Core/Inc -I../Middlewares/ST/STM32_USB_Host_Library/Class/MSC/Inc -I../Drivers/CMSIS/Device/ST/STM32F4xx/Include -I../Middlewares/Third_Party/FatFs/src -I../Middlewares/Third_Party/FreeRTOS/Source/include -I../Middlewares/Third_Party/FreeRTOS/Source/CMSIS_RTOS -I../Middlewares/Third_Party/LwIP/src/include/lwip -I../Middlewares/Third_Party/LwIP/src/include/lwip/apps -I../Middlewares/Third_Party/LwIP/src/include/lwip/priv -I../Middlewares/Third_Party/LwIP/src/include/lwip/prot -I../Middlewares/Third_Party/LwIP/src/include/netif -I../Middlewares/Third_Party/LwIP/src/include/posix -I../Middlewares/Third_Party/LwIP/src/include/posix/sys -I../Middlewares/Third_Party/LwIP/system/arch -I../Drivers/CMSIS/Include -Os -ffunction-sections -fdata-sections -Wall -fstack-usage -MMD -MP -MF"Src/main.d" -MT"Src/main.o" --specs=nano.specs -mfpu=fpv4-sp-d16 -mfloat-abi=hard -mthumb -o "Src/main.o"
arm-none-eabi-gcc -o "nucleo-basic-v4.elf" @"objects.list"   -mcpu=cortex-m4 -T"../STM32F429ZI_FLASH.ld" --specs=nosys.specs -Wl,-Map="nucleo-basic-v4.map" -Wl,--gc-sections -static --specs=nano.specs -mfpu=fpv4-sp-d16 -mfloat-abi=hard -mthumb -Wl,--start-group -lc -lm -Wl,--end-group
Finished building target: nucleo-basic-v4.elf
 
arm-none-eabi-size   nucleo-basic-v4.elf 
   text	   data	    bss	    dec	    hex	filename
  80392	    160	  73368	 153920	  25940	nucleo-basic-v4.elf
Finished building: default.size.stdout
 
arm-none-eabi-objdump -h -S  nucleo-basic-v4.elf  > "nucleo-basic-v4.list"
Finished building: nucleo-basic-v4.list
 
arm-none-eabi-objcopy  -O binary  nucleo-basic-v4.elf  "nucleo-basic-v4.bin"
Finished building: nucleo-basic-v4.bin
 
arm-none-eabi-objcopy -O ihex "nucleo-basic-v4.elf" "nucleo-basic-v4.hex"
 
13:39:16 **** Incremental Build of configuration Debug for project nucleo-basic-v4 ****
make all 
arm-none-eabi-gcc -c "../Src/main.c" -mcpu=cortex-m4 -std=gnu11 -g3 '-D__weak=__attribute__((weak))' '-D__packed="__attribute__((__packed__))"' -DUSE_HAL_DRIVER -DSTM32F429xx -c -I../Inc -I../Middlewares/Third_Party/LwIP/src/include -I../Middlewares/Third_Party/LwIP/system -I../Drivers/STM32F4xx_HAL_Driver/Inc -I../Drivers/STM32F4xx_HAL_Driver/Inc/Legacy -I../Middlewares/Third_Party/FreeRTOS/Source/portable/GCC/ARM_CM4F -I../Middlewares/Third_Party/LwIP/src/include/netif/ppp -I../Middlewares/ST/STM32_USB_Host_Library/Core/Inc -I../Middlewares/ST/STM32_USB_Host_Library/Class/MSC/Inc -I../Drivers/CMSIS/Device/ST/STM32F4xx/Include -I../Middlewares/Third_Party/FatFs/src -I../Middlewares/Third_Party/FreeRTOS/Source/include -I../Middlewares/Third_Party/FreeRTOS/Source/CMSIS_RTOS -I../Middlewares/Third_Party/LwIP/src/include/lwip -I../Middlewares/Third_Party/LwIP/src/include/lwip/apps -I../Middlewares/Third_Party/LwIP/src/include/lwip/priv -I../Middlewares/Third_Party/LwIP/src/include/lwip/prot -I../Middlewares/Third_Party/LwIP/src/include/netif -I../Middlewares/Third_Party/LwIP/src/include/posix -I../Middlewares/Third_Party/LwIP/src/include/posix/sys -I../Middlewares/Third_Party/LwIP/system/arch -I../Drivers/CMSIS/Include -Os -ffunction-sections -fdata-sections -Wall -fstack-usage -MMD -MP -MF"Src/main.d" -MT"Src/main.o" --specs=nano.specs -mfpu=fpv4-sp-d16 -mfloat-abi=hard -mthumb -o "Src/main.o"
arm-none-eabi-gcc -o "nucleo-basic-v4.elf" @"objects.list"   -mcpu=cortex-m4 -T"../STM32F429ZI_FLASH.ld" --specs=nosys.specs -Wl,-Map="nucleo-basic-v4.map" -Wl,--gc-sections -static --specs=nano.specs -mfpu=fpv4-sp-d16 -mfloat-abi=hard -mthumb -Wl,--start-group -lc -lm -Wl,--end-group
Finished building target: nucleo-basic-v4.elf
 
arm-none-eabi-size   nucleo-basic-v4.elf 
   text	   data	    bss	    dec	    hex	filename
  80392	    160	  73368	 153920	  25940	nucleo-basic-v4.elf
Finished building: default.size.stdout
 
arm-none-eabi-objdump -h -S  nucleo-basic-v4.elf  > "nucleo-basic-v4.list"
Finished building: nucleo-basic-v4.list
 
arm-none-eabi-objcopy  -O binary  nucleo-basic-v4.elf  "nucleo-basic-v4.bin"
Finished building: nucleo-basic-v4.bin
 
arm-none-eabi-objcopy -O ihex "nucleo-basic-v4.elf" "nucleo-basic-v4.hex"
 
13:42:27 **** Incremental Build of configuration Debug for project nucleo-basic-v4 ****
make all 
arm-none-eabi-gcc -c "../Src/main.c" -mcpu=cortex-m4 -std=gnu11 -g3 '-D__weak=__attribute__((weak))' '-D__packed="__attribute__((__packed__))"' -DUSE_HAL_DRIVER -DSTM32F429xx -c -I../Inc -I../Middlewares/Third_Party/LwIP/src/include -I../Middlewares/Third_Party/LwIP/system -I../Drivers/STM32F4xx_HAL_Driver/Inc -I../Drivers/STM32F4xx_HAL_Driver/Inc/Legacy -I../Middlewares/Third_Party/FreeRTOS/Source/portable/GCC/ARM_CM4F -I../Middlewares/Third_Party/LwIP/src/include/netif/ppp -I../Middlewares/ST/STM32_USB_Host_Library/Core/Inc -I../Middlewares/ST/STM32_USB_Host_Library/Class/MSC/Inc -I../Drivers/CMSIS/Device/ST/STM32F4xx/Include -I../Middlewares/Third_Party/FatFs/src -I../Middlewares/Third_Party/FreeRTOS/Source/include -I../Middlewares/Third_Party/FreeRTOS/Source/CMSIS_RTOS -I../Middlewares/Third_Party/LwIP/src/include/lwip -I../Middlewares/Third_Party/LwIP/src/include/lwip/apps -I../Middlewares/Third_Party/LwIP/src/include/lwip/priv -I../Middlewares/Third_Party/LwIP/src/include/lwip/prot -I../Middlewares/Third_Party/LwIP/src/include/netif -I../Middlewares/Third_Party/LwIP/src/include/posix -I../Middlewares/Third_Party/LwIP/src/include/posix/sys -I../Middlewares/Third_Party/LwIP/system/arch -I../Drivers/CMSIS/Include -Os -ffunction-sections -fdata-sections -Wall -fstack-usage -MMD -MP -MF"Src/main.d" -MT"Src/main.o" --specs=nano.specs -mfpu=fpv4-sp-d16 -mfloat-abi=hard -mthumb -o "Src/main.o"
arm-none-eabi-gcc -o "nucleo-basic-v4.elf" @"objects.list"   -mcpu=cortex-m4 -T"../STM32F429ZI_FLASH.ld" --specs=nosys.specs -Wl,-Map="nucleo-basic-v4.map" -Wl,--gc-sections -static --specs=nano.specs -mfpu=fpv4-sp-d16 -mfloat-abi=hard -mthumb -Wl,--start-group -lc -lm -Wl,--end-group
Finished building target: nucleo-basic-v4.elf
 
arm-none-eabi-size   nucleo-basic-v4.elf 
   text	   data	    bss	    dec	    hex	filename
  80468	    160	  73368	 153996	  2598c	nucleo-basic-v4.elf
Finished building: default.size.stdout
 
arm-none-eabi-objdump -h -S  nucleo-basic-v4.elf  > "nucleo-basic-v4.list"
Finished building: nucleo-basic-v4.list
 
arm-none-eabi-objcopy  -O binary  nucleo-basic-v4.elf  "nucleo-basic-v4.bin"
Finished building: nucleo-basic-v4.bin
 
arm-none-eabi-objcopy -O ihex "nucleo-basic-v4.elf" "nucleo-basic-v4.hex"
 
13:51:23 **** Incremental Build of configuration Debug for project nucleo-basic-v4 ****
make all 
arm-none-eabi-gcc -c "../Src/main.c" -mcpu=cortex-m4 -std=gnu11 -g3 '-D__weak=__attribute__((weak))' '-D__packed="__attribute__((__packed__))"' -DUSE_HAL_DRIVER -DSTM32F429xx -c -I../Inc -I../Middlewares/Third_Party/LwIP/src/include -I../Middlewares/Third_Party/LwIP/system -I../Drivers/STM32F4xx_HAL_Driver/Inc -I../Drivers/STM32F4xx_HAL_Driver/Inc/Legacy -I../Middlewares/Third_Party/FreeRTOS/Source/portable/GCC/ARM_CM4F -I../Middlewares/Third_Party/LwIP/src/include/netif/ppp -I../Middlewares/ST/STM32_USB_Host_Library/Core/Inc -I../Middlewares/ST/STM32_USB_Host_Library/Class/MSC/Inc -I../Drivers/CMSIS/Device/ST/STM32F4xx/Include -I../Middlewares/Third_Party/FatFs/src -I../Middlewares/Third_Party/FreeRTOS/Source/include -I../Middlewares/Third_Party/FreeRTOS/Source/CMSIS_RTOS -I../Middlewares/Third_Party/LwIP/src/include/lwip -I../Middlewares/Third_Party/LwIP/src/include/lwip/apps -I../Middlewares/Third_Party/LwIP/src/include/lwip/priv -I../Middlewares/Third_Party/LwIP/src/include/lwip/prot -I../Middlewares/Third_Party/LwIP/src/include/netif -I../Middlewares/Third_Party/LwIP/src/include/posix -I../Middlewares/Third_Party/LwIP/src/include/posix/sys -I../Middlewares/Third_Party/LwIP/system/arch -I../Drivers/CMSIS/Include -Os -ffunction-sections -fdata-sections -Wall -fstack-usage -MMD -MP -MF"Src/main.d" -MT"Src/main.o" --specs=nano.specs -mfpu=fpv4-sp-d16 -mfloat-abi=hard -mthumb -o "Src/main.o"
../Src/main.c: In function 'readFile':
../Src/main.c:119:11: error: break statement not within loop or switch
  119 |   if(res) break;
      |           ^~~~~
../Src/main.c:122:22: error: 'fs_buffer' undeclared (first use in this function); did you mean 'setbuffer'?
  122 |   res = f_read(&file,fs_buffer,count,&br);
      |                      ^~~~~~~~~
      |                      setbuffer
../Src/main.c:122:22: note: each undeclared identifier is reported only once for each function it appears in
make[1]: *** [Src/subdir.mk:64: Src/main.o] Error 1
make: *** [makefile:75: all] Error 2
"make all" terminated with exit code 2. Build might be incomplete.
13:52:02 **** Incremental Build of configuration Debug for project nucleo-basic-v4 ****
make all 
arm-none-eabi-gcc -c "../Src/main.c" -mcpu=cortex-m4 -std=gnu11 -g3 '-D__weak=__attribute__((weak))' '-D__packed="__attribute__((__packed__))"' -DUSE_HAL_DRIVER -DSTM32F429xx -c -I../Inc -I../Middlewares/Third_Party/LwIP/src/include -I../Middlewares/Third_Party/LwIP/system -I../Drivers/STM32F4xx_HAL_Driver/Inc -I../Drivers/STM32F4xx_HAL_Driver/Inc/Legacy -I../Middlewares/Third_Party/FreeRTOS/Source/portable/GCC/ARM_CM4F -I../Middlewares/Third_Party/LwIP/src/include/netif/ppp -I../Middlewares/ST/STM32_USB_Host_Library/Core/Inc -I../Middlewares/ST/STM32_USB_Host_Library/Class/MSC/Inc -I../Drivers/CMSIS/Device/ST/STM32F4xx/Include -I../Middlewares/Third_Party/FatFs/src -I../Middlewares/Third_Party/FreeRTOS/Source/include -I../Middlewares/Third_Party/FreeRTOS/Source/CMSIS_RTOS -I../Middlewares/Third_Party/LwIP/src/include/lwip -I../Middlewares/Third_Party/LwIP/src/include/lwip/apps -I../Middlewares/Third_Party/LwIP/src/include/lwip/priv -I../Middlewares/Third_Party/LwIP/src/include/lwip/prot -I../Middlewares/Third_Party/LwIP/src/include/netif -I../Middlewares/Third_Party/LwIP/src/include/posix -I../Middlewares/Third_Party/LwIP/src/include/posix/sys -I../Middlewares/Third_Party/LwIP/system/arch -I../Drivers/CMSIS/Include -Os -ffunction-sections -fdata-sections -Wall -fstack-usage -MMD -MP -MF"Src/main.d" -MT"Src/main.o" --specs=nano.specs -mfpu=fpv4-sp-d16 -mfloat-abi=hard -mthumb -o "Src/main.o"
../Src/main.c: In function 'readFile':
../Src/main.c:422:11: error: break statement not within loop or switch
  422 |   if(res) break;
      |           ^~~~~
make[1]: *** [Src/subdir.mk:64: Src/main.o] Error 1
make: *** [makefile:75: all] Error 2
"make all" terminated with exit code 2. Build might be incomplete.
13:52:11 **** Incremental Build of configuration Debug for project nucleo-basic-v4 ****
make all 
arm-none-eabi-gcc -c "../Src/main.c" -mcpu=cortex-m4 -std=gnu11 -g3 '-D__weak=__attribute__((weak))' '-D__packed="__attribute__((__packed__))"' -DUSE_HAL_DRIVER -DSTM32F429xx -c -I../Inc -I../Middlewares/Third_Party/LwIP/src/include -I../Middlewares/Third_Party/LwIP/system -I../Drivers/STM32F4xx_HAL_Driver/Inc -I../Drivers/STM32F4xx_HAL_Driver/Inc/Legacy -I../Middlewares/Third_Party/FreeRTOS/Source/portable/GCC/ARM_CM4F -I../Middlewares/Third_Party/LwIP/src/include/netif/ppp -I../Middlewares/ST/STM32_USB_Host_Library/Core/Inc -I../Middlewares/ST/STM32_USB_Host_Library/Class/MSC/Inc -I../Drivers/CMSIS/Device/ST/STM32F4xx/Include -I../Middlewares/Third_Party/FatFs/src -I../Middlewares/Third_Party/FreeRTOS/Source/include -I../Middlewares/Third_Party/FreeRTOS/Source/CMSIS_RTOS -I../Middlewares/Third_Party/LwIP/src/include/lwip -I../Middlewares/Third_Party/LwIP/src/include/lwip/apps -I../Middlewares/Third_Party/LwIP/src/include/lwip/priv -I../Middlewares/Third_Party/LwIP/src/include/lwip/prot -I../Middlewares/Third_Party/LwIP/src/include/netif -I../Middlewares/Third_Party/LwIP/src/include/posix -I../Middlewares/Third_Party/LwIP/src/include/posix/sys -I../Middlewares/Third_Party/LwIP/system/arch -I../Drivers/CMSIS/Include -Os -ffunction-sections -fdata-sections -Wall -fstack-usage -MMD -MP -MF"Src/main.d" -MT"Src/main.o" --specs=nano.specs -mfpu=fpv4-sp-d16 -mfloat-abi=hard -mthumb -o "Src/main.o"
arm-none-eabi-gcc -o "nucleo-basic-v4.elf" @"objects.list"   -mcpu=cortex-m4 -T"../STM32F429ZI_FLASH.ld" --specs=nosys.specs -Wl,-Map="nucleo-basic-v4.map" -Wl,--gc-sections -static --specs=nano.specs -mfpu=fpv4-sp-d16 -mfloat-abi=hard -mthumb -Wl,--start-group -lc -lm -Wl,--end-group
Finished building target: nucleo-basic-v4.elf
 
arm-none-eabi-size   nucleo-basic-v4.elf 
   text	   data	    bss	    dec	    hex	filename
  81700	    160	  73368	 155228	  25e5c	nucleo-basic-v4.elf
Finished building: default.size.stdout
 
arm-none-eabi-objdump -h -S  nucleo-basic-v4.elf  > "nucleo-basic-v4.list"
Finished building: nucleo-basic-v4.list
 
arm-none-eabi-objcopy  -O binary  nucleo-basic-v4.elf  "nucleo-basic-v4.bin"
Finished building: nucleo-basic-v4.bin
 
arm-none-eabi-objcopy -O ihex "nucleo-basic-v4.elf" "nucleo-basic-v4.hex"
 
13:59:38 **** Incremental Build of configuration Debug for project nucleo-basic-v4 ****
make all 
arm-none-eabi-gcc -c "../Src/main.c" -mcpu=cortex-m4 -std=gnu11 -g3 '-D__weak=__attribute__((weak))' '-D__packed="__attribute__((__packed__))"' -DUSE_HAL_DRIVER -DSTM32F429xx -c -I../Inc -I../Middlewares/Third_Party/LwIP/src/include -I../Middlewares/Third_Party/LwIP/system -I../Drivers/STM32F4xx_HAL_Driver/Inc -I../Drivers/STM32F4xx_HAL_Driver/Inc/Legacy -I../Middlewares/Third_Party/FreeRTOS/Source/portable/GCC/ARM_CM4F -I../Middlewares/Third_Party/LwIP/src/include/netif/ppp -I../Middlewares/ST/STM32_USB_Host_Library/Core/Inc -I../Middlewares/ST/STM32_USB_Host_Library/Class/MSC/Inc -I../Drivers/CMSIS/Device/ST/STM32F4xx/Include -I../Middlewares/Third_Party/FatFs/src -I../Middlewares/Third_Party/FreeRTOS/Source/include -I../Middlewares/Third_Party/FreeRTOS/Source/CMSIS_RTOS -I../Middlewares/Third_Party/LwIP/src/include/lwip -I../Middlewares/Third_Party/LwIP/src/include/lwip/apps -I../Middlewares/Third_Party/LwIP/src/include/lwip/priv -I../Middlewares/Third_Party/LwIP/src/include/lwip/prot -I../Middlewares/Third_Party/LwIP/src/include/netif -I../Middlewares/Third_Party/LwIP/src/include/posix -I../Middlewares/Third_Party/LwIP/src/include/posix/sys -I../Middlewares/Third_Party/LwIP/system/arch -I../Drivers/CMSIS/Include -Os -ffunction-sections -fdata-sections -Wall -fstack-usage -MMD -MP -MF"Src/main.d" -MT"Src/main.o" --specs=nano.specs -mfpu=fpv4-sp-d16 -mfloat-abi=hard -mthumb -o "Src/main.o"
../Src/main.c: In function 'listDir':
../Src/main.c:435:26: warning: passing argument 2 of 'f_findfirst' from incompatible pointer type [-Wincompatible-pointer-types]
  435 |  res = f_findfirst(&dir, &file, name, "*");
      |                          ^~~~~
      |                          |
      |                          FILINFO ** {aka struct <anonymous> **}
In file included from ../Inc/fatfs.h:56,
                 from ../Src/main.c:52:
../Middlewares/Third_Party/FatFs/src/ff.h:252:40: note: expected 'FILINFO *' {aka 'struct <anonymous> *'} but argument is of type 'FILINFO **' {aka 'struct <anonymous> **'}
  252 | FRESULT f_findfirst (DIR* dp, FILINFO* fno, const TCHAR* path, const TCHAR* pattern); /* Find first file */
      |                               ~~~~~~~~~^~~
../Src/main.c:440:27: warning: passing argument 2 of 'f_findnext' from incompatible pointer type [-Wincompatible-pointer-types]
  440 |   file = f_findnext(&dir, &file);
      |                           ^~~~~
      |                           |
      |                           FILINFO ** {aka struct <anonymous> **}
In file included from ../Inc/fatfs.h:56,
                 from ../Src/main.c:52:
../Middlewares/Third_Party/FatFs/src/ff.h:253:39: note: expected 'FILINFO *' {aka 'struct <anonymous> *'} but argument is of type 'FILINFO **' {aka 'struct <anonymous> **'}
  253 | FRESULT f_findnext (DIR* dp, FILINFO* fno);       /* Find next file */
      |                              ~~~~~~~~~^~~
../Src/main.c:440:10: error: incompatible types when assigning to type 'FILINFO *' {aka 'struct <anonymous> *'} from type 'FRESULT' {aka 'enum <anonymous>'}
  440 |   file = f_findnext(&dir, &file);
      |          ^~~~~~~~~~
make[1]: *** [Src/subdir.mk:64: Src/main.o] Error 1
make: *** [makefile:75: all] Error 2
"make all" terminated with exit code 2. Build might be incomplete.
14:00:17 **** Incremental Build of configuration Debug for project nucleo-basic-v4 ****
make all 
arm-none-eabi-gcc -c "../Src/main.c" -mcpu=cortex-m4 -std=gnu11 -g3 '-D__weak=__attribute__((weak))' '-D__packed="__attribute__((__packed__))"' -DUSE_HAL_DRIVER -DSTM32F429xx -c -I../Inc -I../Middlewares/Third_Party/LwIP/src/include -I../Middlewares/Third_Party/LwIP/system -I../Drivers/STM32F4xx_HAL_Driver/Inc -I../Drivers/STM32F4xx_HAL_Driver/Inc/Legacy -I../Middlewares/Third_Party/FreeRTOS/Source/portable/GCC/ARM_CM4F -I../Middlewares/Third_Party/LwIP/src/include/netif/ppp -I../Middlewares/ST/STM32_USB_Host_Library/Core/Inc -I../Middlewares/ST/STM32_USB_Host_Library/Class/MSC/Inc -I../Drivers/CMSIS/Device/ST/STM32F4xx/Include -I../Middlewares/Third_Party/FatFs/src -I../Middlewares/Third_Party/FreeRTOS/Source/include -I../Middlewares/Third_Party/FreeRTOS/Source/CMSIS_RTOS -I../Middlewares/Third_Party/LwIP/src/include/lwip -I../Middlewares/Third_Party/LwIP/src/include/lwip/apps -I../Middlewares/Third_Party/LwIP/src/include/lwip/priv -I../Middlewares/Third_Party/LwIP/src/include/lwip/prot -I../Middlewares/Third_Party/LwIP/src/include/netif -I../Middlewares/Third_Party/LwIP/src/include/posix -I../Middlewares/Third_Party/LwIP/src/include/posix/sys -I../Middlewares/Third_Party/LwIP/system/arch -I../Drivers/CMSIS/Include -Os -ffunction-sections -fdata-sections -Wall -fstack-usage -MMD -MP -MF"Src/main.d" -MT"Src/main.o" --specs=nano.specs -mfpu=fpv4-sp-d16 -mfloat-abi=hard -mthumb -o "Src/main.o"
../Src/main.c: In function 'listDir':
../Src/main.c:435:26: warning: passing argument 2 of 'f_findfirst' from incompatible pointer type [-Wincompatible-pointer-types]
  435 |  res = f_findfirst(&dir, &file, name, "*");
      |                          ^~~~~
      |                          |
      |                          FILINFO ** {aka struct <anonymous> **}
In file included from ../Inc/fatfs.h:56,
                 from ../Src/main.c:52:
../Middlewares/Third_Party/FatFs/src/ff.h:252:40: note: expected 'FILINFO *' {aka 'struct <anonymous> *'} but argument is of type 'FILINFO **' {aka 'struct <anonymous> **'}
  252 | FRESULT f_findfirst (DIR* dp, FILINFO* fno, const TCHAR* path, const TCHAR* pattern); /* Find first file */
      |                               ~~~~~~~~~^~~
../Src/main.c:440:26: warning: passing argument 2 of 'f_findnext' from incompatible pointer type [-Wincompatible-pointer-types]
  440 |   res = f_findnext(&dir, &file);
      |                          ^~~~~
      |                          |
      |                          FILINFO ** {aka struct <anonymous> **}
In file included from ../Inc/fatfs.h:56,
                 from ../Src/main.c:52:
../Middlewares/Third_Party/FatFs/src/ff.h:253:39: note: expected 'FILINFO *' {aka 'struct <anonymous> *'} but argument is of type 'FILINFO **' {aka 'struct <anonymous> **'}
  253 | FRESULT f_findnext (DIR* dp, FILINFO* fno);       /* Find next file */
      |                              ~~~~~~~~~^~~
arm-none-eabi-gcc -o "nucleo-basic-v4.elf" @"objects.list"   -mcpu=cortex-m4 -T"../STM32F429ZI_FLASH.ld" --specs=nosys.specs -Wl,-Map="nucleo-basic-v4.map" -Wl,--gc-sections -static --specs=nano.specs -mfpu=fpv4-sp-d16 -mfloat-abi=hard -mthumb -Wl,--start-group -lc -lm -Wl,--end-group
/opt/st/stm32cubeide_1.7.0/plugins/com.st.stm32cube.ide.mcu.externaltools.gnu-tools-for-stm32.9-2020-q2-update.linux64_2.0.0.202105311346/tools/bin/../lib/gcc/arm-none-eabi/9.3.1/../../../../arm-none-eabi/bin/ld: ./Src/main.o: in function `listDir':
/home/student/Dokumenty/hmkm/nucleo-basic-v4/Debug/../Src/main.c:435: undefined reference to `f_findfirst'
/opt/st/stm32cubeide_1.7.0/plugins/com.st.stm32cube.ide.mcu.externaltools.gnu-tools-for-stm32.9-2020-q2-update.linux64_2.0.0.202105311346/tools/bin/../lib/gcc/arm-none-eabi/9.3.1/../../../../arm-none-eabi/bin/ld: /home/student/Dokumenty/hmkm/nucleo-basic-v4/Debug/../Src/main.c:440: undefined reference to `f_findnext'
collect2: error: ld returned 1 exit status
make[1]: *** [makefile:82: nucleo-basic-v4.elf] Error 1
make: *** [makefile:75: all] Error 2
"make all" terminated with exit code 2. Build might be incomplete.
14:00:38 **** Incremental Build of configuration Debug for project nucleo-basic-v4 ****
make all 
arm-none-eabi-gcc -o "nucleo-basic-v4.elf" @"objects.list"   -mcpu=cortex-m4 -T"../STM32F429ZI_FLASH.ld" --specs=nosys.specs -Wl,-Map="nucleo-basic-v4.map" -Wl,--gc-sections -static --specs=nano.specs -mfpu=fpv4-sp-d16 -mfloat-abi=hard -mthumb -Wl,--start-group -lc -lm -Wl,--end-group
/opt/st/stm32cubeide_1.7.0/plugins/com.st.stm32cube.ide.mcu.externaltools.gnu-tools-for-stm32.9-2020-q2-update.linux64_2.0.0.202105311346/tools/bin/../lib/gcc/arm-none-eabi/9.3.1/../../../../arm-none-eabi/bin/ld: ./Src/main.o: in function `listDir':
/home/student/Dokumenty/hmkm/nucleo-basic-v4/Debug/../Src/main.c:435: undefined reference to `f_findfirst'
/opt/st/stm32cubeide_1.7.0/plugins/com.st.stm32cube.ide.mcu.externaltools.gnu-tools-for-stm32.9-2020-q2-update.linux64_2.0.0.202105311346/tools/bin/../lib/gcc/arm-none-eabi/9.3.1/../../../../arm-none-eabi/bin/ld: /home/student/Dokumenty/hmkm/nucleo-basic-v4/Debug/../Src/main.c:440: undefined reference to `f_findnext'
collect2: error: ld returned 1 exit status
make[1]: *** [makefile:82: nucleo-basic-v4.elf] Error 1
make: *** [makefile:75: all] Error 2
"make all" terminated with exit code 2. Build might be incomplete.
14:05:14 **** Incremental Build of configuration Debug for project nucleo-basic-v4 ****
make all 
arm-none-eabi-gcc -c "../Src/main.c" -mcpu=cortex-m4 -std=gnu11 -g3 '-D__weak=__attribute__((weak))' '-D__packed="__attribute__((__packed__))"' -DUSE_HAL_DRIVER -DSTM32F429xx -c -I../Inc -I../Middlewares/Third_Party/LwIP/src/include -I../Middlewares/Third_Party/LwIP/system -I../Drivers/STM32F4xx_HAL_Driver/Inc -I../Drivers/STM32F4xx_HAL_Driver/Inc/Legacy -I../Middlewares/Third_Party/FreeRTOS/Source/portable/GCC/ARM_CM4F -I../Middlewares/Third_Party/LwIP/src/include/netif/ppp -I../Middlewares/ST/STM32_USB_Host_Library/Core/Inc -I../Middlewares/ST/STM32_USB_Host_Library/Class/MSC/Inc -I../Drivers/CMSIS/Device/ST/STM32F4xx/Include -I../Middlewares/Third_Party/FatFs/src -I../Middlewares/Third_Party/FreeRTOS/Source/include -I../Middlewares/Third_Party/FreeRTOS/Source/CMSIS_RTOS -I../Middlewares/Third_Party/LwIP/src/include/lwip -I../Middlewares/Third_Party/LwIP/src/include/lwip/apps -I../Middlewares/Third_Party/LwIP/src/include/lwip/priv -I../Middlewares/Third_Party/LwIP/src/include/lwip/prot -I../Middlewares/Third_Party/LwIP/src/include/netif -I../Middlewares/Third_Party/LwIP/src/include/posix -I../Middlewares/Third_Party/LwIP/src/include/posix/sys -I../Middlewares/Third_Party/LwIP/system/arch -I../Drivers/CMSIS/Include -Os -ffunction-sections -fdata-sections -Wall -fstack-usage -MMD -MP -MF"Src/main.d" -MT"Src/main.o" --specs=nano.specs -mfpu=fpv4-sp-d16 -mfloat-abi=hard -mthumb -o "Src/main.o"
../Src/main.c: In function 'listDir':
../Src/main.c:437:24: warning: passing argument 2 of 'f_readdir' from incompatible pointer type [-Wincompatible-pointer-types]
  437 |  res = f_readdir(&dir, &file);
      |                        ^~~~~
      |                        |
      |                        FILINFO ** {aka struct <anonymous> **}
In file included from ../Inc/fatfs.h:56,
                 from ../Src/main.c:52:
../Middlewares/Third_Party/FatFs/src/ff.h:251:38: note: expected 'FILINFO *' {aka 'struct <anonymous> *'} but argument is of type 'FILINFO **' {aka 'struct <anonymous> **'}
  251 | FRESULT f_readdir (DIR* dp, FILINFO* fno);       /* Read a directory item */
      |                             ~~~~~~~~~^~~
../Src/main.c:441:25: warning: passing argument 2 of 'f_readdir' from incompatible pointer type [-Wincompatible-pointer-types]
  441 |   res = f_readdir(&dir, &file);
      |                         ^~~~~
      |                         |
      |                         FILINFO ** {aka struct <anonymous> **}
In file included from ../Inc/fatfs.h:56,
                 from ../Src/main.c:52:
../Middlewares/Third_Party/FatFs/src/ff.h:251:38: note: expected 'FILINFO *' {aka 'struct <anonymous> *'} but argument is of type 'FILINFO **' {aka 'struct <anonymous> **'}
  251 | FRESULT f_readdir (DIR* dp, FILINFO* fno);       /* Read a directory item */
      |                             ~~~~~~~~~^~~
arm-none-eabi-gcc -o "nucleo-basic-v4.elf" @"objects.list"   -mcpu=cortex-m4 -T"../STM32F429ZI_FLASH.ld" --specs=nosys.specs -Wl,-Map="nucleo-basic-v4.map" -Wl,--gc-sections -static --specs=nano.specs -mfpu=fpv4-sp-d16 -mfloat-abi=hard -mthumb -Wl,--start-group -lc -lm -Wl,--end-group
Finished building target: nucleo-basic-v4.elf
 
arm-none-eabi-size   nucleo-basic-v4.elf 
   text	   data	    bss	    dec	    hex	filename
  82576	    160	  73368	 156104	  261c8	nucleo-basic-v4.elf
Finished building: default.size.stdout
 
arm-none-eabi-objdump -h -S  nucleo-basic-v4.elf  > "nucleo-basic-v4.list"
Finished building: nucleo-basic-v4.list
 
arm-none-eabi-objcopy  -O binary  nucleo-basic-v4.elf  "nucleo-basic-v4.bin"
Finished building: nucleo-basic-v4.bin
 
arm-none-eabi-objcopy -O ihex "nucleo-basic-v4.elf" "nucleo-basic-v4.hex"
 
14:05:42 **** Incremental Build of configuration Debug for project nucleo-basic-v4 ****
make all 
arm-none-eabi-gcc -c "../Src/main.c" -mcpu=cortex-m4 -std=gnu11 -g3 '-D__weak=__attribute__((weak))' '-D__packed="__attribute__((__packed__))"' -DUSE_HAL_DRIVER -DSTM32F429xx -c -I../Inc -I../Middlewares/Third_Party/LwIP/src/include -I../Middlewares/Third_Party/LwIP/system -I../Drivers/STM32F4xx_HAL_Driver/Inc -I../Drivers/STM32F4xx_HAL_Driver/Inc/Legacy -I../Middlewares/Third_Party/FreeRTOS/Source/portable/GCC/ARM_CM4F -I../Middlewares/Third_Party/LwIP/src/include/netif/ppp -I../Middlewares/ST/STM32_USB_Host_Library/Core/Inc -I../Middlewares/ST/STM32_USB_Host_Library/Class/MSC/Inc -I../Drivers/CMSIS/Device/ST/STM32F4xx/Include -I../Middlewares/Third_Party/FatFs/src -I../Middlewares/Third_Party/FreeRTOS/Source/include -I../Middlewares/Third_Party/FreeRTOS/Source/CMSIS_RTOS -I../Middlewares/Third_Party/LwIP/src/include/lwip -I../Middlewares/Third_Party/LwIP/src/include/lwip/apps -I../Middlewares/Third_Party/LwIP/src/include/lwip/priv -I../Middlewares/Third_Party/LwIP/src/include/lwip/prot -I../Middlewares/Third_Party/LwIP/src/include/netif -I../Middlewares/Third_Party/LwIP/src/include/posix -I../Middlewares/Third_Party/LwIP/src/include/posix/sys -I../Middlewares/Third_Party/LwIP/system/arch -I../Drivers/CMSIS/Include -Os -ffunction-sections -fdata-sections -Wall -fstack-usage -MMD -MP -MF"Src/main.d" -MT"Src/main.o" --specs=nano.specs -mfpu=fpv4-sp-d16 -mfloat-abi=hard -mthumb -o "Src/main.o"
../Src/main.c: In function 'listDir':
../Src/main.c:437:24: warning: passing argument 2 of 'f_readdir' from incompatible pointer type [-Wincompatible-pointer-types]
  437 |  res = f_readdir(&dir, &file);
      |                        ^~~~~
      |                        |
      |                        FILINFO ** {aka struct <anonymous> **}
In file included from ../Inc/fatfs.h:56,
                 from ../Src/main.c:52:
../Middlewares/Third_Party/FatFs/src/ff.h:251:38: note: expected 'FILINFO *' {aka 'struct <anonymous> *'} but argument is of type 'FILINFO **' {aka 'struct <anonymous> **'}
  251 | FRESULT f_readdir (DIR* dp, FILINFO* fno);       /* Read a directory item */
      |                             ~~~~~~~~~^~~
../Src/main.c:441:25: warning: passing argument 2 of 'f_readdir' from incompatible pointer type [-Wincompatible-pointer-types]
  441 |   res = f_readdir(&dir, &file);
      |                         ^~~~~
      |                         |
      |                         FILINFO ** {aka struct <anonymous> **}
In file included from ../Inc/fatfs.h:56,
                 from ../Src/main.c:52:
../Middlewares/Third_Party/FatFs/src/ff.h:251:38: note: expected 'FILINFO *' {aka 'struct <anonymous> *'} but argument is of type 'FILINFO **' {aka 'struct <anonymous> **'}
  251 | FRESULT f_readdir (DIR* dp, FILINFO* fno);       /* Read a directory item */
      |                             ~~~~~~~~~^~~
arm-none-eabi-gcc -o "nucleo-basic-v4.elf" @"objects.list"   -mcpu=cortex-m4 -T"../STM32F429ZI_FLASH.ld" --specs=nosys.specs -Wl,-Map="nucleo-basic-v4.map" -Wl,--gc-sections -static --specs=nano.specs -mfpu=fpv4-sp-d16 -mfloat-abi=hard -mthumb -Wl,--start-group -lc -lm -Wl,--end-group
Finished building target: nucleo-basic-v4.elf
 
arm-none-eabi-size   nucleo-basic-v4.elf 
   text	   data	    bss	    dec	    hex	filename
  82576	    160	  73368	 156104	  261c8	nucleo-basic-v4.elf
Finished building: default.size.stdout
 
arm-none-eabi-objdump -h -S  nucleo-basic-v4.elf  > "nucleo-basic-v4.list"
Finished building: nucleo-basic-v4.list
 
arm-none-eabi-objcopy  -O binary  nucleo-basic-v4.elf  "nucleo-basic-v4.bin"
Finished building: nucleo-basic-v4.bin
 
arm-none-eabi-objcopy -O ihex "nucleo-basic-v4.elf" "nucleo-basic-v4.hex"
 
14:06:51 **** Incremental Build of configuration Debug for project nucleo-basic-v4 ****
make all 
arm-none-eabi-gcc -c "../Src/main.c" -mcpu=cortex-m4 -std=gnu11 -g3 '-D__weak=__attribute__((weak))' '-D__packed="__attribute__((__packed__))"' -DUSE_HAL_DRIVER -DSTM32F429xx -c -I../Inc -I../Middlewares/Third_Party/LwIP/src/include -I../Middlewares/Third_Party/LwIP/system -I../Drivers/STM32F4xx_HAL_Driver/Inc -I../Drivers/STM32F4xx_HAL_Driver/Inc/Legacy -I../Middlewares/Third_Party/FreeRTOS/Source/portable/GCC/ARM_CM4F -I../Middlewares/Third_Party/LwIP/src/include/netif/ppp -I../Middlewares/ST/STM32_USB_Host_Library/Core/Inc -I../Middlewares/ST/STM32_USB_Host_Library/Class/MSC/Inc -I../Drivers/CMSIS/Device/ST/STM32F4xx/Include -I../Middlewares/Third_Party/FatFs/src -I../Middlewares/Third_Party/FreeRTOS/Source/include -I../Middlewares/Third_Party/FreeRTOS/Source/CMSIS_RTOS -I../Middlewares/Third_Party/LwIP/src/include/lwip -I../Middlewares/Third_Party/LwIP/src/include/lwip/apps -I../Middlewares/Third_Party/LwIP/src/include/lwip/priv -I../Middlewares/Third_Party/LwIP/src/include/lwip/prot -I../Middlewares/Third_Party/LwIP/src/include/netif -I../Middlewares/Third_Party/LwIP/src/include/posix -I../Middlewares/Third_Party/LwIP/src/include/posix/sys -I../Middlewares/Third_Party/LwIP/system/arch -I../Drivers/CMSIS/Include -Os -ffunction-sections -fdata-sections -Wall -fstack-usage -MMD -MP -MF"Src/main.d" -MT"Src/main.o" --specs=nano.specs -mfpu=fpv4-sp-d16 -mfloat-abi=hard -mthumb -o "Src/main.o"
../Src/main.c: In function 'listDir':
../Src/main.c:439:29: error: invalid type argument of '->' (have 'FILINFO' {aka 'struct <anonymous>'})
  439 |  while (res == FR_OK && file->fname[0]) {
      |                             ^~
../Src/main.c:440:23: error: invalid type argument of '->' (have 'FILINFO' {aka 'struct <anonymous>'})
  440 |   xprintf("%s\n", file->fname);
      |                       ^~
make[1]: *** [Src/subdir.mk:64: Src/main.o] Error 1
make: *** [makefile:75: all] Error 2
"make all" terminated with exit code 2. Build might be incomplete.
14:07:08 **** Incremental Build of configuration Debug for project nucleo-basic-v4 ****
make all 
arm-none-eabi-gcc -c "../Src/main.c" -mcpu=cortex-m4 -std=gnu11 -g3 '-D__weak=__attribute__((weak))' '-D__packed="__attribute__((__packed__))"' -DUSE_HAL_DRIVER -DSTM32F429xx -c -I../Inc -I../Middlewares/Third_Party/LwIP/src/include -I../Middlewares/Third_Party/LwIP/system -I../Drivers/STM32F4xx_HAL_Driver/Inc -I../Drivers/STM32F4xx_HAL_Driver/Inc/Legacy -I../Middlewares/Third_Party/FreeRTOS/Source/portable/GCC/ARM_CM4F -I../Middlewares/Third_Party/LwIP/src/include/netif/ppp -I../Middlewares/ST/STM32_USB_Host_Library/Core/Inc -I../Middlewares/ST/STM32_USB_Host_Library/Class/MSC/Inc -I../Drivers/CMSIS/Device/ST/STM32F4xx/Include -I../Middlewares/Third_Party/FatFs/src -I../Middlewares/Third_Party/FreeRTOS/Source/include -I../Middlewares/Third_Party/FreeRTOS/Source/CMSIS_RTOS -I../Middlewares/Third_Party/LwIP/src/include/lwip -I../Middlewares/Third_Party/LwIP/src/include/lwip/apps -I../Middlewares/Third_Party/LwIP/src/include/lwip/priv -I../Middlewares/Third_Party/LwIP/src/include/lwip/prot -I../Middlewares/Third_Party/LwIP/src/include/netif -I../Middlewares/Third_Party/LwIP/src/include/posix -I../Middlewares/Third_Party/LwIP/src/include/posix/sys -I../Middlewares/Third_Party/LwIP/system/arch -I../Drivers/CMSIS/Include -Os -ffunction-sections -fdata-sections -Wall -fstack-usage -MMD -MP -MF"Src/main.d" -MT"Src/main.o" --specs=nano.specs -mfpu=fpv4-sp-d16 -mfloat-abi=hard -mthumb -o "Src/main.o"
arm-none-eabi-gcc -o "nucleo-basic-v4.elf" @"objects.list"   -mcpu=cortex-m4 -T"../STM32F429ZI_FLASH.ld" --specs=nosys.specs -Wl,-Map="nucleo-basic-v4.map" -Wl,--gc-sections -static --specs=nano.specs -mfpu=fpv4-sp-d16 -mfloat-abi=hard -mthumb -Wl,--start-group -lc -lm -Wl,--end-group
Finished building target: nucleo-basic-v4.elf
 
arm-none-eabi-size   nucleo-basic-v4.elf 
   text	   data	    bss	    dec	    hex	filename
  82580	    160	  73368	 156108	  261cc	nucleo-basic-v4.elf
Finished building: default.size.stdout
 
arm-none-eabi-objdump -h -S  nucleo-basic-v4.elf  > "nucleo-basic-v4.list"
Finished building: nucleo-basic-v4.list
 
arm-none-eabi-objcopy  -O binary  nucleo-basic-v4.elf  "nucleo-basic-v4.bin"
Finished building: nucleo-basic-v4.bin
 
arm-none-eabi-objcopy -O ihex "nucleo-basic-v4.elf" "nucleo-basic-v4.hex"
 
14:08:07 **** Incremental Build of configuration Debug for project nucleo-basic-v4 ****
make all 
arm-none-eabi-gcc -c "../Src/main.c" -mcpu=cortex-m4 -std=gnu11 -g3 '-D__weak=__attribute__((weak))' '-D__packed="__attribute__((__packed__))"' -DUSE_HAL_DRIVER -DSTM32F429xx -c -I../Inc -I../Middlewares/Third_Party/LwIP/src/include -I../Middlewares/Third_Party/LwIP/system -I../Drivers/STM32F4xx_HAL_Driver/Inc -I../Drivers/STM32F4xx_HAL_Driver/Inc/Legacy -I../Middlewares/Third_Party/FreeRTOS/Source/portable/GCC/ARM_CM4F -I../Middlewares/Third_Party/LwIP/src/include/netif/ppp -I../Middlewares/ST/STM32_USB_Host_Library/Core/Inc -I../Middlewares/ST/STM32_USB_Host_Library/Class/MSC/Inc -I../Drivers/CMSIS/Device/ST/STM32F4xx/Include -I../Middlewares/Third_Party/FatFs/src -I../Middlewares/Third_Party/FreeRTOS/Source/include -I../Middlewares/Third_Party/FreeRTOS/Source/CMSIS_RTOS -I../Middlewares/Third_Party/LwIP/src/include/lwip -I../Middlewares/Third_Party/LwIP/src/include/lwip/apps -I../Middlewares/Third_Party/LwIP/src/include/lwip/priv -I../Middlewares/Third_Party/LwIP/src/include/lwip/prot -I../Middlewares/Third_Party/LwIP/src/include/netif -I../Middlewares/Third_Party/LwIP/src/include/posix -I../Middlewares/Third_Party/LwIP/src/include/posix/sys -I../Middlewares/Third_Party/LwIP/system/arch -I../Drivers/CMSIS/Include -Os -ffunction-sections -fdata-sections -Wall -fstack-usage -MMD -MP -MF"Src/main.d" -MT"Src/main.o" --specs=nano.specs -mfpu=fpv4-sp-d16 -mfloat-abi=hard -mthumb -o "Src/main.o"
../Src/main.c: In function 'listDir':
../Src/main.c:437:24: error: expected ';' before 'res'
  437 |  xprintf("%s:\n", name)
      |                        ^
      |                        ;
  438 |  res = f_readdir(&dir, &file);
      |  ~~~                    
make[1]: *** [Src/subdir.mk:64: Src/main.o] Error 1
make: *** [makefile:75: all] Error 2
"make all" terminated with exit code 2. Build might be incomplete.
14:08:14 **** Incremental Build of configuration Debug for project nucleo-basic-v4 ****
make all 
arm-none-eabi-gcc -c "../Src/main.c" -mcpu=cortex-m4 -std=gnu11 -g3 '-D__weak=__attribute__((weak))' '-D__packed="__attribute__((__packed__))"' -DUSE_HAL_DRIVER -DSTM32F429xx -c -I../Inc -I../Middlewares/Third_Party/LwIP/src/include -I../Middlewares/Third_Party/LwIP/system -I../Drivers/STM32F4xx_HAL_Driver/Inc -I../Drivers/STM32F4xx_HAL_Driver/Inc/Legacy -I../Middlewares/Third_Party/FreeRTOS/Source/portable/GCC/ARM_CM4F -I../Middlewares/Third_Party/LwIP/src/include/netif/ppp -I../Middlewares/ST/STM32_USB_Host_Library/Core/Inc -I../Middlewares/ST/STM32_USB_Host_Library/Class/MSC/Inc -I../Drivers/CMSIS/Device/ST/STM32F4xx/Include -I../Middlewares/Third_Party/FatFs/src -I../Middlewares/Third_Party/FreeRTOS/Source/include -I../Middlewares/Third_Party/FreeRTOS/Source/CMSIS_RTOS -I../Middlewares/Third_Party/LwIP/src/include/lwip -I../Middlewares/Third_Party/LwIP/src/include/lwip/apps -I../Middlewares/Third_Party/LwIP/src/include/lwip/priv -I../Middlewares/Third_Party/LwIP/src/include/lwip/prot -I../Middlewares/Third_Party/LwIP/src/include/netif -I../Middlewares/Third_Party/LwIP/src/include/posix -I../Middlewares/Third_Party/LwIP/src/include/posix/sys -I../Middlewares/Third_Party/LwIP/system/arch -I../Drivers/CMSIS/Include -Os -ffunction-sections -fdata-sections -Wall -fstack-usage -MMD -MP -MF"Src/main.d" -MT"Src/main.o" --specs=nano.specs -mfpu=fpv4-sp-d16 -mfloat-abi=hard -mthumb -o "Src/main.o"
arm-none-eabi-gcc -o "nucleo-basic-v4.elf" @"objects.list"   -mcpu=cortex-m4 -T"../STM32F429ZI_FLASH.ld" --specs=nosys.specs -Wl,-Map="nucleo-basic-v4.map" -Wl,--gc-sections -static --specs=nano.specs -mfpu=fpv4-sp-d16 -mfloat-abi=hard -mthumb -Wl,--start-group -lc -lm -Wl,--end-group
Finished building target: nucleo-basic-v4.elf
 
arm-none-eabi-size   nucleo-basic-v4.elf 
   text	   data	    bss	    dec	    hex	filename
  82596	    160	  73368	 156124	  261dc	nucleo-basic-v4.elf
Finished building: default.size.stdout
 
arm-none-eabi-objdump -h -S  nucleo-basic-v4.elf  > "nucleo-basic-v4.list"
Finished building: nucleo-basic-v4.list
 
arm-none-eabi-objcopy  -O binary  nucleo-basic-v4.elf  "nucleo-basic-v4.bin"
Finished building: nucleo-basic-v4.bin
 
arm-none-eabi-objcopy -O ihex "nucleo-basic-v4.elf" "nucleo-basic-v4.hex"
 
14:18:03 **** Incremental Build of configuration Debug for project nucleo-basic-v4 ****
make all 
arm-none-eabi-gcc -c "../Src/main.c" -mcpu=cortex-m4 -std=gnu11 -g3 '-D__weak=__attribute__((weak))' '-D__packed="__attribute__((__packed__))"' -DUSE_HAL_DRIVER -DSTM32F429xx -c -I../Inc -I../Middlewares/Third_Party/LwIP/src/include -I../Middlewares/Third_Party/LwIP/system -I../Drivers/STM32F4xx_HAL_Driver/Inc -I../Drivers/STM32F4xx_HAL_Driver/Inc/Legacy -I../Middlewares/Third_Party/FreeRTOS/Source/portable/GCC/ARM_CM4F -I../Middlewares/Third_Party/LwIP/src/include/netif/ppp -I../Middlewares/ST/STM32_USB_Host_Library/Core/Inc -I../Middlewares/ST/STM32_USB_Host_Library/Class/MSC/Inc -I../Drivers/CMSIS/Device/ST/STM32F4xx/Include -I../Middlewares/Third_Party/FatFs/src -I../Middlewares/Third_Party/FreeRTOS/Source/include -I../Middlewares/Third_Party/FreeRTOS/Source/CMSIS_RTOS -I../Middlewares/Third_Party/LwIP/src/include/lwip -I../Middlewares/Third_Party/LwIP/src/include/lwip/apps -I../Middlewares/Third_Party/LwIP/src/include/lwip/priv -I../Middlewares/Third_Party/LwIP/src/include/lwip/prot -I../Middlewares/Third_Party/LwIP/src/include/netif -I../Middlewares/Third_Party/LwIP/src/include/posix -I../Middlewares/Third_Party/LwIP/src/include/posix/sys -I../Middlewares/Third_Party/LwIP/system/arch -I../Drivers/CMSIS/Include -Os -ffunction-sections -fdata-sections -Wall -fstack-usage -MMD -MP -MF"Src/main.d" -MT"Src/main.o" --specs=nano.specs -mfpu=fpv4-sp-d16 -mfloat-abi=hard -mthumb -o "Src/main.o"
../Src/main.c: In function 'speedtest':
../Src/main.c:461:15: error: 'xTaskGetTickcount' undeclared (first use in this function); did you mean 'xTaskGetTickCount'?
  461 |    int read = xTaskGetTickcount;
      |               ^~~~~~~~~~~~~~~~~
      |               xTaskGetTickCount
../Src/main.c:461:15: note: each undeclared identifier is reported only once for each function it appears in
../Src/main.c:467:4: warning: implicit declaration of function 'xprint'; did you mean 'xprintf'? [-Wimplicit-function-declaration]
  467 |    xprint("Writing 8MB took %s ms\n", write);
      |    ^~~~~~
      |    xprintf
make[1]: *** [Src/subdir.mk:64: Src/main.o] Error 1
make: *** [makefile:75: all] Error 2
"make all" terminated with exit code 2. Build might be incomplete.
14:18:50 **** Incremental Build of configuration Debug for project nucleo-basic-v4 ****
make all 
arm-none-eabi-gcc -c "../Src/main.c" -mcpu=cortex-m4 -std=gnu11 -g3 '-D__weak=__attribute__((weak))' '-D__packed="__attribute__((__packed__))"' -DUSE_HAL_DRIVER -DSTM32F429xx -c -I../Inc -I../Middlewares/Third_Party/LwIP/src/include -I../Middlewares/Third_Party/LwIP/system -I../Drivers/STM32F4xx_HAL_Driver/Inc -I../Drivers/STM32F4xx_HAL_Driver/Inc/Legacy -I../Middlewares/Third_Party/FreeRTOS/Source/portable/GCC/ARM_CM4F -I../Middlewares/Third_Party/LwIP/src/include/netif/ppp -I../Middlewares/ST/STM32_USB_Host_Library/Core/Inc -I../Middlewares/ST/STM32_USB_Host_Library/Class/MSC/Inc -I../Drivers/CMSIS/Device/ST/STM32F4xx/Include -I../Middlewares/Third_Party/FatFs/src -I../Middlewares/Third_Party/FreeRTOS/Source/include -I../Middlewares/Third_Party/FreeRTOS/Source/CMSIS_RTOS -I../Middlewares/Third_Party/LwIP/src/include/lwip -I../Middlewares/Third_Party/LwIP/src/include/lwip/apps -I../Middlewares/Third_Party/LwIP/src/include/lwip/priv -I../Middlewares/Third_Party/LwIP/src/include/lwip/prot -I../Middlewares/Third_Party/LwIP/src/include/netif -I../Middlewares/Third_Party/LwIP/src/include/posix -I../Middlewares/Third_Party/LwIP/src/include/posix/sys -I../Middlewares/Third_Party/LwIP/system/arch -I../Drivers/CMSIS/Include -Os -ffunction-sections -fdata-sections -Wall -fstack-usage -MMD -MP -MF"Src/main.d" -MT"Src/main.o" --specs=nano.specs -mfpu=fpv4-sp-d16 -mfloat-abi=hard -mthumb -o "Src/main.o"
../Src/main.c: In function 'speedtest':
../Src/main.c:461:15: warning: implicit declaration of function 'xTaskGetTickcount'; did you mean 'xTaskGetTickCount'? [-Wimplicit-function-declaration]
  461 |    int read = xTaskGetTickcount();
      |               ^~~~~~~~~~~~~~~~~
      |               xTaskGetTickCount
../Src/main.c:467:4: warning: implicit declaration of function 'xprint'; did you mean 'xprintf'? [-Wimplicit-function-declaration]
  467 |    xprint("Writing 8MB took %s ms\n", write);
      |    ^~~~~~
      |    xprintf
../Src/main.c: In function 'StartDefaultTask':
../Src/main.c:621:10: error: expected ';' before '}' token
  621 |     break
      |          ^
      |          ;
  622 |    }
      |    ~      
make[1]: *** [Src/subdir.mk:64: Src/main.o] Error 1
make: *** [makefile:75: all] Error 2
"make all" terminated with exit code 2. Build might be incomplete.
14:18:56 **** Incremental Build of configuration Debug for project nucleo-basic-v4 ****
make all 
arm-none-eabi-gcc -c "../Src/main.c" -mcpu=cortex-m4 -std=gnu11 -g3 '-D__weak=__attribute__((weak))' '-D__packed="__attribute__((__packed__))"' -DUSE_HAL_DRIVER -DSTM32F429xx -c -I../Inc -I../Middlewares/Third_Party/LwIP/src/include -I../Middlewares/Third_Party/LwIP/system -I../Drivers/STM32F4xx_HAL_Driver/Inc -I../Drivers/STM32F4xx_HAL_Driver/Inc/Legacy -I../Middlewares/Third_Party/FreeRTOS/Source/portable/GCC/ARM_CM4F -I../Middlewares/Third_Party/LwIP/src/include/netif/ppp -I../Middlewares/ST/STM32_USB_Host_Library/Core/Inc -I../Middlewares/ST/STM32_USB_Host_Library/Class/MSC/Inc -I../Drivers/CMSIS/Device/ST/STM32F4xx/Include -I../Middlewares/Third_Party/FatFs/src -I../Middlewares/Third_Party/FreeRTOS/Source/include -I../Middlewares/Third_Party/FreeRTOS/Source/CMSIS_RTOS -I../Middlewares/Third_Party/LwIP/src/include/lwip -I../Middlewares/Third_Party/LwIP/src/include/lwip/apps -I../Middlewares/Third_Party/LwIP/src/include/lwip/priv -I../Middlewares/Third_Party/LwIP/src/include/lwip/prot -I../Middlewares/Third_Party/LwIP/src/include/netif -I../Middlewares/Third_Party/LwIP/src/include/posix -I../Middlewares/Third_Party/LwIP/src/include/posix/sys -I../Middlewares/Third_Party/LwIP/system/arch -I../Drivers/CMSIS/Include -Os -ffunction-sections -fdata-sections -Wall -fstack-usage -MMD -MP -MF"Src/main.d" -MT"Src/main.o" --specs=nano.specs -mfpu=fpv4-sp-d16 -mfloat-abi=hard -mthumb -o "Src/main.o"
../Src/main.c: In function 'speedtest':
../Src/main.c:461:15: warning: implicit declaration of function 'xTaskGetTickcount'; did you mean 'xTaskGetTickCount'? [-Wimplicit-function-declaration]
  461 |    int read = xTaskGetTickcount();
      |               ^~~~~~~~~~~~~~~~~
      |               xTaskGetTickCount
../Src/main.c:467:4: warning: implicit declaration of function 'xprint'; did you mean 'xprintf'? [-Wimplicit-function-declaration]
  467 |    xprint("Writing 8MB took %s ms\n", write);
      |    ^~~~~~
      |    xprintf
arm-none-eabi-gcc -o "nucleo-basic-v4.elf" @"objects.list"   -mcpu=cortex-m4 -T"../STM32F429ZI_FLASH.ld" --specs=nosys.specs -Wl,-Map="nucleo-basic-v4.map" -Wl,--gc-sections -static --specs=nano.specs -mfpu=fpv4-sp-d16 -mfloat-abi=hard -mthumb -Wl,--start-group -lc -lm -Wl,--end-group
/opt/st/stm32cubeide_1.7.0/plugins/com.st.stm32cube.ide.mcu.externaltools.gnu-tools-for-stm32.9-2020-q2-update.linux64_2.0.0.202105311346/tools/bin/../lib/gcc/arm-none-eabi/9.3.1/../../../../arm-none-eabi/bin/ld: ./Src/main.o: in function `speedtest':
/home/student/Dokumenty/hmkm/nucleo-basic-v4/Debug/../Src/main.c:461: undefined reference to `xTaskGetTickcount'
/opt/st/stm32cubeide_1.7.0/plugins/com.st.stm32cube.ide.mcu.externaltools.gnu-tools-for-stm32.9-2020-q2-update.linux64_2.0.0.202105311346/tools/bin/../lib/gcc/arm-none-eabi/9.3.1/../../../../arm-none-eabi/bin/ld: /home/student/Dokumenty/hmkm/nucleo-basic-v4/Debug/../Src/main.c:467: undefined reference to `xprint'
/opt/st/stm32cubeide_1.7.0/plugins/com.st.stm32cube.ide.mcu.externaltools.gnu-tools-for-stm32.9-2020-q2-update.linux64_2.0.0.202105311346/tools/bin/../lib/gcc/arm-none-eabi/9.3.1/../../../../arm-none-eabi/bin/ld: /home/student/Dokumenty/hmkm/nucleo-basic-v4/Debug/../Src/main.c:468: undefined reference to `xprint'
collect2: error: ld returned 1 exit status
make[1]: *** [makefile:82: nucleo-basic-v4.elf] Error 1
make: *** [makefile:75: all] Error 2
"make all" terminated with exit code 2. Build might be incomplete.
14:19:16 **** Incremental Build of configuration Debug for project nucleo-basic-v4 ****
make all 
arm-none-eabi-gcc -c "../Src/main.c" -mcpu=cortex-m4 -std=gnu11 -g3 '-D__weak=__attribute__((weak))' '-D__packed="__attribute__((__packed__))"' -DUSE_HAL_DRIVER -DSTM32F429xx -c -I../Inc -I../Middlewares/Third_Party/LwIP/src/include -I../Middlewares/Third_Party/LwIP/system -I../Drivers/STM32F4xx_HAL_Driver/Inc -I../Drivers/STM32F4xx_HAL_Driver/Inc/Legacy -I../Middlewares/Third_Party/FreeRTOS/Source/portable/GCC/ARM_CM4F -I../Middlewares/Third_Party/LwIP/src/include/netif/ppp -I../Middlewares/ST/STM32_USB_Host_Library/Core/Inc -I../Middlewares/ST/STM32_USB_Host_Library/Class/MSC/Inc -I../Drivers/CMSIS/Device/ST/STM32F4xx/Include -I../Middlewares/Third_Party/FatFs/src -I../Middlewares/Third_Party/FreeRTOS/Source/include -I../Middlewares/Third_Party/FreeRTOS/Source/CMSIS_RTOS -I../Middlewares/Third_Party/LwIP/src/include/lwip -I../Middlewares/Third_Party/LwIP/src/include/lwip/apps -I../Middlewares/Third_Party/LwIP/src/include/lwip/priv -I../Middlewares/Third_Party/LwIP/src/include/lwip/prot -I../Middlewares/Third_Party/LwIP/src/include/netif -I../Middlewares/Third_Party/LwIP/src/include/posix -I../Middlewares/Third_Party/LwIP/src/include/posix/sys -I../Middlewares/Third_Party/LwIP/system/arch -I../Drivers/CMSIS/Include -Os -ffunction-sections -fdata-sections -Wall -fstack-usage -MMD -MP -MF"Src/main.d" -MT"Src/main.o" --specs=nano.specs -mfpu=fpv4-sp-d16 -mfloat-abi=hard -mthumb -o "Src/main.o"
../Src/main.c: In function 'speedtest':
../Src/main.c:467:4: warning: implicit declaration of function 'xprint'; did you mean 'xprintf'? [-Wimplicit-function-declaration]
  467 |    xprint("Writing 8MB took %s ms\n", write);
      |    ^~~~~~
      |    xprintf
arm-none-eabi-gcc -o "nucleo-basic-v4.elf" @"objects.list"   -mcpu=cortex-m4 -T"../STM32F429ZI_FLASH.ld" --specs=nosys.specs -Wl,-Map="nucleo-basic-v4.map" -Wl,--gc-sections -static --specs=nano.specs -mfpu=fpv4-sp-d16 -mfloat-abi=hard -mthumb -Wl,--start-group -lc -lm -Wl,--end-group
/opt/st/stm32cubeide_1.7.0/plugins/com.st.stm32cube.ide.mcu.externaltools.gnu-tools-for-stm32.9-2020-q2-update.linux64_2.0.0.202105311346/tools/bin/../lib/gcc/arm-none-eabi/9.3.1/../../../../arm-none-eabi/bin/ld: ./Src/main.o: in function `speedtest':
/home/student/Dokumenty/hmkm/nucleo-basic-v4/Debug/../Src/main.c:467: undefined reference to `xprint'
/opt/st/stm32cubeide_1.7.0/plugins/com.st.stm32cube.ide.mcu.externaltools.gnu-tools-for-stm32.9-2020-q2-update.linux64_2.0.0.202105311346/tools/bin/../lib/gcc/arm-none-eabi/9.3.1/../../../../arm-none-eabi/bin/ld: /home/student/Dokumenty/hmkm/nucleo-basic-v4/Debug/../Src/main.c:468: undefined reference to `xprint'
collect2: error: ld returned 1 exit status
make[1]: *** [makefile:82: nucleo-basic-v4.elf] Error 1
make: *** [makefile:75: all] Error 2
"make all" terminated with exit code 2. Build might be incomplete.
14:19:25 **** Incremental Build of configuration Debug for project nucleo-basic-v4 ****
make all 
arm-none-eabi-gcc -c "../Src/main.c" -mcpu=cortex-m4 -std=gnu11 -g3 '-D__weak=__attribute__((weak))' '-D__packed="__attribute__((__packed__))"' -DUSE_HAL_DRIVER -DSTM32F429xx -c -I../Inc -I../Middlewares/Third_Party/LwIP/src/include -I../Middlewares/Third_Party/LwIP/system -I../Drivers/STM32F4xx_HAL_Driver/Inc -I../Drivers/STM32F4xx_HAL_Driver/Inc/Legacy -I../Middlewares/Third_Party/FreeRTOS/Source/portable/GCC/ARM_CM4F -I../Middlewares/Third_Party/LwIP/src/include/netif/ppp -I../Middlewares/ST/STM32_USB_Host_Library/Core/Inc -I../Middlewares/ST/STM32_USB_Host_Library/Class/MSC/Inc -I../Drivers/CMSIS/Device/ST/STM32F4xx/Include -I../Middlewares/Third_Party/FatFs/src -I../Middlewares/Third_Party/FreeRTOS/Source/include -I../Middlewares/Third_Party/FreeRTOS/Source/CMSIS_RTOS -I../Middlewares/Third_Party/LwIP/src/include/lwip -I../Middlewares/Third_Party/LwIP/src/include/lwip/apps -I../Middlewares/Third_Party/LwIP/src/include/lwip/priv -I../Middlewares/Third_Party/LwIP/src/include/lwip/prot -I../Middlewares/Third_Party/LwIP/src/include/netif -I../Middlewares/Third_Party/LwIP/src/include/posix -I../Middlewares/Third_Party/LwIP/src/include/posix/sys -I../Middlewares/Third_Party/LwIP/system/arch -I../Drivers/CMSIS/Include -Os -ffunction-sections -fdata-sections -Wall -fstack-usage -MMD -MP -MF"Src/main.d" -MT"Src/main.o" --specs=nano.specs -mfpu=fpv4-sp-d16 -mfloat-abi=hard -mthumb -o "Src/main.o"
../Src/main.c: In function 'speedtest':
../Src/main.c:467:31: warning: format '%s' expects argument of type 'char *', but argument 2 has type 'int' [-Wformat=]
  467 |    xprintf("Writing 8MB took %s ms\n", write);
      |                              ~^        ~~~~~
      |                               |        |
      |                               char *   int
      |                              %d
../Src/main.c:468:31: warning: format '%s' expects argument of type 'char *', but argument 2 has type 'int' [-Wformat=]
  468 |    xprintf("Reading 8MB took %s ms\n", read);
      |                              ~^        ~~~~
      |                               |        |
      |                               char *   int
      |                              %d
arm-none-eabi-gcc -o "nucleo-basic-v4.elf" @"objects.list"   -mcpu=cortex-m4 -T"../STM32F429ZI_FLASH.ld" --specs=nosys.specs -Wl,-Map="nucleo-basic-v4.map" -Wl,--gc-sections -static --specs=nano.specs -mfpu=fpv4-sp-d16 -mfloat-abi=hard -mthumb -Wl,--start-group -lc -lm -Wl,--end-group
Finished building target: nucleo-basic-v4.elf
 
arm-none-eabi-size   nucleo-basic-v4.elf 
   text	   data	    bss	    dec	    hex	filename
  82864	    160	  73368	 156392	  262e8	nucleo-basic-v4.elf
Finished building: default.size.stdout
 
arm-none-eabi-objdump -h -S  nucleo-basic-v4.elf  > "nucleo-basic-v4.list"
Finished building: nucleo-basic-v4.list
 
arm-none-eabi-objcopy  -O binary  nucleo-basic-v4.elf  "nucleo-basic-v4.bin"
Finished building: nucleo-basic-v4.bin
 
arm-none-eabi-objcopy -O ihex "nucleo-basic-v4.elf" "nucleo-basic-v4.hex"
 
14:19:37 **** Incremental Build of configuration Debug for project nucleo-basic-v4 ****
make all 
arm-none-eabi-gcc -c "../Src/main.c" -mcpu=cortex-m4 -std=gnu11 -g3 '-D__weak=__attribute__((weak))' '-D__packed="__attribute__((__packed__))"' -DUSE_HAL_DRIVER -DSTM32F429xx -c -I../Inc -I../Middlewares/Third_Party/LwIP/src/include -I../Middlewares/Third_Party/LwIP/system -I../Drivers/STM32F4xx_HAL_Driver/Inc -I../Drivers/STM32F4xx_HAL_Driver/Inc/Legacy -I../Middlewares/Third_Party/FreeRTOS/Source/portable/GCC/ARM_CM4F -I../Middlewares/Third_Party/LwIP/src/include/netif/ppp -I../Middlewares/ST/STM32_USB_Host_Library/Core/Inc -I../Middlewares/ST/STM32_USB_Host_Library/Class/MSC/Inc -I../Drivers/CMSIS/Device/ST/STM32F4xx/Include -I../Middlewares/Third_Party/FatFs/src -I../Middlewares/Third_Party/FreeRTOS/Source/include -I../Middlewares/Third_Party/FreeRTOS/Source/CMSIS_RTOS -I../Middlewares/Third_Party/LwIP/src/include/lwip -I../Middlewares/Third_Party/LwIP/src/include/lwip/apps -I../Middlewares/Third_Party/LwIP/src/include/lwip/priv -I../Middlewares/Third_Party/LwIP/src/include/lwip/prot -I../Middlewares/Third_Party/LwIP/src/include/netif -I../Middlewares/Third_Party/LwIP/src/include/posix -I../Middlewares/Third_Party/LwIP/src/include/posix/sys -I../Middlewares/Third_Party/LwIP/system/arch -I../Drivers/CMSIS/Include -Os -ffunction-sections -fdata-sections -Wall -fstack-usage -MMD -MP -MF"Src/main.d" -MT"Src/main.o" --specs=nano.specs -mfpu=fpv4-sp-d16 -mfloat-abi=hard -mthumb -o "Src/main.o"
arm-none-eabi-gcc -o "nucleo-basic-v4.elf" @"objects.list"   -mcpu=cortex-m4 -T"../STM32F429ZI_FLASH.ld" --specs=nosys.specs -Wl,-Map="nucleo-basic-v4.map" -Wl,--gc-sections -static --specs=nano.specs -mfpu=fpv4-sp-d16 -mfloat-abi=hard -mthumb -Wl,--start-group -lc -lm -Wl,--end-group
Finished building target: nucleo-basic-v4.elf
 
arm-none-eabi-size   nucleo-basic-v4.elf 
   text	   data	    bss	    dec	    hex	filename
  82864	    160	  73368	 156392	  262e8	nucleo-basic-v4.elf
Finished building: default.size.stdout
 
arm-none-eabi-objdump -h -S  nucleo-basic-v4.elf  > "nucleo-basic-v4.list"
Finished building: nucleo-basic-v4.list
 
arm-none-eabi-objcopy  -O binary  nucleo-basic-v4.elf  "nucleo-basic-v4.bin"
Finished building: nucleo-basic-v4.bin
 
arm-none-eabi-objcopy -O ihex "nucleo-basic-v4.elf" "nucleo-basic-v4.hex"
 
14:23:27 **** Incremental Build of configuration Debug for project nucleo-basic-v4 ****
make all 
arm-none-eabi-gcc -c "../Src/main.c" -mcpu=cortex-m4 -std=gnu11 -g3 '-D__weak=__attribute__((weak))' '-D__packed="__attribute__((__packed__))"' -DUSE_HAL_DRIVER -DSTM32F429xx -c -I../Inc -I../Middlewares/Third_Party/LwIP/src/include -I../Middlewares/Third_Party/LwIP/system -I../Drivers/STM32F4xx_HAL_Driver/Inc -I../Drivers/STM32F4xx_HAL_Driver/Inc/Legacy -I../Middlewares/Third_Party/FreeRTOS/Source/portable/GCC/ARM_CM4F -I../Middlewares/Third_Party/LwIP/src/include/netif/ppp -I../Middlewares/ST/STM32_USB_Host_Library/Core/Inc -I../Middlewares/ST/STM32_USB_Host_Library/Class/MSC/Inc -I../Drivers/CMSIS/Device/ST/STM32F4xx/Include -I../Middlewares/Third_Party/FatFs/src -I../Middlewares/Third_Party/FreeRTOS/Source/include -I../Middlewares/Third_Party/FreeRTOS/Source/CMSIS_RTOS -I../Middlewares/Third_Party/LwIP/src/include/lwip -I../Middlewares/Third_Party/LwIP/src/include/lwip/apps -I../Middlewares/Third_Party/LwIP/src/include/lwip/priv -I../Middlewares/Third_Party/LwIP/src/include/lwip/prot -I../Middlewares/Third_Party/LwIP/src/include/netif -I../Middlewares/Third_Party/LwIP/src/include/posix -I../Middlewares/Third_Party/LwIP/src/include/posix/sys -I../Middlewares/Third_Party/LwIP/system/arch -I../Drivers/CMSIS/Include -Os -ffunction-sections -fdata-sections -Wall -fstack-usage -MMD -MP -MF"Src/main.d" -MT"Src/main.o" --specs=nano.specs -mfpu=fpv4-sp-d16 -mfloat-abi=hard -mthumb -o "Src/main.o"
arm-none-eabi-gcc -o "nucleo-basic-v4.elf" @"objects.list"   -mcpu=cortex-m4 -T"../STM32F429ZI_FLASH.ld" --specs=nosys.specs -Wl,-Map="nucleo-basic-v4.map" -Wl,--gc-sections -static --specs=nano.specs -mfpu=fpv4-sp-d16 -mfloat-abi=hard -mthumb -Wl,--start-group -lc -lm -Wl,--end-group
Finished building target: nucleo-basic-v4.elf
 
arm-none-eabi-size   nucleo-basic-v4.elf 
   text	   data	    bss	    dec	    hex	filename
  82880	    160	  73368	 156408	  262f8	nucleo-basic-v4.elf
Finished building: default.size.stdout
 
arm-none-eabi-objdump -h -S  nucleo-basic-v4.elf  > "nucleo-basic-v4.list"
Finished building: nucleo-basic-v4.list
 
arm-none-eabi-objcopy  -O binary  nucleo-basic-v4.elf  "nucleo-basic-v4.bin"
Finished building: nucleo-basic-v4.bin
 
arm-none-eabi-objcopy -O ihex "nucleo-basic-v4.elf" "nucleo-basic-v4.hex"
 
14:24:22 **** Incremental Build of configuration Debug for project nucleo-basic-v4 ****
make all 
arm-none-eabi-gcc -c "../Src/main.c" -mcpu=cortex-m4 -std=gnu11 -g3 '-D__weak=__attribute__((weak))' '-D__packed="__attribute__((__packed__))"' -DUSE_HAL_DRIVER -DSTM32F429xx -c -I../Inc -I../Middlewares/Third_Party/LwIP/src/include -I../Middlewares/Third_Party/LwIP/system -I../Drivers/STM32F4xx_HAL_Driver/Inc -I../Drivers/STM32F4xx_HAL_Driver/Inc/Legacy -I../Middlewares/Third_Party/FreeRTOS/Source/portable/GCC/ARM_CM4F -I../Middlewares/Third_Party/LwIP/src/include/netif/ppp -I../Middlewares/ST/STM32_USB_Host_Library/Core/Inc -I../Middlewares/ST/STM32_USB_Host_Library/Class/MSC/Inc -I../Drivers/CMSIS/Device/ST/STM32F4xx/Include -I../Middlewares/Third_Party/FatFs/src -I../Middlewares/Third_Party/FreeRTOS/Source/include -I../Middlewares/Third_Party/FreeRTOS/Source/CMSIS_RTOS -I../Middlewares/Third_Party/LwIP/src/include/lwip -I../Middlewares/Third_Party/LwIP/src/include/lwip/apps -I../Middlewares/Third_Party/LwIP/src/include/lwip/priv -I../Middlewares/Third_Party/LwIP/src/include/lwip/prot -I../Middlewares/Third_Party/LwIP/src/include/netif -I../Middlewares/Third_Party/LwIP/src/include/posix -I../Middlewares/Third_Party/LwIP/src/include/posix/sys -I../Middlewares/Third_Party/LwIP/system/arch -I../Drivers/CMSIS/Include -Os -ffunction-sections -fdata-sections -Wall -fstack-usage -MMD -MP -MF"Src/main.d" -MT"Src/main.o" --specs=nano.specs -mfpu=fpv4-sp-d16 -mfloat-abi=hard -mthumb -o "Src/main.o"
arm-none-eabi-gcc -o "nucleo-basic-v4.elf" @"objects.list"   -mcpu=cortex-m4 -T"../STM32F429ZI_FLASH.ld" --specs=nosys.specs -Wl,-Map="nucleo-basic-v4.map" -Wl,--gc-sections -static --specs=nano.specs -mfpu=fpv4-sp-d16 -mfloat-abi=hard -mthumb -Wl,--start-group -lc -lm -Wl,--end-group
Finished building target: nucleo-basic-v4.elf
 
arm-none-eabi-size   nucleo-basic-v4.elf 
   text	   data	    bss	    dec	    hex	filename
  82884	    160	  73368	 156412	  262fc	nucleo-basic-v4.elf
Finished building: default.size.stdout
 
arm-none-eabi-objdump -h -S  nucleo-basic-v4.elf  > "nucleo-basic-v4.list"
Finished building: nucleo-basic-v4.list
 
arm-none-eabi-objcopy  -O binary  nucleo-basic-v4.elf  "nucleo-basic-v4.bin"
Finished building: nucleo-basic-v4.bin
 
arm-none-eabi-objcopy -O ihex "nucleo-basic-v4.elf" "nucleo-basic-v4.hex"
 
14:28:59 **** Incremental Build of configuration Debug for project nucleo-basic-v4 ****
make all 
arm-none-eabi-gcc -c "../Src/main.c" -mcpu=cortex-m4 -std=gnu11 -g3 '-D__weak=__attribute__((weak))' '-D__packed="__attribute__((__packed__))"' -DUSE_HAL_DRIVER -DSTM32F429xx -c -I../Inc -I../Middlewares/Third_Party/LwIP/src/include -I../Middlewares/Third_Party/LwIP/system -I../Drivers/STM32F4xx_HAL_Driver/Inc -I../Drivers/STM32F4xx_HAL_Driver/Inc/Legacy -I../Middlewares/Third_Party/FreeRTOS/Source/portable/GCC/ARM_CM4F -I../Middlewares/Third_Party/LwIP/src/include/netif/ppp -I../Middlewares/ST/STM32_USB_Host_Library/Core/Inc -I../Middlewares/ST/STM32_USB_Host_Library/Class/MSC/Inc -I../Drivers/CMSIS/Device/ST/STM32F4xx/Include -I../Middlewares/Third_Party/FatFs/src -I../Middlewares/Third_Party/FreeRTOS/Source/include -I../Middlewares/Third_Party/FreeRTOS/Source/CMSIS_RTOS -I../Middlewares/Third_Party/LwIP/src/include/lwip -I../Middlewares/Third_Party/LwIP/src/include/lwip/apps -I../Middlewares/Third_Party/LwIP/src/include/lwip/priv -I../Middlewares/Third_Party/LwIP/src/include/lwip/prot -I../Middlewares/Third_Party/LwIP/src/include/netif -I../Middlewares/Third_Party/LwIP/src/include/posix -I../Middlewares/Third_Party/LwIP/src/include/posix/sys -I../Middlewares/Third_Party/LwIP/system/arch -I../Drivers/CMSIS/Include -Os -ffunction-sections -fdata-sections -Wall -fstack-usage -MMD -MP -MF"Src/main.d" -MT"Src/main.o" --specs=nano.specs -mfpu=fpv4-sp-d16 -mfloat-abi=hard -mthumb -o "Src/main.o"
arm-none-eabi-gcc -c "../Middlewares/ST/STM32_USB_Host_Library/Class/MSC/Src/usbh_msc_scsi.c" -mcpu=cortex-m4 -std=gnu11 -g3 '-D__weak=__attribute__((weak))' '-D__packed="__attribute__((__packed__))"' -DUSE_HAL_DRIVER -DSTM32F429xx -c -I../Inc -I../Middlewares/Third_Party/LwIP/src/include -I../Middlewares/Third_Party/LwIP/system -I../Drivers/STM32F4xx_HAL_Driver/Inc -I../Drivers/STM32F4xx_HAL_Driver/Inc/Legacy -I../Middlewares/Third_Party/FreeRTOS/Source/portable/GCC/ARM_CM4F -I../Middlewares/Third_Party/LwIP/src/include/netif/ppp -I../Middlewares/ST/STM32_USB_Host_Library/Core/Inc -I../Middlewares/ST/STM32_USB_Host_Library/Class/MSC/Inc -I../Drivers/CMSIS/Device/ST/STM32F4xx/Include -I../Middlewares/Third_Party/FatFs/src -I../Middlewares/Third_Party/FreeRTOS/Source/include -I../Middlewares/Third_Party/FreeRTOS/Source/CMSIS_RTOS -I../Middlewares/Third_Party/LwIP/src/include/lwip -I../Middlewares/Third_Party/LwIP/src/include/lwip/apps -I../Middlewares/Third_Party/LwIP/src/include/lwip/priv -I../Middlewares/Third_Party/LwIP/src/include/lwip/prot -I../Middlewares/Third_Party/LwIP/src/include/netif -I../Middlewares/Third_Party/LwIP/src/include/posix -I../Middlewares/Third_Party/LwIP/src/include/posix/sys -I../Middlewares/Third_Party/LwIP/system/arch -I../Drivers/CMSIS/Include -Os -ffunction-sections -fdata-sections -Wall -fstack-usage -MMD -MP -MF"Middlewares/ST/STM32_USB_Host_Library/Class/MSC/Src/usbh_msc_scsi.d" -MT"Middlewares/ST/STM32_USB_Host_Library/Class/MSC/Src/usbh_msc_scsi.o" --specs=nano.specs -mfpu=fpv4-sp-d16 -mfloat-abi=hard -mthumb -o "Middlewares/ST/STM32_USB_Host_Library/Class/MSC/Src/usbh_msc_scsi.o"
arm-none-eabi-gcc -o "nucleo-basic-v4.elf" @"objects.list"   -mcpu=cortex-m4 -T"../STM32F429ZI_FLASH.ld" --specs=nosys.specs -Wl,-Map="nucleo-basic-v4.map" -Wl,--gc-sections -static --specs=nano.specs -mfpu=fpv4-sp-d16 -mfloat-abi=hard -mthumb -Wl,--start-group -lc -lm -Wl,--end-group
Finished building target: nucleo-basic-v4.elf
 
arm-none-eabi-size   nucleo-basic-v4.elf 
   text	   data	    bss	    dec	    hex	filename
  82712	    160	  73368	 156240	  26250	nucleo-basic-v4.elf
Finished building: default.size.stdout
 
arm-none-eabi-objdump -h -S  nucleo-basic-v4.elf  > "nucleo-basic-v4.list"
Finished building: nucleo-basic-v4.list
 
arm-none-eabi-objcopy  -O binary  nucleo-basic-v4.elf  "nucleo-basic-v4.bin"
Finished building: nucleo-basic-v4.bin
 
arm-none-eabi-objcopy -O ihex "nucleo-basic-v4.elf" "nucleo-basic-v4.hex"
 
14:34:27 **** Incremental Build of configuration Debug for project nucleo-basic-v4 ****
make all 
arm-none-eabi-gcc -c "../Src/main.c" -mcpu=cortex-m4 -std=gnu11 -g3 '-D__weak=__attribute__((weak))' '-D__packed="__attribute__((__packed__))"' -DUSE_HAL_DRIVER -DSTM32F429xx -c -I../Inc -I../Middlewares/Third_Party/LwIP/src/include -I../Middlewares/Third_Party/LwIP/system -I../Drivers/STM32F4xx_HAL_Driver/Inc -I../Drivers/STM32F4xx_HAL_Driver/Inc/Legacy -I../Middlewares/Third_Party/FreeRTOS/Source/portable/GCC/ARM_CM4F -I../Middlewares/Third_Party/LwIP/src/include/netif/ppp -I../Middlewares/ST/STM32_USB_Host_Library/Core/Inc -I../Middlewares/ST/STM32_USB_Host_Library/Class/MSC/Inc -I../Drivers/CMSIS/Device/ST/STM32F4xx/Include -I../Middlewares/Third_Party/FatFs/src -I../Middlewares/Third_Party/FreeRTOS/Source/include -I../Middlewares/Third_Party/FreeRTOS/Source/CMSIS_RTOS -I../Middlewares/Third_Party/LwIP/src/include/lwip -I../Middlewares/Third_Party/LwIP/src/include/lwip/apps -I../Middlewares/Third_Party/LwIP/src/include/lwip/priv -I../Middlewares/Third_Party/LwIP/src/include/lwip/prot -I../Middlewares/Third_Party/LwIP/src/include/netif -I../Middlewares/Third_Party/LwIP/src/include/posix -I../Middlewares/Third_Party/LwIP/src/include/posix/sys -I../Middlewares/Third_Party/LwIP/system/arch -I../Drivers/CMSIS/Include -Os -ffunction-sections -fdata-sections -Wall -fstack-usage -MMD -MP -MF"Src/main.d" -MT"Src/main.o" --specs=nano.specs -mfpu=fpv4-sp-d16 -mfloat-abi=hard -mthumb -o "Src/main.o"
arm-none-eabi-gcc -o "nucleo-basic-v4.elf" @"objects.list"   -mcpu=cortex-m4 -T"../STM32F429ZI_FLASH.ld" --specs=nosys.specs -Wl,-Map="nucleo-basic-v4.map" -Wl,--gc-sections -static --specs=nano.specs -mfpu=fpv4-sp-d16 -mfloat-abi=hard -mthumb -Wl,--start-group -lc -lm -Wl,--end-group
Finished building target: nucleo-basic-v4.elf
 
arm-none-eabi-size   nucleo-basic-v4.elf 
   text	   data	    bss	    dec	    hex	filename
  82712	    160	  73368	 156240	  26250	nucleo-basic-v4.elf
Finished building: default.size.stdout
 
arm-none-eabi-objdump -h -S  nucleo-basic-v4.elf  > "nucleo-basic-v4.list"
Finished building: nucleo-basic-v4.list
 
arm-none-eabi-objcopy  -O binary  nucleo-basic-v4.elf  "nucleo-basic-v4.bin"
Finished building: nucleo-basic-v4.bin
 
arm-none-eabi-objcopy -O ihex "nucleo-basic-v4.elf" "nucleo-basic-v4.hex"
 
14:35:02 **** Incremental Build of configuration Debug for project nucleo-basic-v4 ****
make all 
arm-none-eabi-gcc -c "../Src/main.c" -mcpu=cortex-m4 -std=gnu11 -g3 '-D__weak=__attribute__((weak))' '-D__packed="__attribute__((__packed__))"' -DUSE_HAL_DRIVER -DSTM32F429xx -c -I../Inc -I../Middlewares/Third_Party/LwIP/src/include -I../Middlewares/Third_Party/LwIP/system -I../Drivers/STM32F4xx_HAL_Driver/Inc -I../Drivers/STM32F4xx_HAL_Driver/Inc/Legacy -I../Middlewares/Third_Party/FreeRTOS/Source/portable/GCC/ARM_CM4F -I../Middlewares/Third_Party/LwIP/src/include/netif/ppp -I../Middlewares/ST/STM32_USB_Host_Library/Core/Inc -I../Middlewares/ST/STM32_USB_Host_Library/Class/MSC/Inc -I../Drivers/CMSIS/Device/ST/STM32F4xx/Include -I../Middlewares/Third_Party/FatFs/src -I../Middlewares/Third_Party/FreeRTOS/Source/include -I../Middlewares/Third_Party/FreeRTOS/Source/CMSIS_RTOS -I../Middlewares/Third_Party/LwIP/src/include/lwip -I../Middlewares/Third_Party/LwIP/src/include/lwip/apps -I../Middlewares/Third_Party/LwIP/src/include/lwip/priv -I../Middlewares/Third_Party/LwIP/src/include/lwip/prot -I../Middlewares/Third_Party/LwIP/src/include/netif -I../Middlewares/Third_Party/LwIP/src/include/posix -I../Middlewares/Third_Party/LwIP/src/include/posix/sys -I../Middlewares/Third_Party/LwIP/system/arch -I../Drivers/CMSIS/Include -Os -ffunction-sections -fdata-sections -Wall -fstack-usage -MMD -MP -MF"Src/main.d" -MT"Src/main.o" --specs=nano.specs -mfpu=fpv4-sp-d16 -mfloat-abi=hard -mthumb -o "Src/main.o"
arm-none-eabi-gcc -o "nucleo-basic-v4.elf" @"objects.list"   -mcpu=cortex-m4 -T"../STM32F429ZI_FLASH.ld" --specs=nosys.specs -Wl,-Map="nucleo-basic-v4.map" -Wl,--gc-sections -static --specs=nano.specs -mfpu=fpv4-sp-d16 -mfloat-abi=hard -mthumb -Wl,--start-group -lc -lm -Wl,--end-group
Finished building target: nucleo-basic-v4.elf
 
arm-none-eabi-size   nucleo-basic-v4.elf 
   text	   data	    bss	    dec	    hex	filename
  82712	    160	  73368	 156240	  26250	nucleo-basic-v4.elf
Finished building: default.size.stdout
 
arm-none-eabi-objdump -h -S  nucleo-basic-v4.elf  > "nucleo-basic-v4.list"
Finished building: nucleo-basic-v4.list
 
arm-none-eabi-objcopy  -O binary  nucleo-basic-v4.elf  "nucleo-basic-v4.bin"
Finished building: nucleo-basic-v4.bin
 
arm-none-eabi-objcopy -O ihex "nucleo-basic-v4.elf" "nucleo-basic-v4.hex"
 
14:35:43 **** Incremental Build of configuration Debug for project nucleo-basic-v4 ****
make all 
arm-none-eabi-gcc -c "../Src/main.c" -mcpu=cortex-m4 -std=gnu11 -g3 '-D__weak=__attribute__((weak))' '-D__packed="__attribute__((__packed__))"' -DUSE_HAL_DRIVER -DSTM32F429xx -c -I../Inc -I../Middlewares/Third_Party/LwIP/src/include -I../Middlewares/Third_Party/LwIP/system -I../Drivers/STM32F4xx_HAL_Driver/Inc -I../Drivers/STM32F4xx_HAL_Driver/Inc/Legacy -I../Middlewares/Third_Party/FreeRTOS/Source/portable/GCC/ARM_CM4F -I../Middlewares/Third_Party/LwIP/src/include/netif/ppp -I../Middlewares/ST/STM32_USB_Host_Library/Core/Inc -I../Middlewares/ST/STM32_USB_Host_Library/Class/MSC/Inc -I../Drivers/CMSIS/Device/ST/STM32F4xx/Include -I../Middlewares/Third_Party/FatFs/src -I../Middlewares/Third_Party/FreeRTOS/Source/include -I../Middlewares/Third_Party/FreeRTOS/Source/CMSIS_RTOS -I../Middlewares/Third_Party/LwIP/src/include/lwip -I../Middlewares/Third_Party/LwIP/src/include/lwip/apps -I../Middlewares/Third_Party/LwIP/src/include/lwip/priv -I../Middlewares/Third_Party/LwIP/src/include/lwip/prot -I../Middlewares/Third_Party/LwIP/src/include/netif -I../Middlewares/Third_Party/LwIP/src/include/posix -I../Middlewares/Third_Party/LwIP/src/include/posix/sys -I../Middlewares/Third_Party/LwIP/system/arch -I../Drivers/CMSIS/Include -Os -ffunction-sections -fdata-sections -Wall -fstack-usage -MMD -MP -MF"Src/main.d" -MT"Src/main.o" --specs=nano.specs -mfpu=fpv4-sp-d16 -mfloat-abi=hard -mthumb -o "Src/main.o"
arm-none-eabi-gcc -o "nucleo-basic-v4.elf" @"objects.list"   -mcpu=cortex-m4 -T"../STM32F429ZI_FLASH.ld" --specs=nosys.specs -Wl,-Map="nucleo-basic-v4.map" -Wl,--gc-sections -static --specs=nano.specs -mfpu=fpv4-sp-d16 -mfloat-abi=hard -mthumb -Wl,--start-group -lc -lm -Wl,--end-group
Finished building target: nucleo-basic-v4.elf
 
arm-none-eabi-size   nucleo-basic-v4.elf 
   text	   data	    bss	    dec	    hex	filename
  82780	    160	  73368	 156308	  26294	nucleo-basic-v4.elf
Finished building: default.size.stdout
 
arm-none-eabi-objdump -h -S  nucleo-basic-v4.elf  > "nucleo-basic-v4.list"
Finished building: nucleo-basic-v4.list
 
arm-none-eabi-objcopy  -O binary  nucleo-basic-v4.elf  "nucleo-basic-v4.bin"
Finished building: nucleo-basic-v4.bin
 
arm-none-eabi-objcopy -O ihex "nucleo-basic-v4.elf" "nucleo-basic-v4.hex"
 
14:37:35 **** Incremental Build of configuration Debug for project nucleo-basic-v4 ****
make all 
arm-none-eabi-gcc -c "../Src/main.c" -mcpu=cortex-m4 -std=gnu11 -g3 '-D__weak=__attribute__((weak))' '-D__packed="__attribute__((__packed__))"' -DUSE_HAL_DRIVER -DSTM32F429xx -c -I../Inc -I../Middlewares/Third_Party/LwIP/src/include -I../Middlewares/Third_Party/LwIP/system -I../Drivers/STM32F4xx_HAL_Driver/Inc -I../Drivers/STM32F4xx_HAL_Driver/Inc/Legacy -I../Middlewares/Third_Party/FreeRTOS/Source/portable/GCC/ARM_CM4F -I../Middlewares/Third_Party/LwIP/src/include/netif/ppp -I../Middlewares/ST/STM32_USB_Host_Library/Core/Inc -I../Middlewares/ST/STM32_USB_Host_Library/Class/MSC/Inc -I../Drivers/CMSIS/Device/ST/STM32F4xx/Include -I../Middlewares/Third_Party/FatFs/src -I../Middlewares/Third_Party/FreeRTOS/Source/include -I../Middlewares/Third_Party/FreeRTOS/Source/CMSIS_RTOS -I../Middlewares/Third_Party/LwIP/src/include/lwip -I../Middlewares/Third_Party/LwIP/src/include/lwip/apps -I../Middlewares/Third_Party/LwIP/src/include/lwip/priv -I../Middlewares/Third_Party/LwIP/src/include/lwip/prot -I../Middlewares/Third_Party/LwIP/src/include/netif -I../Middlewares/Third_Party/LwIP/src/include/posix -I../Middlewares/Third_Party/LwIP/src/include/posix/sys -I../Middlewares/Third_Party/LwIP/system/arch -I../Drivers/CMSIS/Include -Os -ffunction-sections -fdata-sections -Wall -fstack-usage -MMD -MP -MF"Src/main.d" -MT"Src/main.o" --specs=nano.specs -mfpu=fpv4-sp-d16 -mfloat-abi=hard -mthumb -o "Src/main.o"
arm-none-eabi-gcc -o "nucleo-basic-v4.elf" @"objects.list"   -mcpu=cortex-m4 -T"../STM32F429ZI_FLASH.ld" --specs=nosys.specs -Wl,-Map="nucleo-basic-v4.map" -Wl,--gc-sections -static --specs=nano.specs -mfpu=fpv4-sp-d16 -mfloat-abi=hard -mthumb -Wl,--start-group -lc -lm -Wl,--end-group
Finished building target: nucleo-basic-v4.elf
 
arm-none-eabi-size   nucleo-basic-v4.elf 
   text	   data	    bss	    dec	    hex	filename
  82800	    160	  73368	 156328	  262a8	nucleo-basic-v4.elf
Finished building: default.size.stdout
 
arm-none-eabi-objdump -h -S  nucleo-basic-v4.elf  > "nucleo-basic-v4.list"
Finished building: nucleo-basic-v4.list
 
arm-none-eabi-objcopy  -O binary  nucleo-basic-v4.elf  "nucleo-basic-v4.bin"
Finished building: nucleo-basic-v4.bin
 
arm-none-eabi-objcopy -O ihex "nucleo-basic-v4.elf" "nucleo-basic-v4.hex"
 
14:42:09 **** Incremental Build of configuration Debug for project nucleo-basic-v4 ****
make all 
arm-none-eabi-gcc -c "../Src/main.c" -mcpu=cortex-m4 -std=gnu11 -g3 '-D__weak=__attribute__((weak))' '-D__packed="__attribute__((__packed__))"' -DUSE_HAL_DRIVER -DSTM32F429xx -c -I../Inc -I../Middlewares/Third_Party/LwIP/src/include -I../Middlewares/Third_Party/LwIP/system -I../Drivers/STM32F4xx_HAL_Driver/Inc -I../Drivers/STM32F4xx_HAL_Driver/Inc/Legacy -I../Middlewares/Third_Party/FreeRTOS/Source/portable/GCC/ARM_CM4F -I../Middlewares/Third_Party/LwIP/src/include/netif/ppp -I../Middlewares/ST/STM32_USB_Host_Library/Core/Inc -I../Middlewares/ST/STM32_USB_Host_Library/Class/MSC/Inc -I../Drivers/CMSIS/Device/ST/STM32F4xx/Include -I../Middlewares/Third_Party/FatFs/src -I../Middlewares/Third_Party/FreeRTOS/Source/include -I../Middlewares/Third_Party/FreeRTOS/Source/CMSIS_RTOS -I../Middlewares/Third_Party/LwIP/src/include/lwip -I../Middlewares/Third_Party/LwIP/src/include/lwip/apps -I../Middlewares/Third_Party/LwIP/src/include/lwip/priv -I../Middlewares/Third_Party/LwIP/src/include/lwip/prot -I../Middlewares/Third_Party/LwIP/src/include/netif -I../Middlewares/Third_Party/LwIP/src/include/posix -I../Middlewares/Third_Party/LwIP/src/include/posix/sys -I../Middlewares/Third_Party/LwIP/system/arch -I../Drivers/CMSIS/Include -Os -ffunction-sections -fdata-sections -Wall -fstack-usage -MMD -MP -MF"Src/main.d" -MT"Src/main.o" --specs=nano.specs -mfpu=fpv4-sp-d16 -mfloat-abi=hard -mthumb -o "Src/main.o"
../Src/main.c: In function 'appendFile':
../Src/main.c:421:36: error: 'FA_CREATE_APPEND' undeclared (first use in this function); did you mean 'FA_CREATE_NEW'?
  421 |    FRESULT res = f_open(&file,name,FA_CREATE_APPEND|FA_WRITE);
      |                                    ^~~~~~~~~~~~~~~~
      |                                    FA_CREATE_NEW
../Src/main.c:421:36: note: each undeclared identifier is reported only once for each function it appears in
make[1]: *** [Src/subdir.mk:64: Src/main.o] Error 1
make: *** [makefile:75: all] Error 2
"make all" terminated with exit code 2. Build might be incomplete.
14:42:28 **** Incremental Build of configuration Debug for project nucleo-basic-v4 ****
make all 
arm-none-eabi-gcc -c "../Src/main.c" -mcpu=cortex-m4 -std=gnu11 -g3 '-D__weak=__attribute__((weak))' '-D__packed="__attribute__((__packed__))"' -DUSE_HAL_DRIVER -DSTM32F429xx -c -I../Inc -I../Middlewares/Third_Party/LwIP/src/include -I../Middlewares/Third_Party/LwIP/system -I../Drivers/STM32F4xx_HAL_Driver/Inc -I../Drivers/STM32F4xx_HAL_Driver/Inc/Legacy -I../Middlewares/Third_Party/FreeRTOS/Source/portable/GCC/ARM_CM4F -I../Middlewares/Third_Party/LwIP/src/include/netif/ppp -I../Middlewares/ST/STM32_USB_Host_Library/Core/Inc -I../Middlewares/ST/STM32_USB_Host_Library/Class/MSC/Inc -I../Drivers/CMSIS/Device/ST/STM32F4xx/Include -I../Middlewares/Third_Party/FatFs/src -I../Middlewares/Third_Party/FreeRTOS/Source/include -I../Middlewares/Third_Party/FreeRTOS/Source/CMSIS_RTOS -I../Middlewares/Third_Party/LwIP/src/include/lwip -I../Middlewares/Third_Party/LwIP/src/include/lwip/apps -I../Middlewares/Third_Party/LwIP/src/include/lwip/priv -I../Middlewares/Third_Party/LwIP/src/include/lwip/prot -I../Middlewares/Third_Party/LwIP/src/include/netif -I../Middlewares/Third_Party/LwIP/src/include/posix -I../Middlewares/Third_Party/LwIP/src/include/posix/sys -I../Middlewares/Third_Party/LwIP/system/arch -I../Drivers/CMSIS/Include -Os -ffunction-sections -fdata-sections -Wall -fstack-usage -MMD -MP -MF"Src/main.d" -MT"Src/main.o" --specs=nano.specs -mfpu=fpv4-sp-d16 -mfloat-abi=hard -mthumb -o "Src/main.o"
arm-none-eabi-gcc -o "nucleo-basic-v4.elf" @"objects.list"   -mcpu=cortex-m4 -T"../STM32F429ZI_FLASH.ld" --specs=nosys.specs -Wl,-Map="nucleo-basic-v4.map" -Wl,--gc-sections -static --specs=nano.specs -mfpu=fpv4-sp-d16 -mfloat-abi=hard -mthumb -Wl,--start-group -lc -lm -Wl,--end-group
Finished building target: nucleo-basic-v4.elf
 
arm-none-eabi-size   nucleo-basic-v4.elf 
   text	   data	    bss	    dec	    hex	filename
  82800	    160	  73368	 156328	  262a8	nucleo-basic-v4.elf
Finished building: default.size.stdout
 
arm-none-eabi-objdump -h -S  nucleo-basic-v4.elf  > "nucleo-basic-v4.list"
Finished building: nucleo-basic-v4.list
 
arm-none-eabi-objcopy  -O binary  nucleo-basic-v4.elf  "nucleo-basic-v4.bin"
Finished building: nucleo-basic-v4.bin
 
arm-none-eabi-objcopy -O ihex "nucleo-basic-v4.elf" "nucleo-basic-v4.hex"
 
14:44:32 **** Incremental Build of configuration Debug for project nucleo-basic-v4 ****
make all 
arm-none-eabi-gcc -c "../Src/main.c" -mcpu=cortex-m4 -std=gnu11 -g3 '-D__weak=__attribute__((weak))' '-D__packed="__attribute__((__packed__))"' -DUSE_HAL_DRIVER -DSTM32F429xx -c -I../Inc -I../Middlewares/Third_Party/LwIP/src/include -I../Middlewares/Third_Party/LwIP/system -I../Drivers/STM32F4xx_HAL_Driver/Inc -I../Drivers/STM32F4xx_HAL_Driver/Inc/Legacy -I../Middlewares/Third_Party/FreeRTOS/Source/portable/GCC/ARM_CM4F -I../Middlewares/Third_Party/LwIP/src/include/netif/ppp -I../Middlewares/ST/STM32_USB_Host_Library/Core/Inc -I../Middlewares/ST/STM32_USB_Host_Library/Class/MSC/Inc -I../Drivers/CMSIS/Device/ST/STM32F4xx/Include -I../Middlewares/Third_Party/FatFs/src -I../Middlewares/Third_Party/FreeRTOS/Source/include -I../Middlewares/Third_Party/FreeRTOS/Source/CMSIS_RTOS -I../Middlewares/Third_Party/LwIP/src/include/lwip -I../Middlewares/Third_Party/LwIP/src/include/lwip/apps -I../Middlewares/Third_Party/LwIP/src/include/lwip/priv -I../Middlewares/Third_Party/LwIP/src/include/lwip/prot -I../Middlewares/Third_Party/LwIP/src/include/netif -I../Middlewares/Third_Party/LwIP/src/include/posix -I../Middlewares/Third_Party/LwIP/src/include/posix/sys -I../Middlewares/Third_Party/LwIP/system/arch -I../Drivers/CMSIS/Include -Os -ffunction-sections -fdata-sections -Wall -fstack-usage -MMD -MP -MF"Src/main.d" -MT"Src/main.o" --specs=nano.specs -mfpu=fpv4-sp-d16 -mfloat-abi=hard -mthumb -o "Src/main.o"
arm-none-eabi-gcc -o "nucleo-basic-v4.elf" @"objects.list"   -mcpu=cortex-m4 -T"../STM32F429ZI_FLASH.ld" --specs=nosys.specs -Wl,-Map="nucleo-basic-v4.map" -Wl,--gc-sections -static --specs=nano.specs -mfpu=fpv4-sp-d16 -mfloat-abi=hard -mthumb -Wl,--start-group -lc -lm -Wl,--end-group
Finished building target: nucleo-basic-v4.elf
 
arm-none-eabi-size   nucleo-basic-v4.elf 
   text	   data	    bss	    dec	    hex	filename
  82812	    160	  73368	 156340	  262b4	nucleo-basic-v4.elf
Finished building: default.size.stdout
 
arm-none-eabi-objdump -h -S  nucleo-basic-v4.elf  > "nucleo-basic-v4.list"
Finished building: nucleo-basic-v4.list
 
arm-none-eabi-objcopy  -O binary  nucleo-basic-v4.elf  "nucleo-basic-v4.bin"
Finished building: nucleo-basic-v4.bin
 
arm-none-eabi-objcopy -O ihex "nucleo-basic-v4.elf" "nucleo-basic-v4.hex"
 
14:45:55 **** Incremental Build of configuration Debug for project nucleo-basic-v4 ****
make all 
arm-none-eabi-gcc -c "../Src/main.c" -mcpu=cortex-m4 -std=gnu11 -g3 '-D__weak=__attribute__((weak))' '-D__packed="__attribute__((__packed__))"' -DUSE_HAL_DRIVER -DSTM32F429xx -c -I../Inc -I../Middlewares/Third_Party/LwIP/src/include -I../Middlewares/Third_Party/LwIP/system -I../Drivers/STM32F4xx_HAL_Driver/Inc -I../Drivers/STM32F4xx_HAL_Driver/Inc/Legacy -I../Middlewares/Third_Party/FreeRTOS/Source/portable/GCC/ARM_CM4F -I../Middlewares/Third_Party/LwIP/src/include/netif/ppp -I../Middlewares/ST/STM32_USB_Host_Library/Core/Inc -I../Middlewares/ST/STM32_USB_Host_Library/Class/MSC/Inc -I../Drivers/CMSIS/Device/ST/STM32F4xx/Include -I../Middlewares/Third_Party/FatFs/src -I../Middlewares/Third_Party/FreeRTOS/Source/include -I../Middlewares/Third_Party/FreeRTOS/Source/CMSIS_RTOS -I../Middlewares/Third_Party/LwIP/src/include/lwip -I../Middlewares/Third_Party/LwIP/src/include/lwip/apps -I../Middlewares/Third_Party/LwIP/src/include/lwip/priv -I../Middlewares/Third_Party/LwIP/src/include/lwip/prot -I../Middlewares/Third_Party/LwIP/src/include/netif -I../Middlewares/Third_Party/LwIP/src/include/posix -I../Middlewares/Third_Party/LwIP/src/include/posix/sys -I../Middlewares/Third_Party/LwIP/system/arch -I../Drivers/CMSIS/Include -Os -ffunction-sections -fdata-sections -Wall -fstack-usage -MMD -MP -MF"Src/main.d" -MT"Src/main.o" --specs=nano.specs -mfpu=fpv4-sp-d16 -mfloat-abi=hard -mthumb -o "Src/main.o"
arm-none-eabi-gcc -o "nucleo-basic-v4.elf" @"objects.list"   -mcpu=cortex-m4 -T"../STM32F429ZI_FLASH.ld" --specs=nosys.specs -Wl,-Map="nucleo-basic-v4.map" -Wl,--gc-sections -static --specs=nano.specs -mfpu=fpv4-sp-d16 -mfloat-abi=hard -mthumb -Wl,--start-group -lc -lm -Wl,--end-group
Finished building target: nucleo-basic-v4.elf
 
arm-none-eabi-size   nucleo-basic-v4.elf 
   text	   data	    bss	    dec	    hex	filename
  82800	    160	  73368	 156328	  262a8	nucleo-basic-v4.elf
Finished building: default.size.stdout
 
arm-none-eabi-objdump -h -S  nucleo-basic-v4.elf  > "nucleo-basic-v4.list"
Finished building: nucleo-basic-v4.list
 
arm-none-eabi-objcopy  -O binary  nucleo-basic-v4.elf  "nucleo-basic-v4.bin"
Finished building: nucleo-basic-v4.bin
 
arm-none-eabi-objcopy -O ihex "nucleo-basic-v4.elf" "nucleo-basic-v4.hex"
 
14:46:00 **** Incremental Build of configuration Debug for project nucleo-basic-v4 ****
make all 
arm-none-eabi-gcc -c "../Src/main.c" -mcpu=cortex-m4 -std=gnu11 -g3 '-D__weak=__attribute__((weak))' '-D__packed="__attribute__((__packed__))"' -DUSE_HAL_DRIVER -DSTM32F429xx -c -I../Inc -I../Middlewares/Third_Party/LwIP/src/include -I../Middlewares/Third_Party/LwIP/system -I../Drivers/STM32F4xx_HAL_Driver/Inc -I../Drivers/STM32F4xx_HAL_Driver/Inc/Legacy -I../Middlewares/Third_Party/FreeRTOS/Source/portable/GCC/ARM_CM4F -I../Middlewares/Third_Party/LwIP/src/include/netif/ppp -I../Middlewares/ST/STM32_USB_Host_Library/Core/Inc -I../Middlewares/ST/STM32_USB_Host_Library/Class/MSC/Inc -I../Drivers/CMSIS/Device/ST/STM32F4xx/Include -I../Middlewares/Third_Party/FatFs/src -I../Middlewares/Third_Party/FreeRTOS/Source/include -I../Middlewares/Third_Party/FreeRTOS/Source/CMSIS_RTOS -I../Middlewares/Third_Party/LwIP/src/include/lwip -I../Middlewares/Third_Party/LwIP/src/include/lwip/apps -I../Middlewares/Third_Party/LwIP/src/include/lwip/priv -I../Middlewares/Third_Party/LwIP/src/include/lwip/prot -I../Middlewares/Third_Party/LwIP/src/include/netif -I../Middlewares/Third_Party/LwIP/src/include/posix -I../Middlewares/Third_Party/LwIP/src/include/posix/sys -I../Middlewares/Third_Party/LwIP/system/arch -I../Drivers/CMSIS/Include -Os -ffunction-sections -fdata-sections -Wall -fstack-usage -MMD -MP -MF"Src/main.d" -MT"Src/main.o" --specs=nano.specs -mfpu=fpv4-sp-d16 -mfloat-abi=hard -mthumb -o "Src/main.o"
arm-none-eabi-gcc -o "nucleo-basic-v4.elf" @"objects.list"   -mcpu=cortex-m4 -T"../STM32F429ZI_FLASH.ld" --specs=nosys.specs -Wl,-Map="nucleo-basic-v4.map" -Wl,--gc-sections -static --specs=nano.specs -mfpu=fpv4-sp-d16 -mfloat-abi=hard -mthumb -Wl,--start-group -lc -lm -Wl,--end-group
Finished building target: nucleo-basic-v4.elf
 
arm-none-eabi-size   nucleo-basic-v4.elf 
   text	   data	    bss	    dec	    hex	filename
  82800	    160	  73368	 156328	  262a8	nucleo-basic-v4.elf
Finished building: default.size.stdout
 
arm-none-eabi-objdump -h -S  nucleo-basic-v4.elf  > "nucleo-basic-v4.list"
Finished building: nucleo-basic-v4.list
 
arm-none-eabi-objcopy  -O binary  nucleo-basic-v4.elf  "nucleo-basic-v4.bin"
Finished building: nucleo-basic-v4.bin
 
arm-none-eabi-objcopy -O ihex "nucleo-basic-v4.elf" "nucleo-basic-v4.hex"
 
14:46:56 **** Incremental Build of configuration Debug for project nucleo-basic-v4 ****
make all 
arm-none-eabi-gcc -c "../Src/main.c" -mcpu=cortex-m4 -std=gnu11 -g3 '-D__weak=__attribute__((weak))' '-D__packed="__attribute__((__packed__))"' -DUSE_HAL_DRIVER -DSTM32F429xx -c -I../Inc -I../Middlewares/Third_Party/LwIP/src/include -I../Middlewares/Third_Party/LwIP/system -I../Drivers/STM32F4xx_HAL_Driver/Inc -I../Drivers/STM32F4xx_HAL_Driver/Inc/Legacy -I../Middlewares/Third_Party/FreeRTOS/Source/portable/GCC/ARM_CM4F -I../Middlewares/Third_Party/LwIP/src/include/netif/ppp -I../Middlewares/ST/STM32_USB_Host_Library/Core/Inc -I../Middlewares/ST/STM32_USB_Host_Library/Class/MSC/Inc -I../Drivers/CMSIS/Device/ST/STM32F4xx/Include -I../Middlewares/Third_Party/FatFs/src -I../Middlewares/Third_Party/FreeRTOS/Source/include -I../Middlewares/Third_Party/FreeRTOS/Source/CMSIS_RTOS -I../Middlewares/Third_Party/LwIP/src/include/lwip -I../Middlewares/Third_Party/LwIP/src/include/lwip/apps -I../Middlewares/Third_Party/LwIP/src/include/lwip/priv -I../Middlewares/Third_Party/LwIP/src/include/lwip/prot -I../Middlewares/Third_Party/LwIP/src/include/netif -I../Middlewares/Third_Party/LwIP/src/include/posix -I../Middlewares/Third_Party/LwIP/src/include/posix/sys -I../Middlewares/Third_Party/LwIP/system/arch -I../Drivers/CMSIS/Include -Os -ffunction-sections -fdata-sections -Wall -fstack-usage -MMD -MP -MF"Src/main.d" -MT"Src/main.o" --specs=nano.specs -mfpu=fpv4-sp-d16 -mfloat-abi=hard -mthumb -o "Src/main.o"
arm-none-eabi-gcc -o "nucleo-basic-v4.elf" @"objects.list"   -mcpu=cortex-m4 -T"../STM32F429ZI_FLASH.ld" --specs=nosys.specs -Wl,-Map="nucleo-basic-v4.map" -Wl,--gc-sections -static --specs=nano.specs -mfpu=fpv4-sp-d16 -mfloat-abi=hard -mthumb -Wl,--start-group -lc -lm -Wl,--end-group
Finished building target: nucleo-basic-v4.elf
 
arm-none-eabi-size   nucleo-basic-v4.elf 
   text	   data	    bss	    dec	    hex	filename
  82800	    160	  73368	 156328	  262a8	nucleo-basic-v4.elf
Finished building: default.size.stdout
 
arm-none-eabi-objdump -h -S  nucleo-basic-v4.elf  > "nucleo-basic-v4.list"
Finished building: nucleo-basic-v4.list
 
arm-none-eabi-objcopy  -O binary  nucleo-basic-v4.elf  "nucleo-basic-v4.bin"
Finished building: nucleo-basic-v4.bin
 
arm-none-eabi-objcopy -O ihex "nucleo-basic-v4.elf" "nucleo-basic-v4.hex"
 
14:51:31 **** Incremental Build of configuration Debug for project nucleo-basic-v4 ****
make all 
arm-none-eabi-gcc -c "../Src/main.c" -mcpu=cortex-m4 -std=gnu11 -g3 '-D__weak=__attribute__((weak))' '-D__packed="__attribute__((__packed__))"' -DUSE_HAL_DRIVER -DSTM32F429xx -c -I../Inc -I../Middlewares/Third_Party/LwIP/src/include -I../Middlewares/Third_Party/LwIP/system -I../Drivers/STM32F4xx_HAL_Driver/Inc -I../Drivers/STM32F4xx_HAL_Driver/Inc/Legacy -I../Middlewares/Third_Party/FreeRTOS/Source/portable/GCC/ARM_CM4F -I../Middlewares/Third_Party/LwIP/src/include/netif/ppp -I../Middlewares/ST/STM32_USB_Host_Library/Core/Inc -I../Middlewares/ST/STM32_USB_Host_Library/Class/MSC/Inc -I../Drivers/CMSIS/Device/ST/STM32F4xx/Include -I../Middlewares/Third_Party/FatFs/src -I../Middlewares/Third_Party/FreeRTOS/Source/include -I../Middlewares/Third_Party/FreeRTOS/Source/CMSIS_RTOS -I../Middlewares/Third_Party/LwIP/src/include/lwip -I../Middlewares/Third_Party/LwIP/src/include/lwip/apps -I../Middlewares/Third_Party/LwIP/src/include/lwip/priv -I../Middlewares/Third_Party/LwIP/src/include/lwip/prot -I../Middlewares/Third_Party/LwIP/src/include/netif -I../Middlewares/Third_Party/LwIP/src/include/posix -I../Middlewares/Third_Party/LwIP/src/include/posix/sys -I../Middlewares/Third_Party/LwIP/system/arch -I../Drivers/CMSIS/Include -Os -ffunction-sections -fdata-sections -Wall -fstack-usage -MMD -MP -MF"Src/main.d" -MT"Src/main.o" --specs=nano.specs -mfpu=fpv4-sp-d16 -mfloat-abi=hard -mthumb -o "Src/main.o"
arm-none-eabi-gcc -o "nucleo-basic-v4.elf" @"objects.list"   -mcpu=cortex-m4 -T"../STM32F429ZI_FLASH.ld" --specs=nosys.specs -Wl,-Map="nucleo-basic-v4.map" -Wl,--gc-sections -static --specs=nano.specs -mfpu=fpv4-sp-d16 -mfloat-abi=hard -mthumb -Wl,--start-group -lc -lm -Wl,--end-group
Finished building target: nucleo-basic-v4.elf
 
arm-none-eabi-size   nucleo-basic-v4.elf 
   text	   data	    bss	    dec	    hex	filename
  82996	    160	  73368	 156524	  2636c	nucleo-basic-v4.elf
Finished building: default.size.stdout
 
arm-none-eabi-objdump -h -S  nucleo-basic-v4.elf  > "nucleo-basic-v4.list"
Finished building: nucleo-basic-v4.list
 
arm-none-eabi-objcopy  -O binary  nucleo-basic-v4.elf  "nucleo-basic-v4.bin"
Finished building: nucleo-basic-v4.bin
 
arm-none-eabi-objcopy -O ihex "nucleo-basic-v4.elf" "nucleo-basic-v4.hex"
 
14:52:16 **** Incremental Build of configuration Debug for project nucleo-basic-v4 ****
make all 
arm-none-eabi-gcc -c "../Src/main.c" -mcpu=cortex-m4 -std=gnu11 -g3 '-D__weak=__attribute__((weak))' '-D__packed="__attribute__((__packed__))"' -DUSE_HAL_DRIVER -DSTM32F429xx -c -I../Inc -I../Middlewares/Third_Party/LwIP/src/include -I../Middlewares/Third_Party/LwIP/system -I../Drivers/STM32F4xx_HAL_Driver/Inc -I../Drivers/STM32F4xx_HAL_Driver/Inc/Legacy -I../Middlewares/Third_Party/FreeRTOS/Source/portable/GCC/ARM_CM4F -I../Middlewares/Third_Party/LwIP/src/include/netif/ppp -I../Middlewares/ST/STM32_USB_Host_Library/Core/Inc -I../Middlewares/ST/STM32_USB_Host_Library/Class/MSC/Inc -I../Drivers/CMSIS/Device/ST/STM32F4xx/Include -I../Middlewares/Third_Party/FatFs/src -I../Middlewares/Third_Party/FreeRTOS/Source/include -I../Middlewares/Third_Party/FreeRTOS/Source/CMSIS_RTOS -I../Middlewares/Third_Party/LwIP/src/include/lwip -I../Middlewares/Third_Party/LwIP/src/include/lwip/apps -I../Middlewares/Third_Party/LwIP/src/include/lwip/priv -I../Middlewares/Third_Party/LwIP/src/include/lwip/prot -I../Middlewares/Third_Party/LwIP/src/include/netif -I../Middlewares/Third_Party/LwIP/src/include/posix -I../Middlewares/Third_Party/LwIP/src/include/posix/sys -I../Middlewares/Third_Party/LwIP/system/arch -I../Drivers/CMSIS/Include -Os -ffunction-sections -fdata-sections -Wall -fstack-usage -MMD -MP -MF"Src/main.d" -MT"Src/main.o" --specs=nano.specs -mfpu=fpv4-sp-d16 -mfloat-abi=hard -mthumb -o "Src/main.o"
../Src/main.c: In function 'createFile':
../Src/main.c:408:8: warning: unused variable 'bw' [-Wunused-variable]
  408 |   UINT bw;
      |        ^~
arm-none-eabi-gcc -o "nucleo-basic-v4.elf" @"objects.list"   -mcpu=cortex-m4 -T"../STM32F429ZI_FLASH.ld" --specs=nosys.specs -Wl,-Map="nucleo-basic-v4.map" -Wl,--gc-sections -static --specs=nano.specs -mfpu=fpv4-sp-d16 -mfloat-abi=hard -mthumb -Wl,--start-group -lc -lm -Wl,--end-group
Finished building target: nucleo-basic-v4.elf
 
arm-none-eabi-size   nucleo-basic-v4.elf 
   text	   data	    bss	    dec	    hex	filename
  82896	    160	  73368	 156424	  26308	nucleo-basic-v4.elf
Finished building: default.size.stdout
 
arm-none-eabi-objdump -h -S  nucleo-basic-v4.elf  > "nucleo-basic-v4.list"
Finished building: nucleo-basic-v4.list
 
arm-none-eabi-objcopy  -O binary  nucleo-basic-v4.elf  "nucleo-basic-v4.bin"
Finished building: nucleo-basic-v4.bin
 
arm-none-eabi-objcopy -O ihex "nucleo-basic-v4.elf" "nucleo-basic-v4.hex"
 
14:53:03 **** Incremental Build of configuration Debug for project nucleo-basic-v4 ****
make all 
arm-none-eabi-gcc -c "../Src/main.c" -mcpu=cortex-m4 -std=gnu11 -g3 '-D__weak=__attribute__((weak))' '-D__packed="__attribute__((__packed__))"' -DUSE_HAL_DRIVER -DSTM32F429xx -c -I../Inc -I../Middlewares/Third_Party/LwIP/src/include -I../Middlewares/Third_Party/LwIP/system -I../Drivers/STM32F4xx_HAL_Driver/Inc -I../Drivers/STM32F4xx_HAL_Driver/Inc/Legacy -I../Middlewares/Third_Party/FreeRTOS/Source/portable/GCC/ARM_CM4F -I../Middlewares/Third_Party/LwIP/src/include/netif/ppp -I../Middlewares/ST/STM32_USB_Host_Library/Core/Inc -I../Middlewares/ST/STM32_USB_Host_Library/Class/MSC/Inc -I../Drivers/CMSIS/Device/ST/STM32F4xx/Include -I../Middlewares/Third_Party/FatFs/src -I../Middlewares/Third_Party/FreeRTOS/Source/include -I../Middlewares/Third_Party/FreeRTOS/Source/CMSIS_RTOS -I../Middlewares/Third_Party/LwIP/src/include/lwip -I../Middlewares/Third_Party/LwIP/src/include/lwip/apps -I../Middlewares/Third_Party/LwIP/src/include/lwip/priv -I../Middlewares/Third_Party/LwIP/src/include/lwip/prot -I../Middlewares/Third_Party/LwIP/src/include/netif -I../Middlewares/Third_Party/LwIP/src/include/posix -I../Middlewares/Third_Party/LwIP/src/include/posix/sys -I../Middlewares/Third_Party/LwIP/system/arch -I../Drivers/CMSIS/Include -Os -ffunction-sections -fdata-sections -Wall -fstack-usage -MMD -MP -MF"Src/main.d" -MT"Src/main.o" --specs=nano.specs -mfpu=fpv4-sp-d16 -mfloat-abi=hard -mthumb -o "Src/main.o"
arm-none-eabi-gcc -o "nucleo-basic-v4.elf" @"objects.list"   -mcpu=cortex-m4 -T"../STM32F429ZI_FLASH.ld" --specs=nosys.specs -Wl,-Map="nucleo-basic-v4.map" -Wl,--gc-sections -static --specs=nano.specs -mfpu=fpv4-sp-d16 -mfloat-abi=hard -mthumb -Wl,--start-group -lc -lm -Wl,--end-group
Finished building target: nucleo-basic-v4.elf
 
arm-none-eabi-size   nucleo-basic-v4.elf 
   text	   data	    bss	    dec	    hex	filename
  82800	    160	  73368	 156328	  262a8	nucleo-basic-v4.elf
Finished building: default.size.stdout
 
arm-none-eabi-objdump -h -S  nucleo-basic-v4.elf  > "nucleo-basic-v4.list"
Finished building: nucleo-basic-v4.list
 
arm-none-eabi-objcopy  -O binary  nucleo-basic-v4.elf  "nucleo-basic-v4.bin"
Finished building: nucleo-basic-v4.bin
 
arm-none-eabi-objcopy -O ihex "nucleo-basic-v4.elf" "nucleo-basic-v4.hex"
 
14:53:49 **** Incremental Build of configuration Debug for project nucleo-basic-v4 ****
make all 
arm-none-eabi-gcc -c "../Src/main.c" -mcpu=cortex-m4 -std=gnu11 -g3 '-D__weak=__attribute__((weak))' '-D__packed="__attribute__((__packed__))"' -DUSE_HAL_DRIVER -DSTM32F429xx -c -I../Inc -I../Middlewares/Third_Party/LwIP/src/include -I../Middlewares/Third_Party/LwIP/system -I../Drivers/STM32F4xx_HAL_Driver/Inc -I../Drivers/STM32F4xx_HAL_Driver/Inc/Legacy -I../Middlewares/Third_Party/FreeRTOS/Source/portable/GCC/ARM_CM4F -I../Middlewares/Third_Party/LwIP/src/include/netif/ppp -I../Middlewares/ST/STM32_USB_Host_Library/Core/Inc -I../Middlewares/ST/STM32_USB_Host_Library/Class/MSC/Inc -I../Drivers/CMSIS/Device/ST/STM32F4xx/Include -I../Middlewares/Third_Party/FatFs/src -I../Middlewares/Third_Party/FreeRTOS/Source/include -I../Middlewares/Third_Party/FreeRTOS/Source/CMSIS_RTOS -I../Middlewares/Third_Party/LwIP/src/include/lwip -I../Middlewares/Third_Party/LwIP/src/include/lwip/apps -I../Middlewares/Third_Party/LwIP/src/include/lwip/priv -I../Middlewares/Third_Party/LwIP/src/include/lwip/prot -I../Middlewares/Third_Party/LwIP/src/include/netif -I../Middlewares/Third_Party/LwIP/src/include/posix -I../Middlewares/Third_Party/LwIP/src/include/posix/sys -I../Middlewares/Third_Party/LwIP/system/arch -I../Drivers/CMSIS/Include -Os -ffunction-sections -fdata-sections -Wall -fstack-usage -MMD -MP -MF"Src/main.d" -MT"Src/main.o" --specs=nano.specs -mfpu=fpv4-sp-d16 -mfloat-abi=hard -mthumb -o "Src/main.o"
arm-none-eabi-gcc -o "nucleo-basic-v4.elf" @"objects.list"   -mcpu=cortex-m4 -T"../STM32F429ZI_FLASH.ld" --specs=nosys.specs -Wl,-Map="nucleo-basic-v4.map" -Wl,--gc-sections -static --specs=nano.specs -mfpu=fpv4-sp-d16 -mfloat-abi=hard -mthumb -Wl,--start-group -lc -lm -Wl,--end-group
Finished building target: nucleo-basic-v4.elf
 
arm-none-eabi-size   nucleo-basic-v4.elf 
   text	   data	    bss	    dec	    hex	filename
  82800	    160	  73368	 156328	  262a8	nucleo-basic-v4.elf
Finished building: default.size.stdout
 
arm-none-eabi-objdump -h -S  nucleo-basic-v4.elf  > "nucleo-basic-v4.list"
Finished building: nucleo-basic-v4.list
 
arm-none-eabi-objcopy  -O binary  nucleo-basic-v4.elf  "nucleo-basic-v4.bin"
Finished building: nucleo-basic-v4.bin
 
arm-none-eabi-objcopy -O ihex "nucleo-basic-v4.elf" "nucleo-basic-v4.hex"
 
11:43:35 **** Incremental Build of configuration Debug for project nucleo-basic-v4 ****
make all 
arm-none-eabi-size   nucleo-basic-v4.elf 
   text	   data	    bss	    dec	    hex	filename
  82800	    160	  73368	 156328	  262a8	nucleo-basic-v4.elf
Finished building: default.size.stdout
 
arm-none-eabi-objcopy -O ihex "nucleo-basic-v4.elf" "nucleo-basic-v4.hex"
 
11:43:37 **** Incremental Build of configuration Debug for project nucleo-basic-v4 ****
make all 
arm-none-eabi-size   nucleo-basic-v4.elf 
   text	   data	    bss	    dec	    hex	filename
  82800	    160	  73368	 156328	  262a8	nucleo-basic-v4.elf
Finished building: default.size.stdout
 
arm-none-eabi-objcopy -O ihex "nucleo-basic-v4.elf" "nucleo-basic-v4.hex"
 
11:44:02 **** Incremental Build of configuration Debug for project nucleo-basic-v4 ****
make all 
arm-none-eabi-size   nucleo-basic-v4.elf 
   text	   data	    bss	    dec	    hex	filename
  82800	    160	  73368	 156328	  262a8	nucleo-basic-v4.elf
Finished building: default.size.stdout
 
arm-none-eabi-objcopy -O ihex "nucleo-basic-v4.elf" "nucleo-basic-v4.hex"
 
11:45:03 **** Incremental Build of configuration Debug for project nucleo-basic-v4 ****
make all 
arm-none-eabi-size   nucleo-basic-v4.elf 
   text	   data	    bss	    dec	    hex	filename
  82800	    160	  73368	 156328	  262a8	nucleo-basic-v4.elf
Finished building: default.size.stdout
 
arm-none-eabi-objcopy -O ihex "nucleo-basic-v4.elf" "nucleo-basic-v4.hex"
 
12:12:40 **** Build of configuration Debug for project nucleo-basic-v4 ****
make all 
arm-none-eabi-gcc -c "../Src/main.c" -mcpu=cortex-m4 -std=gnu11 -g3 '-D__weak=__attribute__((weak))' '-D__packed="__attribute__((__packed__))"' -DUSE_HAL_DRIVER -DSTM32F429xx -c -I../Inc -I../Middlewares/Third_Party/LwIP/src/include -I../Middlewares/Third_Party/LwIP/system -I../Drivers/STM32F4xx_HAL_Driver/Inc -I../Drivers/STM32F4xx_HAL_Driver/Inc/Legacy -I../Middlewares/Third_Party/FreeRTOS/Source/portable/GCC/ARM_CM4F -I../Middlewares/Third_Party/LwIP/src/include/netif/ppp -I../Middlewares/ST/STM32_USB_Host_Library/Core/Inc -I../Middlewares/ST/STM32_USB_Host_Library/Class/MSC/Inc -I../Drivers/CMSIS/Device/ST/STM32F4xx/Include -I../Middlewares/Third_Party/FatFs/src -I../Middlewares/Third_Party/FreeRTOS/Source/include -I../Middlewares/Third_Party/FreeRTOS/Source/CMSIS_RTOS -I../Middlewares/Third_Party/LwIP/src/include/lwip -I../Middlewares/Third_Party/LwIP/src/include/lwip/apps -I../Middlewares/Third_Party/LwIP/src/include/lwip/priv -I../Middlewares/Third_Party/LwIP/src/include/lwip/prot -I../Middlewares/Third_Party/LwIP/src/include/netif -I../Middlewares/Third_Party/LwIP/src/include/posix -I../Middlewares/Third_Party/LwIP/src/include/posix/sys -I../Middlewares/Third_Party/LwIP/system/arch -I../Drivers/CMSIS/Include -Os -ffunction-sections -fdata-sections -Wall -fstack-usage -MMD -MP -MF"Src/main.d" -MT"Src/main.o" --specs=nano.specs -mfpu=fpv4-sp-d16 -mfloat-abi=hard -mthumb -o "Src/main.o"
../Src/main.c: In function 'createFile':
../Src/main.c:408:16: error: 'FA_OK' undeclared (first use in this function); did you mean 'FR_OK'?
  408 |  if (result != FA_OK){
      |                ^~~~~
      |                FR_OK
../Src/main.c:408:16: note: each undeclared identifier is reported only once for each function it appears in
../Src/main.c:411:13: error: assignment to expression with array type
  411 |   fs_buffer = "Kot dalej jest na pendrive\n";
      |             ^
../Src/main.c:413:27: error: 'fs_buffor' undeclared (first use in this function); did you mean 'fs_buffer'?
  413 |   result = f_write(&file, fs_buffor, strlen(fs_buffer), &bytes_written);
      |                           ^~~~~~~~~
      |                           fs_buffer
../Src/main.c:413:45: warning: pointer targets in passing argument 1 of 'strlen' differ in signedness [-Wpointer-sign]
  413 |   result = f_write(&file, fs_buffor, strlen(fs_buffer), &bytes_written);
      |                                             ^~~~~~~~~
      |                                             |
      |                                             uint8_t * {aka unsigned char *}
In file included from ../Inc/usbh_conf.h:55,
                 from ../Middlewares/ST/STM32_USB_Host_Library/Core/Inc/usbh_core.h:37,
                 from ../Inc/ffconf.h:56,
                 from ../Middlewares/Third_Party/FatFs/src/ff.h:29,
                 from ../Inc/fatfs.h:56,
                 from ../Src/main.c:53:
/opt/st/stm32cubeide_1.7.0/plugins/com.st.stm32cube.ide.mcu.externaltools.gnu-tools-for-stm32.9-2020-q2-update.linux64_2.0.0.202105311346/tools/arm-none-eabi/include/string.h:41:17: note: expected 'const char *' but argument is of type 'uint8_t *' {aka 'unsigned char *'}
   41 | size_t  strlen (const char *);
      |                 ^~~~~~~~~~~~
../Src/main.c:415:13: warning: pointer targets in passing argument 1 of 'strlen' differ in signedness [-Wpointer-sign]
  415 |   if(strlen(fs_buffer) != bytes_written){
      |             ^~~~~~~~~
      |             |
      |             uint8_t * {aka unsigned char *}
In file included from ../Inc/usbh_conf.h:55,
                 from ../Middlewares/ST/STM32_USB_Host_Library/Core/Inc/usbh_core.h:37,
                 from ../Inc/ffconf.h:56,
                 from ../Middlewares/Third_Party/FatFs/src/ff.h:29,
                 from ../Inc/fatfs.h:56,
                 from ../Src/main.c:53:
/opt/st/stm32cubeide_1.7.0/plugins/com.st.stm32cube.ide.mcu.externaltools.gnu-tools-for-stm32.9-2020-q2-update.linux64_2.0.0.202105311346/tools/arm-none-eabi/include/string.h:41:17: note: expected 'const char *' but argument is of type 'uint8_t *' {aka 'unsigned char *'}
   41 | size_t  strlen (const char *);
      |                 ^~~~~~~~~~~~
make[1]: *** [Src/subdir.mk:64: Src/main.o] Error 1
make: *** [makefile:75: all] Error 2
"make all" terminated with exit code 2. Build might be incomplete.
12:13:59 **** Incremental Build of configuration Debug for project nucleo-basic-v4 ****
make all 
arm-none-eabi-gcc -c "../Src/main.c" -mcpu=cortex-m4 -std=gnu11 -g3 '-D__weak=__attribute__((weak))' '-D__packed="__attribute__((__packed__))"' -DUSE_HAL_DRIVER -DSTM32F429xx -c -I../Inc -I../Middlewares/Third_Party/LwIP/src/include -I../Middlewares/Third_Party/LwIP/system -I../Drivers/STM32F4xx_HAL_Driver/Inc -I../Drivers/STM32F4xx_HAL_Driver/Inc/Legacy -I../Middlewares/Third_Party/FreeRTOS/Source/portable/GCC/ARM_CM4F -I../Middlewares/Third_Party/LwIP/src/include/netif/ppp -I../Middlewares/ST/STM32_USB_Host_Library/Core/Inc -I../Middlewares/ST/STM32_USB_Host_Library/Class/MSC/Inc -I../Drivers/CMSIS/Device/ST/STM32F4xx/Include -I../Middlewares/Third_Party/FatFs/src -I../Middlewares/Third_Party/FreeRTOS/Source/include -I../Middlewares/Third_Party/FreeRTOS/Source/CMSIS_RTOS -I../Middlewares/Third_Party/LwIP/src/include/lwip -I../Middlewares/Third_Party/LwIP/src/include/lwip/apps -I../Middlewares/Third_Party/LwIP/src/include/lwip/priv -I../Middlewares/Third_Party/LwIP/src/include/lwip/prot -I../Middlewares/Third_Party/LwIP/src/include/netif -I../Middlewares/Third_Party/LwIP/src/include/posix -I../Middlewares/Third_Party/LwIP/src/include/posix/sys -I../Middlewares/Third_Party/LwIP/system/arch -I../Drivers/CMSIS/Include -Os -ffunction-sections -fdata-sections -Wall -fstack-usage -MMD -MP -MF"Src/main.d" -MT"Src/main.o" --specs=nano.specs -mfpu=fpv4-sp-d16 -mfloat-abi=hard -mthumb -o "Src/main.o"
../Src/main.c: In function 'createFile':
../Src/main.c:411:13: error: expected expression before ']' token
  411 |   fs_buffer[] = "Kot dalej jest na pendrive\n";
      |             ^
../Src/main.c:413:45: warning: pointer targets in passing argument 1 of 'strlen' differ in signedness [-Wpointer-sign]
  413 |   result = f_write(&file, fs_buffer, strlen(fs_buffer), &bytes_written);
      |                                             ^~~~~~~~~
      |                                             |
      |                                             uint8_t * {aka unsigned char *}
In file included from ../Inc/usbh_conf.h:55,
                 from ../Middlewares/ST/STM32_USB_Host_Library/Core/Inc/usbh_core.h:37,
                 from ../Inc/ffconf.h:56,
                 from ../Middlewares/Third_Party/FatFs/src/ff.h:29,
                 from ../Inc/fatfs.h:56,
                 from ../Src/main.c:53:
/opt/st/stm32cubeide_1.7.0/plugins/com.st.stm32cube.ide.mcu.externaltools.gnu-tools-for-stm32.9-2020-q2-update.linux64_2.0.0.202105311346/tools/arm-none-eabi/include/string.h:41:17: note: expected 'const char *' but argument is of type 'uint8_t *' {aka 'unsigned char *'}
   41 | size_t  strlen (const char *);
      |                 ^~~~~~~~~~~~
../Src/main.c:415:13: warning: pointer targets in passing argument 1 of 'strlen' differ in signedness [-Wpointer-sign]
  415 |   if(strlen(fs_buffer) != bytes_written){
      |             ^~~~~~~~~
      |             |
      |             uint8_t * {aka unsigned char *}
In file included from ../Inc/usbh_conf.h:55,
                 from ../Middlewares/ST/STM32_USB_Host_Library/Core/Inc/usbh_core.h:37,
                 from ../Inc/ffconf.h:56,
                 from ../Middlewares/Third_Party/FatFs/src/ff.h:29,
                 from ../Inc/fatfs.h:56,
                 from ../Src/main.c:53:
/opt/st/stm32cubeide_1.7.0/plugins/com.st.stm32cube.ide.mcu.externaltools.gnu-tools-for-stm32.9-2020-q2-update.linux64_2.0.0.202105311346/tools/arm-none-eabi/include/string.h:41:17: note: expected 'const char *' but argument is of type 'uint8_t *' {aka 'unsigned char *'}
   41 | size_t  strlen (const char *);
      |                 ^~~~~~~~~~~~
../Src/main.c:419:17: error: 'FA_OK' undeclared (first use in this function); did you mean 'FR_OK'?
  419 |   if (result != FA_OK){
      |                 ^~~~~
      |                 FR_OK
../Src/main.c:419:17: note: each undeclared identifier is reported only once for each function it appears in
make[1]: *** [Src/subdir.mk:64: Src/main.o] Error 1
make: *** [makefile:75: all] Error 2
"make all" terminated with exit code 2. Build might be incomplete.
12:15:13 **** Incremental Build of configuration Debug for project nucleo-basic-v4 ****
make all 
arm-none-eabi-gcc -c "../Src/main.c" -mcpu=cortex-m4 -std=gnu11 -g3 '-D__weak=__attribute__((weak))' '-D__packed="__attribute__((__packed__))"' -DUSE_HAL_DRIVER -DSTM32F429xx -c -I../Inc -I../Middlewares/Third_Party/LwIP/src/include -I../Middlewares/Third_Party/LwIP/system -I../Drivers/STM32F4xx_HAL_Driver/Inc -I../Drivers/STM32F4xx_HAL_Driver/Inc/Legacy -I../Middlewares/Third_Party/FreeRTOS/Source/portable/GCC/ARM_CM4F -I../Middlewares/Third_Party/LwIP/src/include/netif/ppp -I../Middlewares/ST/STM32_USB_Host_Library/Core/Inc -I../Middlewares/ST/STM32_USB_Host_Library/Class/MSC/Inc -I../Drivers/CMSIS/Device/ST/STM32F4xx/Include -I../Middlewares/Third_Party/FatFs/src -I../Middlewares/Third_Party/FreeRTOS/Source/include -I../Middlewares/Third_Party/FreeRTOS/Source/CMSIS_RTOS -I../Middlewares/Third_Party/LwIP/src/include/lwip -I../Middlewares/Third_Party/LwIP/src/include/lwip/apps -I../Middlewares/Third_Party/LwIP/src/include/lwip/priv -I../Middlewares/Third_Party/LwIP/src/include/lwip/prot -I../Middlewares/Third_Party/LwIP/src/include/netif -I../Middlewares/Third_Party/LwIP/src/include/posix -I../Middlewares/Third_Party/LwIP/src/include/posix/sys -I../Middlewares/Third_Party/LwIP/system/arch -I../Drivers/CMSIS/Include -Os -ffunction-sections -fdata-sections -Wall -fstack-usage -MMD -MP -MF"Src/main.d" -MT"Src/main.o" --specs=nano.specs -mfpu=fpv4-sp-d16 -mfloat-abi=hard -mthumb -o "Src/main.o"
arm-none-eabi-gcc -o "nucleo-basic-v4.elf" @"objects.list"   -mcpu=cortex-m4 -T"../STM32F429ZI_FLASH.ld" --specs=nosys.specs -Wl,-Map="nucleo-basic-v4.map" -Wl,--gc-sections -static --specs=nano.specs -mfpu=fpv4-sp-d16 -mfloat-abi=hard -mthumb -Wl,--start-group -lc -lm -Wl,--end-group
Finished building target: nucleo-basic-v4.elf
 
arm-none-eabi-size   nucleo-basic-v4.elf 
   text	   data	    bss	    dec	    hex	filename
  81628	    160	  73368	 155156	  25e14	nucleo-basic-v4.elf
Finished building: default.size.stdout
 
arm-none-eabi-objdump -h -S  nucleo-basic-v4.elf  > "nucleo-basic-v4.list"
Finished building: nucleo-basic-v4.list
 
arm-none-eabi-objcopy  -O binary  nucleo-basic-v4.elf  "nucleo-basic-v4.bin"
Finished building: nucleo-basic-v4.bin
 
arm-none-eabi-objcopy -O ihex "nucleo-basic-v4.elf" "nucleo-basic-v4.hex"
 
12:17:58 **** Incremental Build of configuration Debug for project nucleo-basic-v4 ****
make all 
arm-none-eabi-gcc -c "../Src/main.c" -mcpu=cortex-m4 -std=gnu11 -g3 '-D__weak=__attribute__((weak))' '-D__packed="__attribute__((__packed__))"' -DUSE_HAL_DRIVER -DSTM32F429xx -c -I../Inc -I../Middlewares/Third_Party/LwIP/src/include -I../Middlewares/Third_Party/LwIP/system -I../Drivers/STM32F4xx_HAL_Driver/Inc -I../Drivers/STM32F4xx_HAL_Driver/Inc/Legacy -I../Middlewares/Third_Party/FreeRTOS/Source/portable/GCC/ARM_CM4F -I../Middlewares/Third_Party/LwIP/src/include/netif/ppp -I../Middlewares/ST/STM32_USB_Host_Library/Core/Inc -I../Middlewares/ST/STM32_USB_Host_Library/Class/MSC/Inc -I../Drivers/CMSIS/Device/ST/STM32F4xx/Include -I../Middlewares/Third_Party/FatFs/src -I../Middlewares/Third_Party/FreeRTOS/Source/include -I../Middlewares/Third_Party/FreeRTOS/Source/CMSIS_RTOS -I../Middlewares/Third_Party/LwIP/src/include/lwip -I../Middlewares/Third_Party/LwIP/src/include/lwip/apps -I../Middlewares/Third_Party/LwIP/src/include/lwip/priv -I../Middlewares/Third_Party/LwIP/src/include/lwip/prot -I../Middlewares/Third_Party/LwIP/src/include/netif -I../Middlewares/Third_Party/LwIP/src/include/posix -I../Middlewares/Third_Party/LwIP/src/include/posix/sys -I../Middlewares/Third_Party/LwIP/system/arch -I../Drivers/CMSIS/Include -Os -ffunction-sections -fdata-sections -Wall -fstack-usage -MMD -MP -MF"Src/main.d" -MT"Src/main.o" --specs=nano.specs -mfpu=fpv4-sp-d16 -mfloat-abi=hard -mthumb -o "Src/main.o"
arm-none-eabi-gcc -o "nucleo-basic-v4.elf" @"objects.list"   -mcpu=cortex-m4 -T"../STM32F429ZI_FLASH.ld" --specs=nosys.specs -Wl,-Map="nucleo-basic-v4.map" -Wl,--gc-sections -static --specs=nano.specs -mfpu=fpv4-sp-d16 -mfloat-abi=hard -mthumb -Wl,--start-group -lc -lm -Wl,--end-group
Finished building target: nucleo-basic-v4.elf
 
arm-none-eabi-size   nucleo-basic-v4.elf 
   text	   data	    bss	    dec	    hex	filename
  81636	    160	  73368	 155164	  25e1c	nucleo-basic-v4.elf
Finished building: default.size.stdout
 
arm-none-eabi-objdump -h -S  nucleo-basic-v4.elf  > "nucleo-basic-v4.list"
Finished building: nucleo-basic-v4.list
 
arm-none-eabi-objcopy  -O binary  nucleo-basic-v4.elf  "nucleo-basic-v4.bin"
Finished building: nucleo-basic-v4.bin
 
arm-none-eabi-objcopy -O ihex "nucleo-basic-v4.elf" "nucleo-basic-v4.hex"
 
12:20:36 **** Incremental Build of configuration Debug for project nucleo-basic-v4 ****
make all 
arm-none-eabi-gcc -c "../Src/main.c" -mcpu=cortex-m4 -std=gnu11 -g3 '-D__weak=__attribute__((weak))' '-D__packed="__attribute__((__packed__))"' -DUSE_HAL_DRIVER -DSTM32F429xx -c -I../Inc -I../Middlewares/Third_Party/LwIP/src/include -I../Middlewares/Third_Party/LwIP/system -I../Drivers/STM32F4xx_HAL_Driver/Inc -I../Drivers/STM32F4xx_HAL_Driver/Inc/Legacy -I../Middlewares/Third_Party/FreeRTOS/Source/portable/GCC/ARM_CM4F -I../Middlewares/Third_Party/LwIP/src/include/netif/ppp -I../Middlewares/ST/STM32_USB_Host_Library/Core/Inc -I../Middlewares/ST/STM32_USB_Host_Library/Class/MSC/Inc -I../Drivers/CMSIS/Device/ST/STM32F4xx/Include -I../Middlewares/Third_Party/FatFs/src -I../Middlewares/Third_Party/FreeRTOS/Source/include -I../Middlewares/Third_Party/FreeRTOS/Source/CMSIS_RTOS -I../Middlewares/Third_Party/LwIP/src/include/lwip -I../Middlewares/Third_Party/LwIP/src/include/lwip/apps -I../Middlewares/Third_Party/LwIP/src/include/lwip/priv -I../Middlewares/Third_Party/LwIP/src/include/lwip/prot -I../Middlewares/Third_Party/LwIP/src/include/netif -I../Middlewares/Third_Party/LwIP/src/include/posix -I../Middlewares/Third_Party/LwIP/src/include/posix/sys -I../Middlewares/Third_Party/LwIP/system/arch -I../Drivers/CMSIS/Include -Os -ffunction-sections -fdata-sections -Wall -fstack-usage -MMD -MP -MF"Src/main.d" -MT"Src/main.o" --specs=nano.specs -mfpu=fpv4-sp-d16 -mfloat-abi=hard -mthumb -o "Src/main.o"
arm-none-eabi-gcc -o "nucleo-basic-v4.elf" @"objects.list"   -mcpu=cortex-m4 -T"../STM32F429ZI_FLASH.ld" --specs=nosys.specs -Wl,-Map="nucleo-basic-v4.map" -Wl,--gc-sections -static --specs=nano.specs -mfpu=fpv4-sp-d16 -mfloat-abi=hard -mthumb -Wl,--start-group -lc -lm -Wl,--end-group
Finished building target: nucleo-basic-v4.elf
 
arm-none-eabi-size   nucleo-basic-v4.elf 
   text	   data	    bss	    dec	    hex	filename
  81640	    160	  73368	 155168	  25e20	nucleo-basic-v4.elf
Finished building: default.size.stdout
 
arm-none-eabi-objdump -h -S  nucleo-basic-v4.elf  > "nucleo-basic-v4.list"
Finished building: nucleo-basic-v4.list
 
arm-none-eabi-objcopy  -O binary  nucleo-basic-v4.elf  "nucleo-basic-v4.bin"
Finished building: nucleo-basic-v4.bin
 
arm-none-eabi-objcopy -O ihex "nucleo-basic-v4.elf" "nucleo-basic-v4.hex"
 
12:26:46 **** Incremental Build of configuration Debug for project nucleo-basic-v4 ****
make all 
arm-none-eabi-gcc -c "../Src/main.c" -mcpu=cortex-m4 -std=gnu11 -g3 '-D__weak=__attribute__((weak))' '-D__packed="__attribute__((__packed__))"' -DUSE_HAL_DRIVER -DSTM32F429xx -c -I../Inc -I../Middlewares/Third_Party/LwIP/src/include -I../Middlewares/Third_Party/LwIP/system -I../Drivers/STM32F4xx_HAL_Driver/Inc -I../Drivers/STM32F4xx_HAL_Driver/Inc/Legacy -I../Middlewares/Third_Party/FreeRTOS/Source/portable/GCC/ARM_CM4F -I../Middlewares/Third_Party/LwIP/src/include/netif/ppp -I../Middlewares/ST/STM32_USB_Host_Library/Core/Inc -I../Middlewares/ST/STM32_USB_Host_Library/Class/MSC/Inc -I../Drivers/CMSIS/Device/ST/STM32F4xx/Include -I../Middlewares/Third_Party/FatFs/src -I../Middlewares/Third_Party/FreeRTOS/Source/include -I../Middlewares/Third_Party/FreeRTOS/Source/CMSIS_RTOS -I../Middlewares/Third_Party/LwIP/src/include/lwip -I../Middlewares/Third_Party/LwIP/src/include/lwip/apps -I../Middlewares/Third_Party/LwIP/src/include/lwip/priv -I../Middlewares/Third_Party/LwIP/src/include/lwip/prot -I../Middlewares/Third_Party/LwIP/src/include/netif -I../Middlewares/Third_Party/LwIP/src/include/posix -I../Middlewares/Third_Party/LwIP/src/include/posix/sys -I../Middlewares/Third_Party/LwIP/system/arch -I../Drivers/CMSIS/Include -Os -ffunction-sections -fdata-sections -Wall -fstack-usage -MMD -MP -MF"Src/main.d" -MT"Src/main.o" --specs=nano.specs -mfpu=fpv4-sp-d16 -mfloat-abi=hard -mthumb -o "Src/main.o"
arm-none-eabi-gcc -o "nucleo-basic-v4.elf" @"objects.list"   -mcpu=cortex-m4 -T"../STM32F429ZI_FLASH.ld" --specs=nosys.specs -Wl,-Map="nucleo-basic-v4.map" -Wl,--gc-sections -static --specs=nano.specs -mfpu=fpv4-sp-d16 -mfloat-abi=hard -mthumb -Wl,--start-group -lc -lm -Wl,--end-group
Finished building target: nucleo-basic-v4.elf
 
arm-none-eabi-size   nucleo-basic-v4.elf 
   text	   data	    bss	    dec	    hex	filename
  81864	    160	  73368	 155392	  25f00	nucleo-basic-v4.elf
Finished building: default.size.stdout
 
arm-none-eabi-objdump -h -S  nucleo-basic-v4.elf  > "nucleo-basic-v4.list"
Finished building: nucleo-basic-v4.list
 
arm-none-eabi-objcopy  -O binary  nucleo-basic-v4.elf  "nucleo-basic-v4.bin"
Finished building: nucleo-basic-v4.bin
 
arm-none-eabi-objcopy -O ihex "nucleo-basic-v4.elf" "nucleo-basic-v4.hex"
 
12:37:33 **** Incremental Build of configuration Debug for project nucleo-basic-v4 ****
make all 
arm-none-eabi-gcc -c "../Src/main.c" -mcpu=cortex-m4 -std=gnu11 -g3 '-D__weak=__attribute__((weak))' '-D__packed="__attribute__((__packed__))"' -DUSE_HAL_DRIVER -DSTM32F429xx -c -I../Inc -I../Middlewares/Third_Party/LwIP/src/include -I../Middlewares/Third_Party/LwIP/system -I../Drivers/STM32F4xx_HAL_Driver/Inc -I../Drivers/STM32F4xx_HAL_Driver/Inc/Legacy -I../Middlewares/Third_Party/FreeRTOS/Source/portable/GCC/ARM_CM4F -I../Middlewares/Third_Party/LwIP/src/include/netif/ppp -I../Middlewares/ST/STM32_USB_Host_Library/Core/Inc -I../Middlewares/ST/STM32_USB_Host_Library/Class/MSC/Inc -I../Drivers/CMSIS/Device/ST/STM32F4xx/Include -I../Middlewares/Third_Party/FatFs/src -I../Middlewares/Third_Party/FreeRTOS/Source/include -I../Middlewares/Third_Party/FreeRTOS/Source/CMSIS_RTOS -I../Middlewares/Third_Party/LwIP/src/include/lwip -I../Middlewares/Third_Party/LwIP/src/include/lwip/apps -I../Middlewares/Third_Party/LwIP/src/include/lwip/priv -I../Middlewares/Third_Party/LwIP/src/include/lwip/prot -I../Middlewares/Third_Party/LwIP/src/include/netif -I../Middlewares/Third_Party/LwIP/src/include/posix -I../Middlewares/Third_Party/LwIP/src/include/posix/sys -I../Middlewares/Third_Party/LwIP/system/arch -I../Drivers/CMSIS/Include -Os -ffunction-sections -fdata-sections -Wall -fstack-usage -MMD -MP -MF"Src/main.d" -MT"Src/main.o" --specs=nano.specs -mfpu=fpv4-sp-d16 -mfloat-abi=hard -mthumb -o "Src/main.o"
arm-none-eabi-gcc -o "nucleo-basic-v4.elf" @"objects.list"   -mcpu=cortex-m4 -T"../STM32F429ZI_FLASH.ld" --specs=nosys.specs -Wl,-Map="nucleo-basic-v4.map" -Wl,--gc-sections -static --specs=nano.specs -mfpu=fpv4-sp-d16 -mfloat-abi=hard -mthumb -Wl,--start-group -lc -lm -Wl,--end-group
Finished building target: nucleo-basic-v4.elf
 
arm-none-eabi-size   nucleo-basic-v4.elf 
   text	   data	    bss	    dec	    hex	filename
  81864	    160	  73368	 155392	  25f00	nucleo-basic-v4.elf
Finished building: default.size.stdout
 
arm-none-eabi-objdump -h -S  nucleo-basic-v4.elf  > "nucleo-basic-v4.list"
Finished building: nucleo-basic-v4.list
 
arm-none-eabi-objcopy  -O binary  nucleo-basic-v4.elf  "nucleo-basic-v4.bin"
Finished building: nucleo-basic-v4.bin
 
arm-none-eabi-objcopy -O ihex "nucleo-basic-v4.elf" "nucleo-basic-v4.hex"
 
12:38:10 **** Incremental Build of configuration Debug for project nucleo-basic-v4 ****
make all 
arm-none-eabi-gcc -c "../Src/main.c" -mcpu=cortex-m4 -std=gnu11 -g3 '-D__weak=__attribute__((weak))' '-D__packed="__attribute__((__packed__))"' -DUSE_HAL_DRIVER -DSTM32F429xx -c -I../Inc -I../Middlewares/Third_Party/LwIP/src/include -I../Middlewares/Third_Party/LwIP/system -I../Drivers/STM32F4xx_HAL_Driver/Inc -I../Drivers/STM32F4xx_HAL_Driver/Inc/Legacy -I../Middlewares/Third_Party/FreeRTOS/Source/portable/GCC/ARM_CM4F -I../Middlewares/Third_Party/LwIP/src/include/netif/ppp -I../Middlewares/ST/STM32_USB_Host_Library/Core/Inc -I../Middlewares/ST/STM32_USB_Host_Library/Class/MSC/Inc -I../Drivers/CMSIS/Device/ST/STM32F4xx/Include -I../Middlewares/Third_Party/FatFs/src -I../Middlewares/Third_Party/FreeRTOS/Source/include -I../Middlewares/Third_Party/FreeRTOS/Source/CMSIS_RTOS -I../Middlewares/Third_Party/LwIP/src/include/lwip -I../Middlewares/Third_Party/LwIP/src/include/lwip/apps -I../Middlewares/Third_Party/LwIP/src/include/lwip/priv -I../Middlewares/Third_Party/LwIP/src/include/lwip/prot -I../Middlewares/Third_Party/LwIP/src/include/netif -I../Middlewares/Third_Party/LwIP/src/include/posix -I../Middlewares/Third_Party/LwIP/src/include/posix/sys -I../Middlewares/Third_Party/LwIP/system/arch -I../Drivers/CMSIS/Include -Os -ffunction-sections -fdata-sections -Wall -fstack-usage -MMD -MP -MF"Src/main.d" -MT"Src/main.o" --specs=nano.specs -mfpu=fpv4-sp-d16 -mfloat-abi=hard -mthumb -o "Src/main.o"
arm-none-eabi-gcc -o "nucleo-basic-v4.elf" @"objects.list"   -mcpu=cortex-m4 -T"../STM32F429ZI_FLASH.ld" --specs=nosys.specs -Wl,-Map="nucleo-basic-v4.map" -Wl,--gc-sections -static --specs=nano.specs -mfpu=fpv4-sp-d16 -mfloat-abi=hard -mthumb -Wl,--start-group -lc -lm -Wl,--end-group
Finished building target: nucleo-basic-v4.elf
 
arm-none-eabi-size   nucleo-basic-v4.elf 
   text	   data	    bss	    dec	    hex	filename
  82100	    160	  73368	 155628	  25fec	nucleo-basic-v4.elf
Finished building: default.size.stdout
 
arm-none-eabi-objdump -h -S  nucleo-basic-v4.elf  > "nucleo-basic-v4.list"
Finished building: nucleo-basic-v4.list
 
arm-none-eabi-objcopy  -O binary  nucleo-basic-v4.elf  "nucleo-basic-v4.bin"
Finished building: nucleo-basic-v4.bin
 
arm-none-eabi-objcopy -O ihex "nucleo-basic-v4.elf" "nucleo-basic-v4.hex"
 
12:50:52 **** Incremental Build of configuration Debug for project nucleo-basic-v4 ****
make all 
arm-none-eabi-gcc -c "../Src/main.c" -mcpu=cortex-m4 -std=gnu11 -g3 '-D__weak=__attribute__((weak))' '-D__packed="__attribute__((__packed__))"' -DUSE_HAL_DRIVER -DSTM32F429xx -c -I../Inc -I../Middlewares/Third_Party/LwIP/src/include -I../Middlewares/Third_Party/LwIP/system -I../Drivers/STM32F4xx_HAL_Driver/Inc -I../Drivers/STM32F4xx_HAL_Driver/Inc/Legacy -I../Middlewares/Third_Party/FreeRTOS/Source/portable/GCC/ARM_CM4F -I../Middlewares/Third_Party/LwIP/src/include/netif/ppp -I../Middlewares/ST/STM32_USB_Host_Library/Core/Inc -I../Middlewares/ST/STM32_USB_Host_Library/Class/MSC/Inc -I../Drivers/CMSIS/Device/ST/STM32F4xx/Include -I../Middlewares/Third_Party/FatFs/src -I../Middlewares/Third_Party/FreeRTOS/Source/include -I../Middlewares/Third_Party/FreeRTOS/Source/CMSIS_RTOS -I../Middlewares/Third_Party/LwIP/src/include/lwip -I../Middlewares/Third_Party/LwIP/src/include/lwip/apps -I../Middlewares/Third_Party/LwIP/src/include/lwip/priv -I../Middlewares/Third_Party/LwIP/src/include/lwip/prot -I../Middlewares/Third_Party/LwIP/src/include/netif -I../Middlewares/Third_Party/LwIP/src/include/posix -I../Middlewares/Third_Party/LwIP/src/include/posix/sys -I../Middlewares/Third_Party/LwIP/system/arch -I../Drivers/CMSIS/Include -Os -ffunction-sections -fdata-sections -Wall -fstack-usage -MMD -MP -MF"Src/main.d" -MT"Src/main.o" --specs=nano.specs -mfpu=fpv4-sp-d16 -mfloat-abi=hard -mthumb -o "Src/main.o"
arm-none-eabi-gcc -o "nucleo-basic-v4.elf" @"objects.list"   -mcpu=cortex-m4 -T"../STM32F429ZI_FLASH.ld" --specs=nosys.specs -Wl,-Map="nucleo-basic-v4.map" -Wl,--gc-sections -static --specs=nano.specs -mfpu=fpv4-sp-d16 -mfloat-abi=hard -mthumb -Wl,--start-group -lc -lm -Wl,--end-group
Finished building target: nucleo-basic-v4.elf
 
arm-none-eabi-size   nucleo-basic-v4.elf 
   text	   data	    bss	    dec	    hex	filename
  83056	    160	  73368	 156584	  263a8	nucleo-basic-v4.elf
Finished building: default.size.stdout
 
arm-none-eabi-objdump -h -S  nucleo-basic-v4.elf  > "nucleo-basic-v4.list"
Finished building: nucleo-basic-v4.list
 
arm-none-eabi-objcopy  -O binary  nucleo-basic-v4.elf  "nucleo-basic-v4.bin"
Finished building: nucleo-basic-v4.bin
 
arm-none-eabi-objcopy -O ihex "nucleo-basic-v4.elf" "nucleo-basic-v4.hex"
 
12:52:03 **** Incremental Build of configuration Debug for project nucleo-basic-v4 ****
make all 
arm-none-eabi-gcc -c "../Src/main.c" -mcpu=cortex-m4 -std=gnu11 -g3 '-D__weak=__attribute__((weak))' '-D__packed="__attribute__((__packed__))"' -DUSE_HAL_DRIVER -DSTM32F429xx -c -I../Inc -I../Middlewares/Third_Party/LwIP/src/include -I../Middlewares/Third_Party/LwIP/system -I../Drivers/STM32F4xx_HAL_Driver/Inc -I../Drivers/STM32F4xx_HAL_Driver/Inc/Legacy -I../Middlewares/Third_Party/FreeRTOS/Source/portable/GCC/ARM_CM4F -I../Middlewares/Third_Party/LwIP/src/include/netif/ppp -I../Middlewares/ST/STM32_USB_Host_Library/Core/Inc -I../Middlewares/ST/STM32_USB_Host_Library/Class/MSC/Inc -I../Drivers/CMSIS/Device/ST/STM32F4xx/Include -I../Middlewares/Third_Party/FatFs/src -I../Middlewares/Third_Party/FreeRTOS/Source/include -I../Middlewares/Third_Party/FreeRTOS/Source/CMSIS_RTOS -I../Middlewares/Third_Party/LwIP/src/include/lwip -I../Middlewares/Third_Party/LwIP/src/include/lwip/apps -I../Middlewares/Third_Party/LwIP/src/include/lwip/priv -I../Middlewares/Third_Party/LwIP/src/include/lwip/prot -I../Middlewares/Third_Party/LwIP/src/include/netif -I../Middlewares/Third_Party/LwIP/src/include/posix -I../Middlewares/Third_Party/LwIP/src/include/posix/sys -I../Middlewares/Third_Party/LwIP/system/arch -I../Drivers/CMSIS/Include -Os -ffunction-sections -fdata-sections -Wall -fstack-usage -MMD -MP -MF"Src/main.d" -MT"Src/main.o" --specs=nano.specs -mfpu=fpv4-sp-d16 -mfloat-abi=hard -mthumb -o "Src/main.o"
arm-none-eabi-gcc -o "nucleo-basic-v4.elf" @"objects.list"   -mcpu=cortex-m4 -T"../STM32F429ZI_FLASH.ld" --specs=nosys.specs -Wl,-Map="nucleo-basic-v4.map" -Wl,--gc-sections -static --specs=nano.specs -mfpu=fpv4-sp-d16 -mfloat-abi=hard -mthumb -Wl,--start-group -lc -lm -Wl,--end-group
Finished building target: nucleo-basic-v4.elf
 
arm-none-eabi-size   nucleo-basic-v4.elf 
   text	   data	    bss	    dec	    hex	filename
  83060	    160	  73368	 156588	  263ac	nucleo-basic-v4.elf
Finished building: default.size.stdout
 
arm-none-eabi-objdump -h -S  nucleo-basic-v4.elf  > "nucleo-basic-v4.list"
Finished building: nucleo-basic-v4.list
 
arm-none-eabi-objcopy  -O binary  nucleo-basic-v4.elf  "nucleo-basic-v4.bin"
Finished building: nucleo-basic-v4.bin
 
arm-none-eabi-objcopy -O ihex "nucleo-basic-v4.elf" "nucleo-basic-v4.hex"
 
13:03:23 **** Incremental Build of configuration Debug for project nucleo-basic-v4 ****
make all 
arm-none-eabi-gcc -c "../Src/main.c" -mcpu=cortex-m4 -std=gnu11 -g3 '-D__weak=__attribute__((weak))' '-D__packed="__attribute__((__packed__))"' -DUSE_HAL_DRIVER -DSTM32F429xx -c -I../Inc -I../Middlewares/Third_Party/LwIP/src/include -I../Middlewares/Third_Party/LwIP/system -I../Drivers/STM32F4xx_HAL_Driver/Inc -I../Drivers/STM32F4xx_HAL_Driver/Inc/Legacy -I../Middlewares/Third_Party/FreeRTOS/Source/portable/GCC/ARM_CM4F -I../Middlewares/Third_Party/LwIP/src/include/netif/ppp -I../Middlewares/ST/STM32_USB_Host_Library/Core/Inc -I../Middlewares/ST/STM32_USB_Host_Library/Class/MSC/Inc -I../Drivers/CMSIS/Device/ST/STM32F4xx/Include -I../Middlewares/Third_Party/FatFs/src -I../Middlewares/Third_Party/FreeRTOS/Source/include -I../Middlewares/Third_Party/FreeRTOS/Source/CMSIS_RTOS -I../Middlewares/Third_Party/LwIP/src/include/lwip -I../Middlewares/Third_Party/LwIP/src/include/lwip/apps -I../Middlewares/Third_Party/LwIP/src/include/lwip/priv -I../Middlewares/Third_Party/LwIP/src/include/lwip/prot -I../Middlewares/Third_Party/LwIP/src/include/netif -I../Middlewares/Third_Party/LwIP/src/include/posix -I../Middlewares/Third_Party/LwIP/src/include/posix/sys -I../Middlewares/Third_Party/LwIP/system/arch -I../Drivers/CMSIS/Include -Os -ffunction-sections -fdata-sections -Wall -fstack-usage -MMD -MP -MF"Src/main.d" -MT"Src/main.o" --specs=nano.specs -mfpu=fpv4-sp-d16 -mfloat-abi=hard -mthumb -o "Src/main.o"
../Src/main.c: In function 'measureTime':
../Src/main.c:534:23: warning: format '%d' expects argument of type 'int', but argument 2 has type 'TickType_t' {aka 'long unsigned int'} [-Wformat=]
  534 |  xprintf("Write time %d\n", write - start);
      |                      ~^     ~~~~~~~~~~~~~
      |                       |           |
      |                       int         TickType_t {aka long unsigned int}
      |                      %ld
../Src/main.c:535:22: warning: format '%d' expects argument of type 'int', but argument 2 has type 'TickType_t' {aka 'long unsigned int'} [-Wformat=]
  535 |  xprintf("Read time %d\n", read - write);
      |                     ~^     ~~~~~~~~~~~~
      |                      |          |
      |                      int        TickType_t {aka long unsigned int}
      |                     %ld
../Src/main.c:535:2: warning: 'write' may be used uninitialized in this function [-Wmaybe-uninitialized]
  535 |  xprintf("Read time %d\n", read - write);
      |  ^~~~~~~~~~~~~~~~~~~~~~~~~~~~~~~~~~~~~~~
arm-none-eabi-gcc -o "nucleo-basic-v4.elf" @"objects.list"   -mcpu=cortex-m4 -T"../STM32F429ZI_FLASH.ld" --specs=nosys.specs -Wl,-Map="nucleo-basic-v4.map" -Wl,--gc-sections -static --specs=nano.specs -mfpu=fpv4-sp-d16 -mfloat-abi=hard -mthumb -Wl,--start-group -lc -lm -Wl,--end-group
Finished building target: nucleo-basic-v4.elf
 
arm-none-eabi-size   nucleo-basic-v4.elf 
   text	   data	    bss	    dec	    hex	filename
  83292	    160	  73368	 156820	  26494	nucleo-basic-v4.elf
Finished building: default.size.stdout
 
arm-none-eabi-objdump -h -S  nucleo-basic-v4.elf  > "nucleo-basic-v4.list"
Finished building: nucleo-basic-v4.list
 
arm-none-eabi-objcopy  -O binary  nucleo-basic-v4.elf  "nucleo-basic-v4.bin"
Finished building: nucleo-basic-v4.bin
 
arm-none-eabi-objcopy -O ihex "nucleo-basic-v4.elf" "nucleo-basic-v4.hex"
 
