2025-11-18 13:18:03,852 [INFO] Activator:176 - 


2025-11-18 13:18:03,854 [INFO] Activator:177 - !SESSION log4j initialized
2025-11-18 13:18:06,755 [INFO] LogOutputStream:77 - [STDOUT_REDIRECT] 
2025-11-18 13:18:09,751 [INFO] ApplicationProperties:184 - Using Application install path: /opt/st/stm32cubeide_1.19.0/plugins/com.st.stm32cube.common.mx_6.15.0.202507011659
2025-11-18 13:18:09,763 [INFO] DbMcusXml:78 - Set database path to: /opt/st/stm32cubeide_1.19.0/plugins/com.st.stm32cube.common.mx_6.15.0.202507011659//db//mcu/
2025-11-18 13:18:09,763 [INFO] ApiDb:274 - Set plugin database path to: /opt/st/stm32cubeide_1.19.0/plugins/com.st.stm32cube.common.mx_6.15.0.202507011659//db//plugins/boardmanager/
2025-11-18 13:18:09,764 [WARN] ApiDb:259 - Overriding images path with different value:  => /opt/st/stm32cubeide_1.19.0/plugins/com.st.stm32cube.common.mx_6.15.0.202507011659//db//plugins/mcufinder/images/
2025-11-18 13:18:09,768 [INFO] ApiDb:250 - Set database path to: /home/student/.stmcufinder/plugins/mcufinder//mcu/
2025-11-18 13:18:09,769 [INFO] DbMcusAds:125 - Set database path to: /home/student/.stmcufinder/plugins/mcufinder//mcu/
2025-11-18 13:18:09,771 [INFO] CrossReferenceDbSqlite:203 - Set database path to: /home/student/.stmcufinder/plugins/mcufinder//mcu/cs/
2025-11-18 13:18:09,850 [INFO] RulesReader:64 - Compatibility file has been processed (317 Rules)
2025-11-18 13:18:09,891 [INFO] DbMcusXml:78 - Set database path to: /opt/st/stm32cubeide_1.19.0/plugins/com.st.stm32cube.common.mx_6.15.0.202507011659//db//mcu/
2025-11-18 13:18:09,891 [INFO] ApiDb:274 - Set plugin database path to: /opt/st/stm32cubeide_1.19.0/plugins/com.st.stm32cube.common.mx_6.15.0.202507011659//db//plugins/boardmanager/
2025-11-18 13:18:09,891 [INFO] ApiDb:261 - Set plugin images path to: /opt/st/stm32cubeide_1.19.0/plugins/com.st.stm32cube.common.mx_6.15.0.202507011659//db//plugins/mcufinder/images/
2025-11-18 13:18:09,891 [WARN] DbFile:41 - Overriding database path with different value: /home/student/.stmcufinder/plugins/mcufinder/ => /home/student/.stmcufinder/plugins/mcufinder
2025-11-18 13:18:09,891 [INFO] ApiDb:250 - Set database path to: /home/student/.stmcufinder/plugins/mcufinder//mcu/
2025-11-18 13:18:09,891 [WARN] DbFile:41 - Overriding database path with different value: /home/student/.stmcufinder/plugins/mcufinder/ => /home/student/.stmcufinder/plugins/mcufinder
2025-11-18 13:18:09,891 [INFO] DbMcusAds:125 - Set database path to: /home/student/.stmcufinder/plugins/mcufinder//mcu/
2025-11-18 13:18:09,891 [WARN] DbFile:41 - Overriding database path with different value: /home/student/.stmcufinder/plugins/mcufinder/ => /home/student/.stmcufinder/plugins/mcufinder
2025-11-18 13:18:09,891 [WARN] DbFile:41 - Overriding database path with different value: /home/student/.stmcufinder/plugins/mcufinder/ => /home/student/.stmcufinder/plugins/mcufinder
2025-11-18 13:18:09,891 [INFO] CrossReferenceDbSqlite:203 - Set database path to: /home/student/.stmcufinder/plugins/mcufinder//mcu/cs/
2025-11-18 13:18:09,937 [INFO] MainPanel:274 - HeapMemory: 268435456
2025-11-18 13:18:10,027 [INFO] DbMcusXml:78 - Set database path to: /opt/st/stm32cubeide_1.19.0/plugins/com.st.stm32cube.common.mx_6.15.0.202507011659//db//mcu/
2025-11-18 13:18:10,027 [INFO] ApiDb:274 - Set plugin database path to: /opt/st/stm32cubeide_1.19.0/plugins/com.st.stm32cube.common.mx_6.15.0.202507011659//db//plugins/boardmanager/
2025-11-18 13:18:10,027 [INFO] ApiDb:261 - Set plugin images path to: /opt/st/stm32cubeide_1.19.0/plugins/com.st.stm32cube.common.mx_6.15.0.202507011659//db//plugins/mcufinder/images/
2025-11-18 13:18:10,027 [WARN] DbFile:41 - Overriding database path with different value: /home/student/.stmcufinder/plugins/mcufinder/ => /home/student/.stmcufinder/plugins/mcufinder
2025-11-18 13:18:10,027 [INFO] ApiDb:250 - Set database path to: /home/student/.stmcufinder/plugins/mcufinder//mcu/
2025-11-18 13:18:10,027 [WARN] DbFile:41 - Overriding database path with different value: /home/student/.stmcufinder/plugins/mcufinder/ => /home/student/.stmcufinder/plugins/mcufinder
2025-11-18 13:18:10,028 [INFO] DbMcusAds:125 - Set database path to: /home/student/.stmcufinder/plugins/mcufinder//mcu/
2025-11-18 13:18:10,028 [WARN] DbFile:41 - Overriding database path with different value: /home/student/.stmcufinder/plugins/mcufinder/ => /home/student/.stmcufinder/plugins/mcufinder
2025-11-18 13:18:10,028 [WARN] DbFile:41 - Overriding database path with different value: /home/student/.stmcufinder/plugins/mcufinder/ => /home/student/.stmcufinder/plugins/mcufinder
2025-11-18 13:18:10,028 [INFO] CrossReferenceDbSqlite:203 - Set database path to: /home/student/.stmcufinder/plugins/mcufinder//mcu/cs/
2025-11-18 13:18:10,038 [INFO] ApplicationProperties:184 - Using Application install path: /opt/st/stm32cubeide_1.19.0/plugins/com.st.stm32cube.common.mx_6.15.0.202507011659
2025-11-18 13:18:10,039 [INFO] PluginManage:196 - Search for loadable plugins [exclusion list=, ]
2025-11-18 13:18:10,040 [INFO] PluginManage:310 - Check plugin analytics
2025-11-18 13:18:10,162 [INFO] AnalyticsPlugin:253 - Accepted Software Licenses: 
2025-11-18 13:18:10,162 [INFO] AnalyticsPlugin:255 - Accepted CMSIS Pack Licenses: 
2025-11-18 13:18:10,162 [INFO] AnalyticsPlugin:257 - Accepted Firmware Licenses: 
2025-11-18 13:18:10,164 [INFO] PluginManage:359 - Loaded plugin analytics (category:tool,tabindex:-1)
2025-11-18 13:18:10,164 [INFO] PluginManage:310 - Check plugin cadmodel
2025-11-18 13:18:10,167 [INFO] CADModel:105 - Init CAD model plugin
2025-11-18 13:18:10,167 [INFO] PluginManage:359 - Loaded plugin cadmodel (category:power,tabindex:5)
2025-11-18 13:18:10,168 [INFO] PluginManage:310 - Check plugin clock
2025-11-18 13:18:10,174 [INFO] PluginManage:359 - Loaded plugin clock (category:base,tabindex:2)
2025-11-18 13:18:10,174 [INFO] PluginManage:310 - Check plugin ddr
2025-11-18 13:18:10,176 [INFO] PluginManage:359 - Loaded plugin ddr (category:tool,tabindex:6)
2025-11-18 13:18:10,176 [INFO] PluginManage:310 - Check plugin filemanager
2025-11-18 13:18:10,299 [INFO] PluginManage:359 - Loaded plugin filemanager (category:base,tabindex:10)
2025-11-18 13:18:10,299 [INFO] PluginManage:310 - Check plugin ipmanager
2025-11-18 13:18:10,303 [INFO] PluginManage:359 - Loaded plugin ipmanager (category:base,tabindex:5)
2025-11-18 13:18:10,303 [INFO] PluginManage:310 - Check plugin lpbam
2025-11-18 13:18:10,310 [INFO] PluginManage:359 - Loaded plugin lpbam (category:base,tabindex:0)
2025-11-18 13:18:10,310 [INFO] PluginManage:310 - Check plugin memorymap
2025-11-18 13:18:10,319 [INFO] PluginManage:359 - Loaded plugin memorymap (category:base,tabindex:4)
2025-11-18 13:18:10,319 [INFO] PluginManage:310 - Check plugin pinoutandconfiguration
2025-11-18 13:18:10,325 [INFO] PluginManage:359 - Loaded plugin pinoutandconfiguration (category:base,tabindex:1)
2025-11-18 13:18:10,326 [INFO] PluginManage:310 - Check plugin pinoutconfig
2025-11-18 13:18:10,389 [WARN] SupportedApi:132 - Cannot load RTOS API schema: s4s-elt-must-match.1: The content of 'definitions' must match (annotation?, (simpleType | complexType)?, (unique | key | keyref)*)). A problem was found starting at: attribute.
2025-11-18 13:18:10,481 [INFO] PluginManage:359 - Loaded plugin pinoutconfig (category:base,tabindex:0)
2025-11-18 13:18:10,481 [INFO] PluginManage:310 - Check plugin power
2025-11-18 13:18:10,488 [INFO] PluginManage:359 - Loaded plugin power (category:power,tabindex:4)
2025-11-18 13:18:10,488 [INFO] PluginManage:310 - Check plugin projectmanager
2025-11-18 13:18:10,499 [INFO] PluginManage:359 - Loaded plugin projectmanager (category:projectmanager,tabindex:4)
2025-11-18 13:18:10,499 [INFO] PluginManage:310 - Check plugin rif
2025-11-18 13:18:10,506 [INFO] PluginManage:359 - Loaded plugin rif (category:base,tabindex:3)
2025-11-18 13:18:10,506 [INFO] PluginManage:310 - Check plugin thirdparty
2025-11-18 13:18:10,592 [INFO] PluginManage:359 - Loaded plugin thirdparty (category:base,tabindex:-1)
2025-11-18 13:18:10,592 [INFO] PluginManage:310 - Check plugin tools
2025-11-18 13:18:10,591 [WARN] IntegrityCheckThread:84 - waiting for thirdparty lock release [integrity check]
2025-11-18 13:18:10,592 [INFO] IntegrityCheckThread:86 - entering critical section [integrity check]
2025-11-18 13:18:10,593 [INFO] ThirdPartyUpdaterWithRetryManager:70 - Updater plugin not ready yet. [1/15]
2025-11-18 13:18:10,594 [INFO] PluginManage:359 - Loaded plugin tools (category:base,tabindex:7)
2025-11-18 13:18:10,594 [INFO] PluginManage:310 - Check plugin tutovideos
2025-11-18 13:18:10,736 [INFO] PluginManage:359 - Loaded plugin tutovideos (category:base,tabindex:-1)
2025-11-18 13:18:10,736 [INFO] PluginManage:310 - Check plugin updater
2025-11-18 13:18:10,752 [INFO] PluginManage:359 - Loaded plugin updater (category:base,tabindex:12)
2025-11-18 13:18:10,752 [INFO] PluginManage:310 - Check plugin userauth
2025-11-18 13:18:10,755 [INFO] UserAuth:118 - Init User Auth plugin
2025-11-18 13:18:10,755 [INFO] PluginManage:359 - Loaded plugin userauth (category:base,tabindex:14)
2025-11-18 13:18:10,756 [INFO] PluginManage:283 - PluginManage : Loaded plugins [18]
2025-11-18 13:18:10,885 [INFO] PinOutPanel:1589 - setPackage(No Configuration,No Configuration)
2025-11-18 13:18:10,935 [INFO] CADModel:165 - CPN selected for project level
2025-11-18 13:18:10,935 [INFO] CADModel:114 - Register for checkConnection events
2025-11-18 13:18:10,945 [INFO] IPUIPlugin:80 - create IPUIPlugin
2025-11-18 13:18:10,945 [INFO] PluginManager:220 - loadIPPluginJar : add resmgrutility
2025-11-18 13:18:10,948 [INFO] IPUIPlugin:80 - create IPUIPlugin
2025-11-18 13:18:10,949 [INFO] PluginManager:220 - loadIPPluginJar : add extmemmanager
2025-11-18 13:18:10,950 [INFO] IPUIPlugin:80 - create IPUIPlugin
2025-11-18 13:18:10,950 [INFO] PluginManager:220 - loadIPPluginJar : add hash
2025-11-18 13:18:10,952 [INFO] IPUIPlugin:80 - create IPUIPlugin
2025-11-18 13:18:10,952 [INFO] PluginManager:220 - loadIPPluginJar : add can
2025-11-18 13:18:10,955 [INFO] IPUIPlugin:80 - create IPUIPlugin
2025-11-18 13:18:10,956 [INFO] PluginManager:220 - loadIPPluginJar : add gic
2025-11-18 13:18:10,958 [INFO] IPUIPlugin:80 - create IPUIPlugin
2025-11-18 13:18:10,958 [INFO] PluginManager:220 - loadIPPluginJar : add pdm2pcm
2025-11-18 13:18:10,959 [INFO] IPUIPlugin:80 - create IPUIPlugin
2025-11-18 13:18:10,959 [INFO] PluginManager:220 - loadIPPluginJar : add genericplugin
2025-11-18 13:18:10,960 [INFO] IPUIPlugin:80 - create IPUIPlugin
2025-11-18 13:18:10,960 [INFO] PluginManager:220 - loadIPPluginJar : add i3c
2025-11-18 13:18:10,961 [INFO] IPUIPlugin:80 - create IPUIPlugin
2025-11-18 13:18:10,961 [INFO] PluginManager:220 - loadIPPluginJar : add comp
2025-11-18 13:18:10,965 [INFO] IPUIPlugin:80 - create IPUIPlugin
2025-11-18 13:18:10,965 [INFO] PluginManager:220 - loadIPPluginJar : add dma
2025-11-18 13:18:10,967 [INFO] IPUIPlugin:80 - create IPUIPlugin
2025-11-18 13:18:10,967 [INFO] PluginManager:220 - loadIPPluginJar : add opamp
2025-11-18 13:18:10,969 [INFO] IPUIPlugin:80 - create IPUIPlugin
2025-11-18 13:18:10,969 [INFO] PluginManager:220 - loadIPPluginJar : add lorawan
2025-11-18 13:18:10,970 [INFO] IPUIPlugin:80 - create IPUIPlugin
2025-11-18 13:18:10,970 [INFO] PluginManager:220 - loadIPPluginJar : add cryp
2025-11-18 13:18:10,972 [INFO] IPUIPlugin:80 - create IPUIPlugin
2025-11-18 13:18:10,972 [INFO] PluginManager:220 - loadIPPluginJar : add i2c
2025-11-18 13:18:10,973 [INFO] IPUIPlugin:80 - create IPUIPlugin
2025-11-18 13:18:10,973 [INFO] PluginManager:220 - loadIPPluginJar : add radio
2025-11-18 13:18:10,976 [INFO] IPUIPlugin:80 - create IPUIPlugin
2025-11-18 13:18:10,977 [INFO] PluginManager:220 - loadIPPluginJar : add gpio
2025-11-18 13:18:10,979 [INFO] IPUIPlugin:80 - create IPUIPlugin
2025-11-18 13:18:10,979 [INFO] PluginManager:220 - loadIPPluginJar : add ddr_ctrl_phy
2025-11-18 13:18:10,980 [INFO] IPUIPlugin:80 - create IPUIPlugin
2025-11-18 13:18:10,980 [INFO] PluginManager:220 - loadIPPluginJar : add usart
2025-11-18 13:18:10,982 [INFO] IPUIPlugin:80 - create IPUIPlugin
2025-11-18 13:18:10,982 [INFO] PluginManager:220 - loadIPPluginJar : add tracer_emb
2025-11-18 13:18:10,983 [INFO] IPUIPlugin:80 - create IPUIPlugin
2025-11-18 13:18:10,983 [INFO] PluginManager:220 - loadIPPluginJar : add i2s
2025-11-18 13:18:10,985 [INFO] IPUIPlugin:80 - create IPUIPlugin
2025-11-18 13:18:10,985 [INFO] PluginManager:220 - loadIPPluginJar : add gtzc
2025-11-18 13:18:10,989 [INFO] IPUIPlugin:80 - create IPUIPlugin
2025-11-18 13:18:10,989 [INFO] PluginManager:220 - loadIPPluginJar : add freertos
2025-11-18 13:18:10,992 [INFO] IPUIPlugin:80 - create IPUIPlugin
2025-11-18 13:18:10,992 [INFO] PluginManager:220 - loadIPPluginJar : add nvic
2025-11-18 13:18:10,993 [INFO] IPUIPlugin:80 - create IPUIPlugin
2025-11-18 13:18:10,993 [INFO] PluginManager:220 - loadIPPluginJar : add fatfs
2025-11-18 13:18:10,995 [INFO] IPUIPlugin:80 - create IPUIPlugin
2025-11-18 13:18:10,995 [INFO] PluginManager:220 - loadIPPluginJar : add aes
2025-11-18 13:18:10,996 [INFO] IPUIPlugin:80 - create IPUIPlugin
2025-11-18 13:18:10,996 [INFO] PluginManager:220 - loadIPPluginJar : add tsc
2025-11-18 13:18:10,997 [INFO] IPUIPlugin:80 - create IPUIPlugin
2025-11-18 13:18:10,997 [INFO] PluginManager:220 - loadIPPluginJar : add dfsdm
2025-11-18 13:18:10,999 [INFO] IPUIPlugin:80 - create IPUIPlugin
2025-11-18 13:18:10,999 [INFO] PluginManager:220 - loadIPPluginJar : add sai
2025-11-18 13:18:11,001 [INFO] IPUIPlugin:80 - create IPUIPlugin
2025-11-18 13:18:11,001 [INFO] PluginManager:220 - loadIPPluginJar : add usbx
2025-11-18 13:18:11,005 [INFO] IPUIPlugin:80 - create IPUIPlugin
2025-11-18 13:18:11,005 [INFO] PluginManager:220 - loadIPPluginJar : add stm32_wpan
2025-11-18 13:18:11,006 [INFO] IPUIPlugin:80 - create IPUIPlugin
2025-11-18 13:18:11,006 [INFO] PluginManager:220 - loadIPPluginJar : add quadspi
2025-11-18 13:18:11,008 [INFO] IPUIPlugin:80 - create IPUIPlugin
2025-11-18 13:18:11,008 [INFO] PluginManager:220 - loadIPPluginJar : add ucpd
2025-11-18 13:18:11,010 [INFO] IPUIPlugin:80 - create IPUIPlugin
2025-11-18 13:18:11,010 [INFO] PluginManager:220 - loadIPPluginJar : add fmc
2025-11-18 13:18:11,012 [INFO] IPUIPlugin:80 - create IPUIPlugin
2025-11-18 13:18:11,012 [INFO] PluginManager:220 - loadIPPluginJar : add spi
2025-11-18 13:18:11,013 [INFO] IPUIPlugin:80 - create IPUIPlugin
2025-11-18 13:18:11,013 [INFO] PluginManager:220 - loadIPPluginJar : add tim
2025-11-18 13:18:11,017 [INFO] IPUIPlugin:80 - create IPUIPlugin
2025-11-18 13:18:11,017 [INFO] PluginManager:220 - loadIPPluginJar : add mdma
2025-11-18 13:18:11,021 [INFO] IPUIPlugin:80 - create IPUIPlugin
2025-11-18 13:18:11,021 [INFO] PluginManager:220 - loadIPPluginJar : add adc
2025-11-18 13:18:11,023 [INFO] IPUIPlugin:80 - create IPUIPlugin
2025-11-18 13:18:11,023 [INFO] PluginManager:220 - loadIPPluginJar : add dma3
2025-11-18 13:18:11,027 [INFO] IPUIPlugin:80 - create IPUIPlugin
2025-11-18 13:18:11,029 [INFO] PluginManager:220 - loadIPPluginJar : add plateformsettings
2025-11-18 13:18:11,031 [INFO] IPUIPlugin:80 - create IPUIPlugin
2025-11-18 13:18:11,031 [INFO] PluginManager:220 - loadIPPluginJar : add openamp
2025-11-18 13:18:11,032 [INFO] IPUIPlugin:80 - create IPUIPlugin
2025-11-18 13:18:11,032 [INFO] PluginManager:220 - loadIPPluginJar : add ts
2025-11-18 13:18:11,034 [INFO] IPUIPlugin:80 - create IPUIPlugin
2025-11-18 13:18:11,034 [INFO] PluginManager:220 - loadIPPluginJar : add touchsensing
2025-11-18 13:18:11,035 [INFO] IPUIPlugin:80 - create IPUIPlugin
2025-11-18 13:18:11,035 [INFO] PluginManager:220 - loadIPPluginJar : add ltdc
2025-11-18 13:18:11,040 [INFO] IPUIPlugin:80 - create IPUIPlugin
2025-11-18 13:18:11,040 [INFO] PluginManager:220 - loadIPPluginJar : add linkedlist
2025-11-18 13:18:11,042 [INFO] IPUIPlugin:80 - create IPUIPlugin
2025-11-18 13:18:11,042 [INFO] PluginManager:220 - loadIPPluginJar : add ipddr
2025-11-18 13:18:11,044 [INFO] IPUIPlugin:80 - create IPUIPlugin
2025-11-18 13:18:11,044 [INFO] PluginManager:220 - loadIPPluginJar : add gfxmmu
2025-11-18 13:18:11,133 [FATAL] Updater:351 - Updater called before beeing initialized
2025-11-18 13:18:11,155 [INFO] RulesReader:64 - Compatibility file has been processed (317 Rules)
2025-11-18 13:18:11,164 [INFO] RulesReader:64 - Compatibility file has been processed (317 Rules)
2025-11-18 13:18:11,169 [INFO] CADModel:165 - CPN selected for project level
2025-11-18 13:18:11,169 [INFO] CADModel:114 - Register for checkConnection events
2025-11-18 13:18:11,169 [FATAL] Updater:351 - Updater called before beeing initialized
2025-11-18 13:18:11,169 [ERROR] CADModel:125 - Updater not yet initialized, retry later 
2025-11-18 13:18:11,248 [FATAL] Updater:351 - Updater called before beeing initialized
2025-11-18 13:18:11,249 [INFO] CADModel:165 - CPN selected for project level
2025-11-18 13:18:11,249 [INFO] CADModel:114 - Register for checkConnection events
2025-11-18 13:18:11,249 [FATAL] Updater:351 - Updater called before beeing initialized
2025-11-18 13:18:11,249 [ERROR] CADModel:125 - Updater not yet initialized, retry later 
2025-11-18 13:18:11,251 [FATAL] Updater:351 - Updater called before beeing initialized
2025-11-18 13:18:11,304 [FATAL] Updater:351 - Updater called before beeing initialized
2025-11-18 13:18:11,307 [INFO] DbMcusAds:53 - JSON generation date=Mon Nov 10 11:43:01 CET 2025 (1762771381096)
2025-11-18 13:18:11,307 [FATAL] Updater:351 - Updater called before beeing initialized
2025-11-18 13:18:11,331 [WARN] DetailPanel:346 - Failed to get advertising image, set to default
2025-11-18 13:18:11,385 [FATAL] Updater:351 - Updater called before beeing initialized
2025-11-18 13:18:11,387 [FATAL] Updater:351 - Updater called before beeing initialized
2025-11-18 13:18:11,387 [FATAL] Updater:351 - Updater called before beeing initialized
2025-11-18 13:18:11,387 [WARN] DetailPanel:346 - Failed to get advertising image, set to default
2025-11-18 13:18:11,388 [FATAL] Updater:351 - Updater called before beeing initialized
2025-11-18 13:18:11,409 [ERROR] Updater:1198 - MainUpdater not yet initialized. External WinMGr cannot be set.
2025-11-18 13:18:11,411 [INFO] Updater:1134 - Updater Version found : 6.15.0
2025-11-18 13:18:11,423 [INFO] ApplicationProperties:184 - Using Application install path: /opt/st/stm32cubeide_1.19.0/plugins/com.st.stm32cube.common.mx_6.15.0.202507011659
2025-11-18 13:18:11,660 [INFO] MainUpdater:2872 - connection check result : 10
2025-11-18 13:18:11,660 [INFO] MainUpdater:289 - Updater Check For Update Now.
2025-11-18 13:18:11,660 [INFO] MicroXplorer:498 - Change Database Version : DB.6.0.150
2025-11-18 13:18:11,664 [INFO] McuFinderGlobals:63 - Set McuFinder mode to 2 (CubeIDE integrated)
2025-11-18 13:18:11,664 [INFO] UserAuth:171 - activating auth plugin
2025-11-18 13:18:11,665 [INFO] UserAuth:487 - Internet connection configuration mode: 1
2025-11-18 13:18:11,680 [INFO] JxBrowserEngine:152 - Initiate JxBrowser Engine with user profile folder
2025-11-18 13:18:11,812 [INFO] CheckServerUpdateThread:120 - End of CheckServer Thread
2025-11-18 13:18:12,490 [INFO] WebApp:169 - Instantiating new browser for Auth
2025-11-18 13:18:13,133 [INFO] WebApp:463 - Apply proxy settings
2025-11-18 13:18:13,133 [INFO] WebApp:548 - Chromium requires no authentication
2025-11-18 13:18:13,145 [INFO] WebApp:491 - Direct internet connection detected
2025-11-18 13:18:13,165 [INFO] WebApp:900 - Register for checkConnection events
2025-11-18 13:18:13,165 [INFO] WebApp:463 - Apply proxy settings
2025-11-18 13:18:13,165 [INFO] WebApp:548 - Chromium requires no authentication
2025-11-18 13:18:13,165 [INFO] WebApp:491 - Direct internet connection detected
2025-11-18 13:18:13,300 [INFO] WebApp:225 - Starting web application
2025-11-18 13:18:13,301 [INFO] WebApp:593 - Web application path used /opt/st/stm32cubeide_1.19.0/plugins/com.st.stm32cube.common.mx_6.15.0.202507011659/db/plugins/mcufinder/reactClient1/index.html
2025-11-18 13:18:13,482 [INFO] WebApp:191 - Connection restablished
2025-11-18 13:18:13,788 [WARN] PackLoader:240 - Cannot read IP mode file for STMicroelectronics.FP-SNS-MOTENVWB1.1.4.0
2025-11-18 13:18:13,798 [WARN] PackLoader:240 - Cannot read IP mode file for STMicroelectronics.FP-ATR-ASTRA1.2.0.2
2025-11-18 13:18:13,801 [WARN] PackLoader:240 - Cannot read IP mode file for STMicroelectronics.FP-ATR-ASTRA1.2.0.1
2025-11-18 13:18:13,806 [WARN] PackLoader:240 - Cannot read IP mode file for STMicroelectronics.X-CUBE-SMBUS.2.1.0
2025-11-18 13:18:13,813 [WARN] PackLoader:240 - Cannot read IP mode file for STMicroelectronics.X-CUBE-WB05N.1.1.0
2025-11-18 13:18:13,818 [WARN] PackLoader:240 - Cannot read IP mode file for STMicroelectronics.X-CUBE-TOUCHGFX.4.23.0
2025-11-18 13:18:13,845 [WARN] PackLoader:240 - Cannot read IP mode file for STMicroelectronics.X-CUBE-AZRTOS-F7.1.1.0
2025-11-18 13:18:13,850 [WARN] PackLoader:240 - Cannot read IP mode file for STMicroelectronics.FP-SNS-MOTENV1.4.3.2
2025-11-18 13:18:13,895 [WARN] PackLoader:240 - Cannot read IP mode file for STMicroelectronics.X-CUBE-MEMS1.11.0.0
2025-11-18 13:18:14,041 [WARN] PackLoader:240 - Cannot read IP mode file for STMicroelectronics.FP-SNS-MOTENV1.5.1.0
2025-11-18 13:18:14,044 [WARN] PackLoader:240 - Cannot read IP mode file for STMicroelectronics.FP-SNS-FLIGHT1.5.0.2
2025-11-18 13:18:14,057 [WARN] PackLoader:240 - Cannot read IP mode file for STMicroelectronics.X-CUBE-AZRTOS-H7.3.4.0
2025-11-18 13:18:14,063 [WARN] PackLoader:240 - Cannot read IP mode file for STMicroelectronics.X-CUBE-DISPLAY.3.0.0
2025-11-18 13:18:14,068 [WARN] PackLoader:240 - Cannot read IP mode file for STMicroelectronics.X-CUBE-BLE1.7.0.0
2025-11-18 13:18:14,071 [WARN] PackLoader:240 - Cannot read IP mode file for STMicroelectronics.X-CUBE-NFC10.1.0.0
2025-11-18 13:18:14,077 [WARN] PackLoader:240 - Cannot read IP mode file for STMicroelectronics.X-CUBE-BLEMGR.4.0.0
2025-11-18 13:18:14,081 [WARN] PackLoader:240 - Cannot read IP mode file for STMicroelectronics.X-CUBE-ST60.1.1.0
2025-11-18 13:18:14,084 [WARN] PackLoader:240 - Cannot read IP mode file for emotas.I-CUBE-CANOPEN.1.3.0
2025-11-18 13:18:14,086 [WARN] PackLoader:240 - Cannot read IP mode file for STMicroelectronics.X-CUBE-GNSS1.7.1.0
2025-11-18 13:18:14,092 [WARN] PackLoader:240 - Cannot read IP mode file for STMicroelectronics.X-CUBE-BLEMGR.3.1.0
2025-11-18 13:18:14,101 [WARN] PackLoader:240 - Cannot read IP mode file for STMicroelectronics.FP-SNS-STBOX1.2.1.0
2025-11-18 13:18:14,106 [WARN] PackLoader:240 - Cannot read IP mode file for STMicroelectronics.FP-SNS-SMARTAG2.1.2.0
2025-11-18 13:18:14,109 [WARN] PackLoader:240 - Cannot read IP mode file for STMicroelectronics.FP-SNS-FLIGHT1.5.1.0
2025-11-18 13:18:14,138 [WARN] PackLoader:240 - Cannot read IP mode file for STMicroelectronics.X-CUBE-MEMS1.11.1.0
2025-11-18 13:18:14,282 [INFO] LogOutputStream:77 - [STDOUT_REDIRECT] 1 : Invalid condition id : UX_CORESTACK_Condition cause : null
2025-11-18 13:18:14,283 [INFO] LogOutputStream:77 - [STDOUT_REDIRECT] 1 : Invalid condition id : UX_CORESTACK_Condition cause : null
2025-11-18 13:18:14,283 [INFO] LogOutputStream:77 - [STDOUT_REDIRECT] 1 : Invalid condition id : UX_CORESTACK_Condition cause : null
2025-11-18 13:18:14,283 [INFO] LogOutputStream:77 - [STDOUT_REDIRECT] 1 : Invalid condition id : UX_CORESTACK_Condition cause : null
2025-11-18 13:18:14,283 [INFO] LogOutputStream:77 - [STDOUT_REDIRECT] 1 : Invalid condition id : UX_CORESTACK_Condition cause : null
2025-11-18 13:18:14,285 [WARN] PackLoader:240 - Cannot read IP mode file for STMicroelectronics.X-CUBE-AZRTOS-WL.2.0.0
2025-11-18 13:18:14,287 [WARN] PackLoader:240 - Cannot read IP mode file for STMicroelectronics.FP-SNS-MOTENV1.5.0.0
2025-11-18 13:18:14,290 [WARN] PackLoader:240 - Cannot read IP mode file for wolfSSL.I-CUBE-wolfMQTT.1.19.0
2025-11-18 13:18:14,294 [WARN] PackLoader:240 - Cannot read IP mode file for WES.I-CUBE-Cesium.1.3.0
2025-11-18 13:18:14,296 [WARN] PackLoader:240 - Cannot read IP mode file for STMicroelectronics.X-CUBE-BLE2.3.3.0
2025-11-18 13:18:14,307 [WARN] PackLoader:240 - Cannot read IP mode file for STMicroelectronics.X-CUBE-NFC9.1.0.0
2025-11-18 13:18:14,311 [WARN] PackLoader:240 - Cannot read IP mode file for STMicroelectronics.X-CUBE-BLE1.7.1.0
2025-11-18 13:18:14,314 [WARN] PackLoader:240 - Cannot read IP mode file for STMicroelectronics.X-CUBE-TCPP.4.1.0
2025-11-18 13:18:14,317 [WARN] PackLoader:240 - Cannot read IP mode file for STMicroelectronics.X-CUBE-EEPRMA1.5.2.0
2025-11-18 13:18:14,321 [WARN] PackLoader:240 - Cannot read IP mode file for STMicroelectronics.X-CUBE-ST67W61.1.1.0
2025-11-18 13:18:14,324 [WARN] PackLoader:240 - Cannot read IP mode file for STMicroelectronics.X-CUBE-ALGOBUILD.1.3.0
2025-11-18 13:18:14,336 [WARN] PackLoader:240 - Cannot read IP mode file for STMicroelectronics.X-CUBE-AZRTOS-G0.1.1.0
2025-11-18 13:18:14,341 [WARN] PackLoader:240 - Cannot read IP mode file for STMicroelectronics.X-CUBE-SAFEA1.1.2.2
2025-11-18 13:18:14,345 [WARN] PackLoader:240 - Cannot read IP mode file for STMicroelectronics.X-CUBE-NFC4.3.0.0
2025-11-18 13:18:14,351 [WARN] PackLoader:240 - Cannot read IP mode file for EmbeddedOffice.I-CUBE-FS-RTOS.1.0.1
2025-11-18 13:18:14,355 [WARN] PackLoader:240 - Cannot read IP mode file for STMicroelectronics.X-CUBE-WB05N.2.0.0
2025-11-18 13:18:14,361 [WARN] PackLoader:240 - Cannot read IP mode file for STMicroelectronics.X-CUBE-BLEMGR.3.0.0
2025-11-18 13:18:14,366 [WARN] PackLoader:240 - Cannot read IP mode file for STMicroelectronics.X-CUBE-TCPP.4.2.0
2025-11-18 13:18:14,369 [WARN] PackLoader:240 - Cannot read IP mode file for RealThread.X-CUBE-RT-Thread_Nano.4.1.1
2025-11-18 13:18:14,371 [WARN] PackLoader:240 - Cannot read IP mode file for STMicroelectronics.FP-ATR-SIGFOX1.3.2.0
2025-11-18 13:18:14,373 [WARN] ConditionMgr:438 - getConditionDescription Invalid condition id : Cortex-A Device cause : null
2025-11-18 13:18:14,378 [WARN] ConditionMgr:1044 - genDependencies : Invalid condition id : Cortex-A Device cause : null
2025-11-18 13:18:14,378 [WARN] ConditionMgr:1044 - genDependencies : Invalid condition id : Cortex-A Device cause : null
2025-11-18 13:18:14,378 [WARN] ConditionMgr:1044 - genDependencies : Invalid condition id : Cortex-A Device cause : null
2025-11-18 13:18:14,381 [WARN] PackLoader:240 - Cannot read IP mode file for STMicroelectronics.X-CUBE-EEPRMA1.5.1.0
2025-11-18 13:18:14,384 [WARN] PackLoader:240 - Cannot read IP mode file for STMicroelectronics.X-CUBE-AI.10.2.0
2025-11-18 13:18:14,403 [WARN] PackLoader:240 - Cannot read IP mode file for SEGGER.I-CUBE-embOS.1.3.1
2025-11-18 13:18:14,428 [WARN] PackLoader:240 - Cannot read IP mode file for STMicroelectronics.X-CUBE-ALGOBUILD.1.4.0
2025-11-18 13:18:14,463 [WARN] PackLoader:240 - Cannot read IP mode file for STMicroelectronics.X-CUBE-MEMS1.11.3.0
2025-11-18 13:18:14,540 [WARN] PackLoader:240 - Cannot read IP mode file for STMicroelectronics.X-CUBE-AI.9.1.0
2025-11-18 13:18:14,542 [WARN] PackLoader:240 - Cannot read IP mode file for STMicroelectronics.X-CUBE-PM33A1.1.0.0
2025-11-18 13:18:14,546 [WARN] PackLoader:240 - Cannot read IP mode file for STMicroelectronics.X-CUBE-GNSS1.6.0.0
2025-11-18 13:18:14,554 [WARN] PackLoader:240 - Cannot read IP mode file for STMicroelectronics.X-CUBE-AZRTOS-F4.1.1.0
2025-11-18 13:18:14,557 [WARN] PackLoader:240 - Cannot read IP mode file for wolfSSL.I-CUBE-wolfSSL.5.6.4
2025-11-18 13:18:14,559 [WARN] PackLoader:240 - Cannot read IP mode file for STMicroelectronics.X-CUBE-ISPU.2.1.0
2025-11-18 13:18:14,566 [WARN] PackLoader:240 - Cannot read IP mode file for STMicroelectronics.X-CUBE-IPS.3.2.0
2025-11-18 13:18:14,571 [WARN] PackLoader:240 - Cannot read IP mode file for STMicroelectronics.X-CUBE-FREERTOS.1.2.0
2025-11-18 13:18:14,574 [WARN] PackLoader:240 - Cannot read IP mode file for STMicroelectronics.X-CUBE-NFC12.1.0.0
2025-11-18 13:18:14,584 [WARN] PackLoader:240 - Cannot read IP mode file for STMicroelectronics.X-CUBE-AZRTOS-L5.2.0.0
2025-11-18 13:18:14,587 [WARN] PackLoader:240 - Cannot read IP mode file for STMicroelectronics.X-CUBE-EEPRMA1.4.2.0
2025-11-18 13:18:14,591 [WARN] PackLoader:240 - Cannot read IP mode file for STMicroelectronics.X-CUBE-NFC6.3.1.0
2025-11-18 13:18:14,594 [WARN] PackLoader:240 - Cannot read IP mode file for ITTIA_DB.I-CUBE-ITTIADB.8.8.0
2025-11-18 13:18:14,597 [WARN] PackLoader:240 - Cannot read IP mode file for STMicroelectronics.X-CUBE-DPower.1.2.0
2025-11-18 13:18:14,599 [WARN] PackLoader:240 - Cannot read IP mode file for STMicroelectronics.X-CUBE-FREERTOS.1.3.1
2025-11-18 13:18:14,601 [WARN] PackLoader:240 - Cannot read IP mode file for STMicroelectronics.X-CUBE-FREERTOS.1.3.0
2025-11-18 13:18:14,603 [WARN] PackLoader:240 - Cannot read IP mode file for STMicroelectronics.X-CUBE-NFC7.1.0.1
2025-11-18 13:18:14,605 [WARN] PackLoader:240 - Cannot read IP mode file for STMicroelectronics.X-CUBE-TOUCHGFX.4.26.0
2025-11-18 13:18:14,608 [WARN] PackLoader:240 - Cannot read IP mode file for STMicroelectronics.X-CUBE-NFC6.3.0.0
2025-11-18 13:18:14,611 [WARN] PackLoader:240 - Cannot read IP mode file for STMicroelectronics.FP-SNS-STAIOTCFT.1.0.0
2025-11-18 13:18:14,614 [WARN] PackLoader:240 - Cannot read IP mode file for STMicroelectronics.X-CUBE-DPower.1.3.0
2025-11-18 13:18:14,615 [WARN] PackLoader:240 - Cannot read IP mode file for STMicroelectronics.X-CUBE-AI.8.1.0
2025-11-18 13:18:14,624 [WARN] ConditionMgr:438 - getConditionDescription Invalid condition id : LAN8742 Phy interface Condition cause : null
2025-11-18 13:18:14,624 [WARN] PackLoader:240 - Cannot read IP mode file for STMicroelectronics.X-CUBE-AZRTOS-L4.2.0.0
2025-11-18 13:18:14,625 [WARN] ConditionMgr:1044 - genDependencies : Invalid condition id : LAN8742 Phy interface Condition cause : null
2025-11-18 13:18:14,625 [WARN] ConditionMgr:1044 - genDependencies : Invalid condition id : LAN8742 Phy interface Condition cause : null
2025-11-18 13:18:14,626 [WARN] ConditionMgr:1044 - genDependencies : Invalid condition id : LAN8742 Phy interface Condition cause : null
2025-11-18 13:18:14,629 [WARN] PackLoader:240 - Cannot read IP mode file for STMicroelectronics.X-CUBE-SFXS2LP1.4.0.0
2025-11-18 13:18:14,647 [WARN] PackLoader:240 - Cannot read IP mode file for STMicroelectronics.X-CUBE-AZRTOS-H7.3.3.0
2025-11-18 13:18:14,655 [WARN] PackLoader:240 - Cannot read IP mode file for STMicroelectronics.X-CUBE-BLEMGR.4.1.0
2025-11-18 13:18:14,664 [WARN] PackLoader:240 - Cannot read IP mode file for STMicroelectronics.X-CUBE-IPS.3.0.0
2025-11-18 13:18:14,673 [WARN] ConditionMgr:438 - getConditionDescription Invalid condition id : UX DEVICE CLASS RTOS Condition cause : null
2025-11-18 13:18:14,673 [WARN] ConditionMgr:438 - getConditionDescription Invalid condition id : UX DEVICE CLASS RTOS Condition cause : null
2025-11-18 13:18:14,675 [WARN] PackLoader:240 - Cannot read IP mode file for STMicroelectronics.X-CUBE-AZRTOS-WB.2.0.0
2025-11-18 13:18:14,675 [WARN] ConditionMgr:1044 - genDependencies : Invalid condition id : UX DEVICE CLASS RTOS Condition cause : null
2025-11-18 13:18:14,675 [WARN] ConditionMgr:1044 - genDependencies : Invalid condition id : UX DEVICE CLASS RTOS Condition cause : null
2025-11-18 13:18:14,676 [WARN] ConditionMgr:1044 - genDependencies : Invalid condition id : UX DEVICE CLASS RTOS Condition cause : null
2025-11-18 13:18:14,676 [WARN] ConditionMgr:1044 - genDependencies : Invalid condition id : UX DEVICE CLASS RTOS Condition cause : null
2025-11-18 13:18:14,676 [WARN] ConditionMgr:1044 - genDependencies : Invalid condition id : UX DEVICE CLASS RTOS Condition cause : null
2025-11-18 13:18:14,679 [WARN] PackLoader:240 - Cannot read IP mode file for STMicroelectronics.X-CUBE-GNSS1.7.0.0
2025-11-18 13:18:14,682 [WARN] PackLoader:240 - Cannot read IP mode file for STMicroelectronics.X-CUBE-GNSS1.7.0.1
2025-11-18 13:18:14,686 [WARN] PackLoader:240 - Cannot read IP mode file for STMicroelectronics.FP-SNS-STBOX1.2.0.0
2025-11-18 13:18:14,696 [WARN] PackLoader:240 - Cannot read IP mode file for STMicroelectronics.X-CUBE-SUBG2.5.0.0
2025-11-18 13:18:14,712 [WARN] PackLoader:240 - Cannot read IP mode file for STMicroelectronics.X-CUBE-AZRTOS-H7RS.1.1.0
2025-11-18 13:18:14,715 [WARN] PackLoader:240 - Cannot read IP mode file for Cesanta.I-CUBE-Mongoose.7.13.0
2025-11-18 13:18:14,735 [WARN] PackLoader:240 - Cannot read IP mode file for STMicroelectronics.X-CUBE-AZRTOS-G4.2.0.0
2025-11-18 13:18:14,742 [WARN] PackLoader:240 - Cannot read IP mode file for Infineon.AIROC-Wi-Fi-Bluetooth-STM32.1.5.1
2025-11-18 13:18:14,746 [WARN] PackLoader:240 - Cannot read IP mode file for STMicroelectronics.X-CUBE-NFC7.2.0.0
2025-11-18 13:18:14,748 [WARN] PackLoader:240 - Cannot read IP mode file for STMicroelectronics.FP-SNS-MOTENVWB1.1.3.1
2025-11-18 13:18:14,750 [WARN] PackLoader:240 - Cannot read IP mode file for STMicroelectronics.X-CUBE-ISPU.2.0.0
2025-11-18 13:18:14,755 [WARN] PackLoader:240 - Cannot read IP mode file for STMicroelectronics.X-CUBE-IPS.3.1.0
2025-11-18 13:18:14,761 [WARN] PackLoader:240 - Cannot read IP mode file for STMicroelectronics.X-CUBE-ALS.1.0.2
2025-11-18 13:18:14,785 [WARN] PackLoader:240 - Cannot read IP mode file for STMicroelectronics.X-CUBE-MEMS1.10.0.0
2025-11-18 13:18:14,854 [WARN] PackLoader:240 - Cannot read IP mode file for STMicroelectronics.X-CUBE-FREERTOS.1.1.0
2025-11-18 13:18:14,856 [WARN] PackLoader:240 - Cannot read IP mode file for STMicroelectronics.X-CUBE-TOUCHGFX.4.24.2
2025-11-18 13:18:14,857 [WARN] PackLoader:240 - Cannot read IP mode file for STMicroelectronics.X-CUBE-TOUCHGFX.4.24.1
2025-11-18 13:18:14,861 [WARN] PackLoader:240 - Cannot read IP mode file for STMicroelectronics.X-CUBE-STSE01.1.0.0
2025-11-18 13:18:14,863 [WARN] PackLoader:240 - Cannot read IP mode file for wolfSSL.I-CUBE-wolfTPM.3.4.0
2025-11-18 13:18:14,865 [WARN] PackLoader:240 - Cannot read IP mode file for portGmbH.I-Cube-SoM-uGOAL.1.1.0
2025-11-18 13:18:14,867 [WARN] PackLoader:240 - Cannot read IP mode file for STMicroelectronics.X-CUBE-ALS.1.0.1
2025-11-18 13:18:14,875 [WARN] PackLoader:240 - Cannot read IP mode file for STMicroelectronics.X-CUBE-AZRTOS-H7RS.1.0.0
2025-11-18 13:18:14,878 [WARN] PackLoader:240 - Cannot read IP mode file for STMicroelectronics.FP-ATR-ASTRA1.2.0.0
2025-11-18 13:18:14,883 [WARN] PackLoader:240 - Cannot read IP mode file for STMicroelectronics.X-CUBE-TOF1.3.4.2
2025-11-18 13:18:14,893 [WARN] PackLoader:240 - Cannot read IP mode file for STMicroelectronics.X-CUBE-TOF1.3.4.3
2025-11-18 13:18:14,903 [WARN] PackLoader:240 - Cannot read IP mode file for STMicroelectronics.X-CUBE-TOF1.3.4.0
2025-11-18 13:18:14,917 [WARN] PackLoader:240 - Cannot read IP mode file for STMicroelectronics.X-CUBE-AZRTOS-H7.3.2.0
2025-11-18 13:18:14,920 [WARN] PackLoader:240 - Cannot read IP mode file for wolfSSL.I-CUBE-wolfSSH.1.4.17
2025-11-18 13:18:14,920 [INFO] ThirdParty:978 - Integrity check success = true
2025-11-18 13:18:14,920 [INFO] IntegrityCheckThread:100 - exiting critical section [integrity check]
2025-11-18 13:18:14,920 [INFO] IntegrityCheckThread:103 - End integrity checks thread
2025-11-18 14:46:45,483 [ERROR] LogOutputStream:75 - [STDERR_REDIRECT] 
2025-11-25 13:22:02,729 [INFO] Activator:176 - 


2025-11-25 13:22:02,731 [INFO] Activator:177 - !SESSION log4j initialized
2025-11-25 13:22:05,834 [INFO] LogOutputStream:77 - [STDOUT_REDIRECT] 
2025-11-25 13:22:06,147 [INFO] ApplicationProperties:184 - Using Application install path: /opt/st/stm32cubeide_1.19.0/plugins/com.st.stm32cube.common.mx_6.15.0.202507011659
2025-11-25 13:22:06,159 [INFO] DbMcusXml:78 - Set database path to: /opt/st/stm32cubeide_1.19.0/plugins/com.st.stm32cube.common.mx_6.15.0.202507011659//db//mcu/
2025-11-25 13:22:06,160 [INFO] ApiDb:274 - Set plugin database path to: /opt/st/stm32cubeide_1.19.0/plugins/com.st.stm32cube.common.mx_6.15.0.202507011659//db//plugins/boardmanager/
2025-11-25 13:22:06,160 [WARN] ApiDb:259 - Overriding images path with different value:  => /opt/st/stm32cubeide_1.19.0/plugins/com.st.stm32cube.common.mx_6.15.0.202507011659//db//plugins/mcufinder/images/
2025-11-25 13:22:06,163 [INFO] ApiDb:250 - Set database path to: /home/student/.stmcufinder/plugins/mcufinder//mcu/
2025-11-25 13:22:06,164 [INFO] DbMcusAds:125 - Set database path to: /home/student/.stmcufinder/plugins/mcufinder//mcu/
2025-11-25 13:22:06,165 [INFO] CrossReferenceDbSqlite:203 - Set database path to: /home/student/.stmcufinder/plugins/mcufinder//mcu/cs/
2025-11-25 13:22:06,247 [INFO] RulesReader:64 - Compatibility file has been processed (317 Rules)
2025-11-25 13:22:06,284 [INFO] DbMcusXml:78 - Set database path to: /opt/st/stm32cubeide_1.19.0/plugins/com.st.stm32cube.common.mx_6.15.0.202507011659//db//mcu/
2025-11-25 13:22:06,284 [INFO] ApiDb:274 - Set plugin database path to: /opt/st/stm32cubeide_1.19.0/plugins/com.st.stm32cube.common.mx_6.15.0.202507011659//db//plugins/boardmanager/
2025-11-25 13:22:06,284 [INFO] ApiDb:261 - Set plugin images path to: /opt/st/stm32cubeide_1.19.0/plugins/com.st.stm32cube.common.mx_6.15.0.202507011659//db//plugins/mcufinder/images/
2025-11-25 13:22:06,284 [WARN] DbFile:41 - Overriding database path with different value: /home/student/.stmcufinder/plugins/mcufinder/ => /home/student/.stmcufinder/plugins/mcufinder
2025-11-25 13:22:06,284 [INFO] ApiDb:250 - Set database path to: /home/student/.stmcufinder/plugins/mcufinder//mcu/
2025-11-25 13:22:06,284 [WARN] DbFile:41 - Overriding database path with different value: /home/student/.stmcufinder/plugins/mcufinder/ => /home/student/.stmcufinder/plugins/mcufinder
2025-11-25 13:22:06,284 [INFO] DbMcusAds:125 - Set database path to: /home/student/.stmcufinder/plugins/mcufinder//mcu/
2025-11-25 13:22:06,284 [WARN] DbFile:41 - Overriding database path with different value: /home/student/.stmcufinder/plugins/mcufinder/ => /home/student/.stmcufinder/plugins/mcufinder
2025-11-25 13:22:06,284 [WARN] DbFile:41 - Overriding database path with different value: /home/student/.stmcufinder/plugins/mcufinder/ => /home/student/.stmcufinder/plugins/mcufinder
2025-11-25 13:22:06,285 [INFO] CrossReferenceDbSqlite:203 - Set database path to: /home/student/.stmcufinder/plugins/mcufinder//mcu/cs/
2025-11-25 13:22:06,323 [INFO] MainPanel:274 - HeapMemory: 268435456
2025-11-25 13:22:06,389 [INFO] DbMcusXml:78 - Set database path to: /opt/st/stm32cubeide_1.19.0/plugins/com.st.stm32cube.common.mx_6.15.0.202507011659//db//mcu/
2025-11-25 13:22:06,389 [INFO] ApiDb:274 - Set plugin database path to: /opt/st/stm32cubeide_1.19.0/plugins/com.st.stm32cube.common.mx_6.15.0.202507011659//db//plugins/boardmanager/
2025-11-25 13:22:06,389 [INFO] ApiDb:261 - Set plugin images path to: /opt/st/stm32cubeide_1.19.0/plugins/com.st.stm32cube.common.mx_6.15.0.202507011659//db//plugins/mcufinder/images/
2025-11-25 13:22:06,389 [WARN] DbFile:41 - Overriding database path with different value: /home/student/.stmcufinder/plugins/mcufinder/ => /home/student/.stmcufinder/plugins/mcufinder
2025-11-25 13:22:06,389 [INFO] ApiDb:250 - Set database path to: /home/student/.stmcufinder/plugins/mcufinder//mcu/
2025-11-25 13:22:06,389 [WARN] DbFile:41 - Overriding database path with different value: /home/student/.stmcufinder/plugins/mcufinder/ => /home/student/.stmcufinder/plugins/mcufinder
2025-11-25 13:22:06,389 [INFO] DbMcusAds:125 - Set database path to: /home/student/.stmcufinder/plugins/mcufinder//mcu/
2025-11-25 13:22:06,389 [WARN] DbFile:41 - Overriding database path with different value: /home/student/.stmcufinder/plugins/mcufinder/ => /home/student/.stmcufinder/plugins/mcufinder
2025-11-25 13:22:06,389 [WARN] DbFile:41 - Overriding database path with different value: /home/student/.stmcufinder/plugins/mcufinder/ => /home/student/.stmcufinder/plugins/mcufinder
2025-11-25 13:22:06,389 [INFO] CrossReferenceDbSqlite:203 - Set database path to: /home/student/.stmcufinder/plugins/mcufinder//mcu/cs/
2025-11-25 13:22:06,399 [INFO] ApplicationProperties:184 - Using Application install path: /opt/st/stm32cubeide_1.19.0/plugins/com.st.stm32cube.common.mx_6.15.0.202507011659
2025-11-25 13:22:06,400 [INFO] PluginManage:196 - Search for loadable plugins [exclusion list=, ]
2025-11-25 13:22:06,401 [INFO] PluginManage:310 - Check plugin analytics
2025-11-25 13:22:06,528 [INFO] AnalyticsPlugin:253 - Accepted Software Licenses: 
2025-11-25 13:22:06,528 [INFO] AnalyticsPlugin:255 - Accepted CMSIS Pack Licenses: 
2025-11-25 13:22:06,528 [INFO] AnalyticsPlugin:257 - Accepted Firmware Licenses: 
2025-11-25 13:22:06,530 [INFO] PluginManage:359 - Loaded plugin analytics (category:tool,tabindex:-1)
2025-11-25 13:22:06,530 [INFO] PluginManage:310 - Check plugin cadmodel
2025-11-25 13:22:06,532 [INFO] CADModel:105 - Init CAD model plugin
2025-11-25 13:22:06,532 [INFO] PluginManage:359 - Loaded plugin cadmodel (category:power,tabindex:5)
2025-11-25 13:22:06,532 [INFO] PluginManage:310 - Check plugin clock
2025-11-25 13:22:06,537 [INFO] PluginManage:359 - Loaded plugin clock (category:base,tabindex:2)
2025-11-25 13:22:06,538 [INFO] PluginManage:310 - Check plugin ddr
2025-11-25 13:22:06,539 [INFO] PluginManage:359 - Loaded plugin ddr (category:tool,tabindex:6)
2025-11-25 13:22:06,539 [INFO] PluginManage:310 - Check plugin filemanager
2025-11-25 13:22:06,632 [INFO] PluginManage:359 - Loaded plugin filemanager (category:base,tabindex:10)
2025-11-25 13:22:06,632 [INFO] PluginManage:310 - Check plugin ipmanager
2025-11-25 13:22:06,635 [INFO] PluginManage:359 - Loaded plugin ipmanager (category:base,tabindex:5)
2025-11-25 13:22:06,635 [INFO] PluginManage:310 - Check plugin lpbam
2025-11-25 13:22:06,640 [INFO] PluginManage:359 - Loaded plugin lpbam (category:base,tabindex:0)
2025-11-25 13:22:06,640 [INFO] PluginManage:310 - Check plugin memorymap
2025-11-25 13:22:06,647 [INFO] PluginManage:359 - Loaded plugin memorymap (category:base,tabindex:4)
2025-11-25 13:22:06,647 [INFO] PluginManage:310 - Check plugin pinoutandconfiguration
2025-11-25 13:22:06,652 [INFO] PluginManage:359 - Loaded plugin pinoutandconfiguration (category:base,tabindex:1)
2025-11-25 13:22:06,652 [INFO] PluginManage:310 - Check plugin pinoutconfig
2025-11-25 13:22:06,707 [WARN] SupportedApi:132 - Cannot load RTOS API schema: s4s-elt-must-match.1: The content of 'definitions' must match (annotation?, (simpleType | complexType)?, (unique | key | keyref)*)). A problem was found starting at: attribute.
2025-11-25 13:22:06,789 [INFO] PluginManage:359 - Loaded plugin pinoutconfig (category:base,tabindex:0)
2025-11-25 13:22:06,789 [INFO] PluginManage:310 - Check plugin power
2025-11-25 13:22:06,794 [INFO] PluginManage:359 - Loaded plugin power (category:power,tabindex:4)
2025-11-25 13:22:06,794 [INFO] PluginManage:310 - Check plugin projectmanager
2025-11-25 13:22:06,804 [INFO] PluginManage:359 - Loaded plugin projectmanager (category:projectmanager,tabindex:4)
2025-11-25 13:22:06,804 [INFO] PluginManage:310 - Check plugin rif
2025-11-25 13:22:06,810 [INFO] PluginManage:359 - Loaded plugin rif (category:base,tabindex:3)
2025-11-25 13:22:06,810 [INFO] PluginManage:310 - Check plugin thirdparty
2025-11-25 13:22:06,883 [INFO] PluginManage:359 - Loaded plugin thirdparty (category:base,tabindex:-1)
2025-11-25 13:22:06,883 [WARN] IntegrityCheckThread:84 - waiting for thirdparty lock release [integrity check]
2025-11-25 13:22:06,883 [INFO] PluginManage:310 - Check plugin tools
2025-11-25 13:22:06,884 [INFO] IntegrityCheckThread:86 - entering critical section [integrity check]
2025-11-25 13:22:06,884 [INFO] ThirdPartyUpdaterWithRetryManager:70 - Updater plugin not ready yet. [1/15]
2025-11-25 13:22:06,885 [INFO] PluginManage:359 - Loaded plugin tools (category:base,tabindex:7)
2025-11-25 13:22:06,885 [INFO] PluginManage:310 - Check plugin tutovideos
2025-11-25 13:22:07,016 [INFO] PluginManage:359 - Loaded plugin tutovideos (category:base,tabindex:-1)
2025-11-25 13:22:07,016 [INFO] PluginManage:310 - Check plugin updater
2025-11-25 13:22:07,030 [INFO] PluginManage:359 - Loaded plugin updater (category:base,tabindex:12)
2025-11-25 13:22:07,030 [INFO] PluginManage:310 - Check plugin userauth
2025-11-25 13:22:07,032 [INFO] UserAuth:118 - Init User Auth plugin
2025-11-25 13:22:07,032 [INFO] PluginManage:359 - Loaded plugin userauth (category:base,tabindex:14)
2025-11-25 13:22:07,033 [INFO] PluginManage:283 - PluginManage : Loaded plugins [18]
2025-11-25 13:22:07,143 [INFO] PinOutPanel:1589 - setPackage(No Configuration,No Configuration)
2025-11-25 13:22:07,183 [INFO] CADModel:165 - CPN selected for project level
2025-11-25 13:22:07,183 [INFO] CADModel:114 - Register for checkConnection events
2025-11-25 13:22:07,190 [INFO] IPUIPlugin:80 - create IPUIPlugin
2025-11-25 13:22:07,190 [INFO] PluginManager:220 - loadIPPluginJar : add resmgrutility
2025-11-25 13:22:07,193 [INFO] IPUIPlugin:80 - create IPUIPlugin
2025-11-25 13:22:07,194 [INFO] PluginManager:220 - loadIPPluginJar : add extmemmanager
2025-11-25 13:22:07,195 [INFO] IPUIPlugin:80 - create IPUIPlugin
2025-11-25 13:22:07,195 [INFO] PluginManager:220 - loadIPPluginJar : add hash
2025-11-25 13:22:07,196 [INFO] IPUIPlugin:80 - create IPUIPlugin
2025-11-25 13:22:07,196 [INFO] PluginManager:220 - loadIPPluginJar : add can
2025-11-25 13:22:07,199 [INFO] IPUIPlugin:80 - create IPUIPlugin
2025-11-25 13:22:07,199 [INFO] PluginManager:220 - loadIPPluginJar : add gic
2025-11-25 13:22:07,201 [INFO] IPUIPlugin:80 - create IPUIPlugin
2025-11-25 13:22:07,201 [INFO] PluginManager:220 - loadIPPluginJar : add pdm2pcm
2025-11-25 13:22:07,202 [INFO] IPUIPlugin:80 - create IPUIPlugin
2025-11-25 13:22:07,202 [INFO] PluginManager:220 - loadIPPluginJar : add genericplugin
2025-11-25 13:22:07,203 [INFO] IPUIPlugin:80 - create IPUIPlugin
2025-11-25 13:22:07,203 [INFO] PluginManager:220 - loadIPPluginJar : add i3c
2025-11-25 13:22:07,204 [INFO] IPUIPlugin:80 - create IPUIPlugin
2025-11-25 13:22:07,204 [INFO] PluginManager:220 - loadIPPluginJar : add comp
2025-11-25 13:22:07,207 [INFO] IPUIPlugin:80 - create IPUIPlugin
2025-11-25 13:22:07,208 [INFO] PluginManager:220 - loadIPPluginJar : add dma
2025-11-25 13:22:07,209 [INFO] IPUIPlugin:80 - create IPUIPlugin
2025-11-25 13:22:07,209 [INFO] PluginManager:220 - loadIPPluginJar : add opamp
2025-11-25 13:22:07,210 [INFO] IPUIPlugin:80 - create IPUIPlugin
2025-11-25 13:22:07,210 [INFO] PluginManager:220 - loadIPPluginJar : add lorawan
2025-11-25 13:22:07,211 [INFO] IPUIPlugin:80 - create IPUIPlugin
2025-11-25 13:22:07,212 [INFO] PluginManager:220 - loadIPPluginJar : add cryp
2025-11-25 13:22:07,213 [INFO] IPUIPlugin:80 - create IPUIPlugin
2025-11-25 13:22:07,213 [INFO] PluginManager:220 - loadIPPluginJar : add i2c
2025-11-25 13:22:07,214 [INFO] IPUIPlugin:80 - create IPUIPlugin
2025-11-25 13:22:07,214 [INFO] PluginManager:220 - loadIPPluginJar : add radio
2025-11-25 13:22:07,216 [INFO] IPUIPlugin:80 - create IPUIPlugin
2025-11-25 13:22:07,216 [INFO] PluginManager:220 - loadIPPluginJar : add gpio
2025-11-25 13:22:07,217 [INFO] IPUIPlugin:80 - create IPUIPlugin
2025-11-25 13:22:07,218 [INFO] PluginManager:220 - loadIPPluginJar : add ddr_ctrl_phy
2025-11-25 13:22:07,219 [INFO] IPUIPlugin:80 - create IPUIPlugin
2025-11-25 13:22:07,219 [INFO] PluginManager:220 - loadIPPluginJar : add usart
2025-11-25 13:22:07,220 [INFO] IPUIPlugin:80 - create IPUIPlugin
2025-11-25 13:22:07,220 [INFO] PluginManager:220 - loadIPPluginJar : add tracer_emb
2025-11-25 13:22:07,221 [INFO] IPUIPlugin:80 - create IPUIPlugin
2025-11-25 13:22:07,221 [INFO] PluginManager:220 - loadIPPluginJar : add i2s
2025-11-25 13:22:07,223 [INFO] IPUIPlugin:80 - create IPUIPlugin
2025-11-25 13:22:07,223 [INFO] PluginManager:220 - loadIPPluginJar : add gtzc
2025-11-25 13:22:07,226 [INFO] IPUIPlugin:80 - create IPUIPlugin
2025-11-25 13:22:07,226 [INFO] PluginManager:220 - loadIPPluginJar : add freertos
2025-11-25 13:22:07,228 [INFO] IPUIPlugin:80 - create IPUIPlugin
2025-11-25 13:22:07,228 [INFO] PluginManager:220 - loadIPPluginJar : add nvic
2025-11-25 13:22:07,229 [INFO] IPUIPlugin:80 - create IPUIPlugin
2025-11-25 13:22:07,229 [INFO] PluginManager:220 - loadIPPluginJar : add fatfs
2025-11-25 13:22:07,230 [INFO] IPUIPlugin:80 - create IPUIPlugin
2025-11-25 13:22:07,230 [INFO] PluginManager:220 - loadIPPluginJar : add aes
2025-11-25 13:22:07,231 [INFO] IPUIPlugin:80 - create IPUIPlugin
2025-11-25 13:22:07,231 [INFO] PluginManager:220 - loadIPPluginJar : add tsc
2025-11-25 13:22:07,232 [INFO] IPUIPlugin:80 - create IPUIPlugin
2025-11-25 13:22:07,232 [INFO] PluginManager:220 - loadIPPluginJar : add dfsdm
2025-11-25 13:22:07,234 [INFO] IPUIPlugin:80 - create IPUIPlugin
2025-11-25 13:22:07,234 [INFO] PluginManager:220 - loadIPPluginJar : add sai
2025-11-25 13:22:07,235 [INFO] IPUIPlugin:80 - create IPUIPlugin
2025-11-25 13:22:07,235 [INFO] PluginManager:220 - loadIPPluginJar : add usbx
2025-11-25 13:22:07,239 [INFO] IPUIPlugin:80 - create IPUIPlugin
2025-11-25 13:22:07,239 [INFO] PluginManager:220 - loadIPPluginJar : add stm32_wpan
2025-11-25 13:22:07,240 [INFO] IPUIPlugin:80 - create IPUIPlugin
2025-11-25 13:22:07,240 [INFO] PluginManager:220 - loadIPPluginJar : add quadspi
2025-11-25 13:22:07,241 [INFO] IPUIPlugin:80 - create IPUIPlugin
2025-11-25 13:22:07,241 [INFO] PluginManager:220 - loadIPPluginJar : add ucpd
2025-11-25 13:22:07,243 [INFO] IPUIPlugin:80 - create IPUIPlugin
2025-11-25 13:22:07,243 [INFO] PluginManager:220 - loadIPPluginJar : add fmc
2025-11-25 13:22:07,244 [INFO] IPUIPlugin:80 - create IPUIPlugin
2025-11-25 13:22:07,244 [INFO] PluginManager:220 - loadIPPluginJar : add spi
2025-11-25 13:22:07,245 [INFO] IPUIPlugin:80 - create IPUIPlugin
2025-11-25 13:22:07,245 [INFO] PluginManager:220 - loadIPPluginJar : add tim
2025-11-25 13:22:07,248 [INFO] IPUIPlugin:80 - create IPUIPlugin
2025-11-25 13:22:07,249 [INFO] PluginManager:220 - loadIPPluginJar : add mdma
2025-11-25 13:22:07,252 [INFO] IPUIPlugin:80 - create IPUIPlugin
2025-11-25 13:22:07,252 [INFO] PluginManager:220 - loadIPPluginJar : add adc
2025-11-25 13:22:07,253 [INFO] IPUIPlugin:80 - create IPUIPlugin
2025-11-25 13:22:07,253 [INFO] PluginManager:220 - loadIPPluginJar : add dma3
2025-11-25 13:22:07,256 [INFO] IPUIPlugin:80 - create IPUIPlugin
2025-11-25 13:22:07,257 [INFO] PluginManager:220 - loadIPPluginJar : add plateformsettings
2025-11-25 13:22:07,259 [INFO] IPUIPlugin:80 - create IPUIPlugin
2025-11-25 13:22:07,259 [INFO] PluginManager:220 - loadIPPluginJar : add openamp
2025-11-25 13:22:07,260 [INFO] IPUIPlugin:80 - create IPUIPlugin
2025-11-25 13:22:07,260 [INFO] PluginManager:220 - loadIPPluginJar : add ts
2025-11-25 13:22:07,261 [INFO] IPUIPlugin:80 - create IPUIPlugin
2025-11-25 13:22:07,261 [INFO] PluginManager:220 - loadIPPluginJar : add touchsensing
2025-11-25 13:22:07,262 [INFO] IPUIPlugin:80 - create IPUIPlugin
2025-11-25 13:22:07,262 [INFO] PluginManager:220 - loadIPPluginJar : add ltdc
2025-11-25 13:22:07,266 [INFO] IPUIPlugin:80 - create IPUIPlugin
2025-11-25 13:22:07,266 [INFO] PluginManager:220 - loadIPPluginJar : add linkedlist
2025-11-25 13:22:07,268 [INFO] IPUIPlugin:80 - create IPUIPlugin
2025-11-25 13:22:07,268 [INFO] PluginManager:220 - loadIPPluginJar : add ipddr
2025-11-25 13:22:07,269 [INFO] IPUIPlugin:80 - create IPUIPlugin
2025-11-25 13:22:07,269 [INFO] PluginManager:220 - loadIPPluginJar : add gfxmmu
2025-11-25 13:22:07,360 [FATAL] Updater:351 - Updater called before beeing initialized
2025-11-25 13:22:07,377 [INFO] RulesReader:64 - Compatibility file has been processed (317 Rules)
2025-11-25 13:22:07,384 [INFO] RulesReader:64 - Compatibility file has been processed (317 Rules)
2025-11-25 13:22:07,389 [INFO] CADModel:165 - CPN selected for project level
2025-11-25 13:22:07,389 [INFO] CADModel:114 - Register for checkConnection events
2025-11-25 13:22:07,389 [FATAL] Updater:351 - Updater called before beeing initialized
2025-11-25 13:22:07,389 [ERROR] CADModel:125 - Updater not yet initialized, retry later 
2025-11-25 13:22:07,476 [FATAL] Updater:351 - Updater called before beeing initialized
2025-11-25 13:22:07,477 [INFO] CADModel:165 - CPN selected for project level
2025-11-25 13:22:07,477 [INFO] CADModel:114 - Register for checkConnection events
2025-11-25 13:22:07,477 [FATAL] Updater:351 - Updater called before beeing initialized
2025-11-25 13:22:07,477 [ERROR] CADModel:125 - Updater not yet initialized, retry later 
2025-11-25 13:22:07,480 [FATAL] Updater:351 - Updater called before beeing initialized
2025-11-25 13:22:07,545 [FATAL] Updater:351 - Updater called before beeing initialized
2025-11-25 13:22:07,548 [INFO] DbMcusAds:53 - JSON generation date=Mon Nov 10 11:43:01 CET 2025 (1762771381096)
2025-11-25 13:22:07,548 [FATAL] Updater:351 - Updater called before beeing initialized
2025-11-25 13:22:07,571 [WARN] DetailPanel:346 - Failed to get advertising image, set to default
2025-11-25 13:22:07,625 [FATAL] Updater:351 - Updater called before beeing initialized
2025-11-25 13:22:07,626 [FATAL] Updater:351 - Updater called before beeing initialized
2025-11-25 13:22:07,626 [FATAL] Updater:351 - Updater called before beeing initialized
2025-11-25 13:22:07,626 [WARN] DetailPanel:346 - Failed to get advertising image, set to default
2025-11-25 13:22:07,627 [FATAL] Updater:351 - Updater called before beeing initialized
2025-11-25 13:22:07,649 [ERROR] Updater:1198 - MainUpdater not yet initialized. External WinMGr cannot be set.
2025-11-25 13:22:07,650 [INFO] Updater:1134 - Updater Version found : 6.15.0
2025-11-25 13:22:07,660 [INFO] ApplicationProperties:184 - Using Application install path: /opt/st/stm32cubeide_1.19.0/plugins/com.st.stm32cube.common.mx_6.15.0.202507011659
2025-11-25 13:22:07,891 [INFO] MainUpdater:2872 - connection check result : 10
2025-11-25 13:22:07,891 [INFO] MainUpdater:289 - Updater Check For Update Now.
2025-11-25 13:22:07,891 [INFO] MicroXplorer:498 - Change Database Version : DB.6.0.150
2025-11-25 13:22:07,895 [INFO] McuFinderGlobals:63 - Set McuFinder mode to 2 (CubeIDE integrated)
2025-11-25 13:22:07,895 [INFO] UserAuth:171 - activating auth plugin
2025-11-25 13:22:07,897 [INFO] UserAuth:487 - Internet connection configuration mode: 1
2025-11-25 13:22:07,907 [INFO] JxBrowserEngine:152 - Initiate JxBrowser Engine with user profile folder
2025-11-25 13:22:08,042 [INFO] CheckServerUpdateThread:120 - End of CheckServer Thread
2025-11-25 13:22:08,279 [INFO] WebApp:169 - Instantiating new browser for Auth
2025-11-25 13:22:08,728 [INFO] WebApp:463 - Apply proxy settings
2025-11-25 13:22:08,728 [INFO] WebApp:548 - Chromium requires no authentication
2025-11-25 13:22:08,733 [INFO] WebApp:491 - Direct internet connection detected
2025-11-25 13:22:08,745 [INFO] WebApp:900 - Register for checkConnection events
2025-11-25 13:22:08,745 [INFO] WebApp:463 - Apply proxy settings
2025-11-25 13:22:08,745 [INFO] WebApp:548 - Chromium requires no authentication
2025-11-25 13:22:08,746 [INFO] WebApp:491 - Direct internet connection detected
2025-11-25 13:22:08,839 [INFO] WebApp:225 - Starting web application
2025-11-25 13:22:08,839 [INFO] WebApp:593 - Web application path used /opt/st/stm32cubeide_1.19.0/plugins/com.st.stm32cube.common.mx_6.15.0.202507011659/db/plugins/mcufinder/reactClient1/index.html
2025-11-25 13:22:09,058 [INFO] WebApp:191 - Connection restablished
2025-11-25 13:22:09,993 [WARN] PackLoader:240 - Cannot read IP mode file for STMicroelectronics.FP-SNS-MOTENVWB1.1.4.0
2025-11-25 13:22:09,998 [WARN] PackLoader:240 - Cannot read IP mode file for STMicroelectronics.FP-ATR-ASTRA1.2.0.2
2025-11-25 13:22:10,000 [WARN] PackLoader:240 - Cannot read IP mode file for STMicroelectronics.FP-ATR-ASTRA1.2.0.1
2025-11-25 13:22:10,005 [WARN] PackLoader:240 - Cannot read IP mode file for STMicroelectronics.X-CUBE-SMBUS.2.1.0
2025-11-25 13:22:10,010 [WARN] PackLoader:240 - Cannot read IP mode file for STMicroelectronics.X-CUBE-WB05N.1.1.0
2025-11-25 13:22:10,013 [WARN] PackLoader:240 - Cannot read IP mode file for STMicroelectronics.X-CUBE-TOUCHGFX.4.23.0
2025-11-25 13:22:10,034 [WARN] PackLoader:240 - Cannot read IP mode file for STMicroelectronics.X-CUBE-AZRTOS-F7.1.1.0
2025-11-25 13:22:10,040 [WARN] PackLoader:240 - Cannot read IP mode file for STMicroelectronics.FP-SNS-MOTENV1.4.3.2
2025-11-25 13:22:10,093 [WARN] PackLoader:240 - Cannot read IP mode file for STMicroelectronics.X-CUBE-MEMS1.11.0.0
2025-11-25 13:22:10,261 [WARN] PackLoader:240 - Cannot read IP mode file for STMicroelectronics.FP-SNS-MOTENV1.5.1.0
2025-11-25 13:22:10,264 [WARN] PackLoader:240 - Cannot read IP mode file for STMicroelectronics.FP-SNS-FLIGHT1.5.0.2
2025-11-25 13:22:10,286 [WARN] PackLoader:240 - Cannot read IP mode file for STMicroelectronics.X-CUBE-AZRTOS-H7.3.4.0
2025-11-25 13:22:10,292 [WARN] PackLoader:240 - Cannot read IP mode file for STMicroelectronics.X-CUBE-DISPLAY.3.0.0
2025-11-25 13:22:10,298 [WARN] PackLoader:240 - Cannot read IP mode file for STMicroelectronics.X-CUBE-BLE1.7.0.0
2025-11-25 13:22:10,301 [WARN] PackLoader:240 - Cannot read IP mode file for STMicroelectronics.X-CUBE-NFC10.1.0.0
2025-11-25 13:22:10,307 [WARN] PackLoader:240 - Cannot read IP mode file for STMicroelectronics.X-CUBE-BLEMGR.4.0.0
2025-11-25 13:22:10,312 [WARN] PackLoader:240 - Cannot read IP mode file for STMicroelectronics.X-CUBE-ST60.1.1.0
2025-11-25 13:22:10,315 [WARN] PackLoader:240 - Cannot read IP mode file for emotas.I-CUBE-CANOPEN.1.3.0
2025-11-25 13:22:10,318 [WARN] PackLoader:240 - Cannot read IP mode file for STMicroelectronics.X-CUBE-GNSS1.7.1.0
2025-11-25 13:22:10,323 [WARN] PackLoader:240 - Cannot read IP mode file for STMicroelectronics.X-CUBE-BLEMGR.3.1.0
2025-11-25 13:22:10,328 [WARN] PackLoader:240 - Cannot read IP mode file for STMicroelectronics.FP-SNS-STBOX1.2.1.0
2025-11-25 13:22:10,332 [WARN] PackLoader:240 - Cannot read IP mode file for STMicroelectronics.FP-SNS-SMARTAG2.1.2.0
2025-11-25 13:22:10,334 [WARN] PackLoader:240 - Cannot read IP mode file for STMicroelectronics.FP-SNS-FLIGHT1.5.1.0
2025-11-25 13:22:10,367 [WARN] PackLoader:240 - Cannot read IP mode file for STMicroelectronics.X-CUBE-MEMS1.11.1.0
2025-11-25 13:22:10,448 [INFO] LogOutputStream:77 - [STDOUT_REDIRECT] 1 : Invalid condition id : UX_CORESTACK_Condition cause : null
2025-11-25 13:22:10,448 [INFO] LogOutputStream:77 - [STDOUT_REDIRECT] 1 : Invalid condition id : UX_CORESTACK_Condition cause : null
2025-11-25 13:22:10,448 [INFO] LogOutputStream:77 - [STDOUT_REDIRECT] 1 : Invalid condition id : UX_CORESTACK_Condition cause : null
2025-11-25 13:22:10,448 [INFO] LogOutputStream:77 - [STDOUT_REDIRECT] 1 : Invalid condition id : UX_CORESTACK_Condition cause : null
2025-11-25 13:22:10,448 [INFO] LogOutputStream:77 - [STDOUT_REDIRECT] 1 : Invalid condition id : UX_CORESTACK_Condition cause : null
2025-11-25 13:22:10,457 [WARN] PackLoader:240 - Cannot read IP mode file for STMicroelectronics.X-CUBE-AZRTOS-WL.2.0.0
2025-11-25 13:22:10,460 [WARN] PackLoader:240 - Cannot read IP mode file for STMicroelectronics.FP-SNS-MOTENV1.5.0.0
2025-11-25 13:22:10,471 [WARN] PackLoader:240 - Cannot read IP mode file for STMicroelectronics.X-CUBE-AZRTOS-H7RS.1.2.0
2025-11-25 13:22:10,474 [WARN] PackLoader:240 - Cannot read IP mode file for wolfSSL.I-CUBE-wolfMQTT.1.19.0
2025-11-25 13:22:10,478 [WARN] PackLoader:240 - Cannot read IP mode file for WES.I-CUBE-Cesium.1.3.0
2025-11-25 13:22:10,480 [WARN] PackLoader:240 - Cannot read IP mode file for STMicroelectronics.X-CUBE-BLE2.3.3.0
2025-11-25 13:22:10,490 [WARN] PackLoader:240 - Cannot read IP mode file for STMicroelectronics.X-CUBE-NFC9.1.0.0
2025-11-25 13:22:10,494 [WARN] PackLoader:240 - Cannot read IP mode file for STMicroelectronics.X-CUBE-BLE1.7.1.0
2025-11-25 13:22:10,497 [WARN] PackLoader:240 - Cannot read IP mode file for STMicroelectronics.X-CUBE-TCPP.4.1.0
2025-11-25 13:22:10,500 [WARN] PackLoader:240 - Cannot read IP mode file for STMicroelectronics.X-CUBE-FREERTOS.1.4.0
2025-11-25 13:22:10,502 [WARN] PackLoader:240 - Cannot read IP mode file for STMicroelectronics.X-CUBE-EEPRMA1.5.2.0
2025-11-25 13:22:10,506 [WARN] PackLoader:240 - Cannot read IP mode file for STMicroelectronics.X-CUBE-ST67W61.1.1.0
2025-11-25 13:22:10,533 [WARN] PackLoader:240 - Cannot read IP mode file for STMicroelectronics.X-CUBE-MEMS1.12.0.0
2025-11-25 13:22:10,584 [WARN] PackLoader:240 - Cannot read IP mode file for STMicroelectronics.X-CUBE-ALGOBUILD.1.3.0
2025-11-25 13:22:10,592 [WARN] PackLoader:240 - Cannot read IP mode file for STMicroelectronics.X-CUBE-AZRTOS-G0.1.1.0
2025-11-25 13:22:10,597 [WARN] PackLoader:240 - Cannot read IP mode file for STMicroelectronics.X-CUBE-SAFEA1.1.2.2
2025-11-25 13:22:10,600 [WARN] PackLoader:240 - Cannot read IP mode file for STMicroelectronics.X-CUBE-NFC4.3.0.0
2025-11-25 13:22:10,604 [WARN] PackLoader:240 - Cannot read IP mode file for EmbeddedOffice.I-CUBE-FS-RTOS.1.0.1
2025-11-25 13:22:10,606 [WARN] PackLoader:240 - Cannot read IP mode file for STMicroelectronics.X-CUBE-WB05N.2.0.0
2025-11-25 13:22:10,611 [WARN] PackLoader:240 - Cannot read IP mode file for STMicroelectronics.X-CUBE-BLEMGR.3.0.0
2025-11-25 13:22:10,615 [WARN] PackLoader:240 - Cannot read IP mode file for STMicroelectronics.X-CUBE-TCPP.4.2.0
2025-11-25 13:22:10,618 [WARN] PackLoader:240 - Cannot read IP mode file for RealThread.X-CUBE-RT-Thread_Nano.4.1.1
2025-11-25 13:22:10,619 [WARN] PackLoader:240 - Cannot read IP mode file for STMicroelectronics.FP-ATR-SIGFOX1.3.2.0
2025-11-25 13:22:10,621 [WARN] ConditionMgr:438 - getConditionDescription Invalid condition id : Cortex-A Device cause : null
2025-11-25 13:22:10,624 [WARN] ConditionMgr:1044 - genDependencies : Invalid condition id : Cortex-A Device cause : null
2025-11-25 13:22:10,624 [WARN] ConditionMgr:1044 - genDependencies : Invalid condition id : Cortex-A Device cause : null
2025-11-25 13:22:10,625 [WARN] ConditionMgr:1044 - genDependencies : Invalid condition id : Cortex-A Device cause : null
2025-11-25 13:22:10,627 [WARN] PackLoader:240 - Cannot read IP mode file for STMicroelectronics.X-CUBE-EEPRMA1.5.1.0
2025-11-25 13:22:10,630 [WARN] PackLoader:240 - Cannot read IP mode file for STMicroelectronics.X-CUBE-AI.10.2.0
2025-11-25 13:22:10,653 [WARN] PackLoader:240 - Cannot read IP mode file for SEGGER.I-CUBE-embOS.1.3.1
2025-11-25 13:22:10,681 [WARN] PackLoader:240 - Cannot read IP mode file for STMicroelectronics.X-CUBE-ALGOBUILD.1.4.0
2025-11-25 13:22:10,721 [WARN] PackLoader:240 - Cannot read IP mode file for STMicroelectronics.X-CUBE-MEMS1.11.3.0
2025-11-25 13:22:10,797 [WARN] PackLoader:240 - Cannot read IP mode file for STMicroelectronics.X-CUBE-AI.9.1.0
2025-11-25 13:22:10,800 [WARN] PackLoader:240 - Cannot read IP mode file for STMicroelectronics.X-CUBE-PM33A1.1.0.0
2025-11-25 13:22:10,802 [WARN] PackLoader:240 - Cannot read IP mode file for STMicroelectronics.X-CUBE-GNSS1.6.0.0
2025-11-25 13:22:10,812 [WARN] PackLoader:240 - Cannot read IP mode file for STMicroelectronics.X-CUBE-AZRTOS-F4.1.1.0
2025-11-25 13:22:10,827 [WARN] PackLoader:240 - Cannot read IP mode file for wolfSSL.I-CUBE-wolfSSL.5.6.4
2025-11-25 13:22:10,829 [WARN] PackLoader:240 - Cannot read IP mode file for STMicroelectronics.X-CUBE-ISPU.2.1.0
2025-11-25 13:22:10,835 [WARN] PackLoader:240 - Cannot read IP mode file for STMicroelectronics.X-CUBE-IPS.3.2.0
2025-11-25 13:22:10,839 [WARN] PackLoader:240 - Cannot read IP mode file for STMicroelectronics.X-CUBE-FREERTOS.1.2.0
2025-11-25 13:22:10,842 [WARN] PackLoader:240 - Cannot read IP mode file for STMicroelectronics.X-CUBE-NFC12.1.0.0
2025-11-25 13:22:10,851 [WARN] PackLoader:240 - Cannot read IP mode file for STMicroelectronics.X-CUBE-AZRTOS-L5.2.0.0
2025-11-25 13:22:10,855 [WARN] PackLoader:240 - Cannot read IP mode file for STMicroelectronics.X-CUBE-EEPRMA1.4.2.0
2025-11-25 13:22:10,858 [WARN] PackLoader:240 - Cannot read IP mode file for STMicroelectronics.X-CUBE-NFC6.3.1.0
2025-11-25 13:22:10,862 [WARN] PackLoader:240 - Cannot read IP mode file for ITTIA_DB.I-CUBE-ITTIADB.8.8.0
2025-11-25 13:22:10,864 [WARN] PackLoader:240 - Cannot read IP mode file for STMicroelectronics.X-CUBE-DPower.1.2.0
2025-11-25 13:22:10,866 [WARN] PackLoader:240 - Cannot read IP mode file for STMicroelectronics.X-CUBE-FREERTOS.1.3.1
2025-11-25 13:22:10,868 [WARN] PackLoader:240 - Cannot read IP mode file for STMicroelectronics.X-CUBE-FREERTOS.1.3.0
2025-11-25 13:22:10,870 [WARN] PackLoader:240 - Cannot read IP mode file for STMicroelectronics.X-CUBE-NFC7.1.0.1
2025-11-25 13:22:10,871 [WARN] PackLoader:240 - Cannot read IP mode file for STMicroelectronics.X-CUBE-TOUCHGFX.4.26.0
2025-11-25 13:22:10,874 [WARN] PackLoader:240 - Cannot read IP mode file for STMicroelectronics.X-CUBE-NFC6.3.0.0
2025-11-25 13:22:10,878 [WARN] PackLoader:240 - Cannot read IP mode file for STMicroelectronics.FP-SNS-STAIOTCFT.1.0.0
2025-11-25 13:22:10,880 [WARN] PackLoader:240 - Cannot read IP mode file for STMicroelectronics.X-CUBE-DPower.1.3.0
2025-11-25 13:22:10,882 [WARN] PackLoader:240 - Cannot read IP mode file for STMicroelectronics.X-CUBE-AI.8.1.0
2025-11-25 13:22:10,890 [WARN] ConditionMgr:438 - getConditionDescription Invalid condition id : LAN8742 Phy interface Condition cause : null
2025-11-25 13:22:10,890 [WARN] PackLoader:240 - Cannot read IP mode file for STMicroelectronics.X-CUBE-AZRTOS-L4.2.0.0
2025-11-25 13:22:10,891 [WARN] ConditionMgr:1044 - genDependencies : Invalid condition id : LAN8742 Phy interface Condition cause : null
2025-11-25 13:22:10,891 [WARN] ConditionMgr:1044 - genDependencies : Invalid condition id : LAN8742 Phy interface Condition cause : null
2025-11-25 13:22:10,892 [WARN] ConditionMgr:1044 - genDependencies : Invalid condition id : LAN8742 Phy interface Condition cause : null
2025-11-25 13:22:10,895 [WARN] PackLoader:240 - Cannot read IP mode file for STMicroelectronics.X-CUBE-SFXS2LP1.4.0.0
2025-11-25 13:22:10,906 [WARN] PackLoader:240 - Cannot read IP mode file for STMicroelectronics.X-CUBE-AZRTOS-H7.3.3.0
2025-11-25 13:22:10,913 [WARN] PackLoader:240 - Cannot read IP mode file for STMicroelectronics.X-CUBE-BLEMGR.4.1.0
2025-11-25 13:22:10,920 [WARN] PackLoader:240 - Cannot read IP mode file for STMicroelectronics.X-CUBE-IPS.3.0.0
2025-11-25 13:22:10,928 [WARN] ConditionMgr:438 - getConditionDescription Invalid condition id : UX DEVICE CLASS RTOS Condition cause : null
2025-11-25 13:22:10,928 [WARN] ConditionMgr:438 - getConditionDescription Invalid condition id : UX DEVICE CLASS RTOS Condition cause : null
2025-11-25 13:22:10,929 [WARN] PackLoader:240 - Cannot read IP mode file for STMicroelectronics.X-CUBE-AZRTOS-WB.2.0.0
2025-11-25 13:22:10,930 [WARN] ConditionMgr:1044 - genDependencies : Invalid condition id : UX DEVICE CLASS RTOS Condition cause : null
2025-11-25 13:22:10,930 [WARN] ConditionMgr:1044 - genDependencies : Invalid condition id : UX DEVICE CLASS RTOS Condition cause : null
2025-11-25 13:22:10,930 [WARN] ConditionMgr:1044 - genDependencies : Invalid condition id : UX DEVICE CLASS RTOS Condition cause : null
2025-11-25 13:22:10,930 [WARN] ConditionMgr:1044 - genDependencies : Invalid condition id : UX DEVICE CLASS RTOS Condition cause : null
2025-11-25 13:22:10,930 [WARN] ConditionMgr:1044 - genDependencies : Invalid condition id : UX DEVICE CLASS RTOS Condition cause : null
2025-11-25 13:22:10,933 [WARN] PackLoader:240 - Cannot read IP mode file for STMicroelectronics.X-CUBE-GNSS1.7.0.0
2025-11-25 13:22:10,935 [WARN] PackLoader:240 - Cannot read IP mode file for STMicroelectronics.X-CUBE-GNSS1.7.0.1
2025-11-25 13:22:10,938 [WARN] PackLoader:240 - Cannot read IP mode file for STMicroelectronics.FP-SNS-STBOX1.2.0.0
2025-11-25 13:22:10,944 [WARN] PackLoader:240 - Cannot read IP mode file for STMicroelectronics.X-CUBE-SUBG2.5.0.0
2025-11-25 13:22:10,956 [WARN] PackLoader:240 - Cannot read IP mode file for STMicroelectronics.X-CUBE-AZRTOS-H7RS.1.1.0
2025-11-25 13:22:10,959 [WARN] PackLoader:240 - Cannot read IP mode file for Cesanta.I-CUBE-Mongoose.7.13.0
2025-11-25 13:22:10,966 [WARN] PackLoader:240 - Cannot read IP mode file for STMicroelectronics.X-CUBE-AZRTOS-G4.2.0.0
2025-11-25 13:22:10,973 [WARN] PackLoader:240 - Cannot read IP mode file for Infineon.AIROC-Wi-Fi-Bluetooth-STM32.1.5.1
2025-11-25 13:22:10,976 [WARN] PackLoader:240 - Cannot read IP mode file for STMicroelectronics.X-CUBE-NFC7.2.0.0
2025-11-25 13:22:10,979 [WARN] PackLoader:240 - Cannot read IP mode file for STMicroelectronics.FP-SNS-MOTENVWB1.1.3.1
2025-11-25 13:22:10,981 [WARN] PackLoader:240 - Cannot read IP mode file for STMicroelectronics.X-CUBE-ISPU.2.0.0
2025-11-25 13:22:10,986 [WARN] PackLoader:240 - Cannot read IP mode file for STMicroelectronics.X-CUBE-IPS.3.1.0
2025-11-25 13:22:10,991 [WARN] PackLoader:240 - Cannot read IP mode file for STMicroelectronics.X-CUBE-ALS.1.0.2
2025-11-25 13:22:11,010 [WARN] PackLoader:240 - Cannot read IP mode file for STMicroelectronics.X-CUBE-MEMS1.10.0.0
2025-11-25 13:22:11,073 [WARN] PackLoader:240 - Cannot read IP mode file for STMicroelectronics.X-CUBE-FREERTOS.1.1.0
2025-11-25 13:22:11,074 [WARN] PackLoader:240 - Cannot read IP mode file for STMicroelectronics.X-CUBE-TOUCHGFX.4.24.2
2025-11-25 13:22:11,075 [WARN] PackLoader:240 - Cannot read IP mode file for STMicroelectronics.X-CUBE-TOUCHGFX.4.24.1
2025-11-25 13:22:11,078 [WARN] PackLoader:240 - Cannot read IP mode file for STMicroelectronics.X-CUBE-STSE01.1.0.0
2025-11-25 13:22:11,080 [WARN] PackLoader:240 - Cannot read IP mode file for wolfSSL.I-CUBE-wolfTPM.3.4.0
2025-11-25 13:22:11,082 [WARN] PackLoader:240 - Cannot read IP mode file for portGmbH.I-Cube-SoM-uGOAL.1.1.0
2025-11-25 13:22:11,083 [WARN] PackLoader:240 - Cannot read IP mode file for STMicroelectronics.X-CUBE-ALS.1.0.1
2025-11-25 13:22:11,091 [WARN] PackLoader:240 - Cannot read IP mode file for STMicroelectronics.X-CUBE-AZRTOS-H7RS.1.0.0
2025-11-25 13:22:11,094 [WARN] PackLoader:240 - Cannot read IP mode file for STMicroelectronics.FP-ATR-ASTRA1.2.0.0
2025-11-25 13:22:11,099 [WARN] PackLoader:240 - Cannot read IP mode file for STMicroelectronics.X-CUBE-TOF1.3.4.2
2025-11-25 13:22:11,108 [WARN] PackLoader:240 - Cannot read IP mode file for STMicroelectronics.X-CUBE-TOF1.3.4.3
2025-11-25 13:22:11,118 [WARN] PackLoader:240 - Cannot read IP mode file for STMicroelectronics.X-CUBE-TOF1.3.4.0
2025-11-25 13:22:11,131 [WARN] PackLoader:240 - Cannot read IP mode file for STMicroelectronics.X-CUBE-AZRTOS-H7.3.2.0
2025-11-25 13:22:11,134 [WARN] PackLoader:240 - Cannot read IP mode file for wolfSSL.I-CUBE-wolfSSH.1.4.17
2025-11-25 13:22:11,135 [INFO] ThirdParty:978 - Integrity check success = true
2025-11-25 13:22:11,135 [INFO] IntegrityCheckThread:100 - exiting critical section [integrity check]
2025-11-25 13:22:11,135 [INFO] IntegrityCheckThread:103 - End integrity checks thread
2025-11-25 13:22:40,996 [ERROR] LogOutputStream:75 - [STDERR_REDIRECT] 
2025-11-25 13:23:28,913 [INFO] Activator:176 - 


2025-11-25 13:23:28,914 [INFO] Activator:177 - !SESSION log4j initialized
2025-11-25 13:23:32,046 [INFO] LogOutputStream:77 - [STDOUT_REDIRECT] 
2025-11-25 13:23:32,424 [INFO] ApplicationProperties:184 - Using Application install path: /opt/st/stm32cubeide_1.19.0/plugins/com.st.stm32cube.common.mx_6.15.0.202507011659
2025-11-25 13:23:32,435 [INFO] DbMcusXml:78 - Set database path to: /opt/st/stm32cubeide_1.19.0/plugins/com.st.stm32cube.common.mx_6.15.0.202507011659//db//mcu/
2025-11-25 13:23:32,435 [INFO] ApiDb:274 - Set plugin database path to: /opt/st/stm32cubeide_1.19.0/plugins/com.st.stm32cube.common.mx_6.15.0.202507011659//db//plugins/boardmanager/
2025-11-25 13:23:32,436 [WARN] ApiDb:259 - Overriding images path with different value:  => /opt/st/stm32cubeide_1.19.0/plugins/com.st.stm32cube.common.mx_6.15.0.202507011659//db//plugins/mcufinder/images/
2025-11-25 13:23:32,438 [INFO] ApiDb:250 - Set database path to: /home/student/.stmcufinder/plugins/mcufinder//mcu/
2025-11-25 13:23:32,439 [INFO] DbMcusAds:125 - Set database path to: /home/student/.stmcufinder/plugins/mcufinder//mcu/
2025-11-25 13:23:32,441 [INFO] CrossReferenceDbSqlite:203 - Set database path to: /home/student/.stmcufinder/plugins/mcufinder//mcu/cs/
2025-11-25 13:23:32,519 [INFO] RulesReader:64 - Compatibility file has been processed (317 Rules)
2025-11-25 13:23:32,554 [INFO] DbMcusXml:78 - Set database path to: /opt/st/stm32cubeide_1.19.0/plugins/com.st.stm32cube.common.mx_6.15.0.202507011659//db//mcu/
2025-11-25 13:23:32,555 [INFO] ApiDb:274 - Set plugin database path to: /opt/st/stm32cubeide_1.19.0/plugins/com.st.stm32cube.common.mx_6.15.0.202507011659//db//plugins/boardmanager/
2025-11-25 13:23:32,555 [INFO] ApiDb:261 - Set plugin images path to: /opt/st/stm32cubeide_1.19.0/plugins/com.st.stm32cube.common.mx_6.15.0.202507011659//db//plugins/mcufinder/images/
2025-11-25 13:23:32,555 [WARN] DbFile:41 - Overriding database path with different value: /home/student/.stmcufinder/plugins/mcufinder/ => /home/student/.stmcufinder/plugins/mcufinder
2025-11-25 13:23:32,555 [INFO] ApiDb:250 - Set database path to: /home/student/.stmcufinder/plugins/mcufinder//mcu/
2025-11-25 13:23:32,555 [WARN] DbFile:41 - Overriding database path with different value: /home/student/.stmcufinder/plugins/mcufinder/ => /home/student/.stmcufinder/plugins/mcufinder
2025-11-25 13:23:32,555 [INFO] DbMcusAds:125 - Set database path to: /home/student/.stmcufinder/plugins/mcufinder//mcu/
2025-11-25 13:23:32,555 [WARN] DbFile:41 - Overriding database path with different value: /home/student/.stmcufinder/plugins/mcufinder/ => /home/student/.stmcufinder/plugins/mcufinder
2025-11-25 13:23:32,555 [WARN] DbFile:41 - Overriding database path with different value: /home/student/.stmcufinder/plugins/mcufinder/ => /home/student/.stmcufinder/plugins/mcufinder
2025-11-25 13:23:32,555 [INFO] CrossReferenceDbSqlite:203 - Set database path to: /home/student/.stmcufinder/plugins/mcufinder//mcu/cs/
2025-11-25 13:23:32,591 [INFO] MainPanel:274 - HeapMemory: 268435456
2025-11-25 13:23:32,662 [INFO] DbMcusXml:78 - Set database path to: /opt/st/stm32cubeide_1.19.0/plugins/com.st.stm32cube.common.mx_6.15.0.202507011659//db//mcu/
2025-11-25 13:23:32,662 [INFO] ApiDb:274 - Set plugin database path to: /opt/st/stm32cubeide_1.19.0/plugins/com.st.stm32cube.common.mx_6.15.0.202507011659//db//plugins/boardmanager/
2025-11-25 13:23:32,662 [INFO] ApiDb:261 - Set plugin images path to: /opt/st/stm32cubeide_1.19.0/plugins/com.st.stm32cube.common.mx_6.15.0.202507011659//db//plugins/mcufinder/images/
2025-11-25 13:23:32,663 [WARN] DbFile:41 - Overriding database path with different value: /home/student/.stmcufinder/plugins/mcufinder/ => /home/student/.stmcufinder/plugins/mcufinder
2025-11-25 13:23:32,663 [INFO] ApiDb:250 - Set database path to: /home/student/.stmcufinder/plugins/mcufinder//mcu/
2025-11-25 13:23:32,663 [WARN] DbFile:41 - Overriding database path with different value: /home/student/.stmcufinder/plugins/mcufinder/ => /home/student/.stmcufinder/plugins/mcufinder
2025-11-25 13:23:32,663 [INFO] DbMcusAds:125 - Set database path to: /home/student/.stmcufinder/plugins/mcufinder//mcu/
2025-11-25 13:23:32,663 [WARN] DbFile:41 - Overriding database path with different value: /home/student/.stmcufinder/plugins/mcufinder/ => /home/student/.stmcufinder/plugins/mcufinder
2025-11-25 13:23:32,663 [WARN] DbFile:41 - Overriding database path with different value: /home/student/.stmcufinder/plugins/mcufinder/ => /home/student/.stmcufinder/plugins/mcufinder
2025-11-25 13:23:32,663 [INFO] CrossReferenceDbSqlite:203 - Set database path to: /home/student/.stmcufinder/plugins/mcufinder//mcu/cs/
2025-11-25 13:23:32,672 [INFO] ApplicationProperties:184 - Using Application install path: /opt/st/stm32cubeide_1.19.0/plugins/com.st.stm32cube.common.mx_6.15.0.202507011659
2025-11-25 13:23:32,673 [INFO] PluginManage:196 - Search for loadable plugins [exclusion list=, ]
2025-11-25 13:23:32,673 [INFO] PluginManage:310 - Check plugin analytics
2025-11-25 13:23:32,790 [INFO] AnalyticsPlugin:253 - Accepted Software Licenses: 
2025-11-25 13:23:32,791 [INFO] AnalyticsPlugin:255 - Accepted CMSIS Pack Licenses: 
2025-11-25 13:23:32,791 [INFO] AnalyticsPlugin:257 - Accepted Firmware Licenses: 
2025-11-25 13:23:32,792 [INFO] PluginManage:359 - Loaded plugin analytics (category:tool,tabindex:-1)
2025-11-25 13:23:32,792 [INFO] PluginManage:310 - Check plugin cadmodel
2025-11-25 13:23:32,795 [INFO] CADModel:105 - Init CAD model plugin
2025-11-25 13:23:32,795 [INFO] PluginManage:359 - Loaded plugin cadmodel (category:power,tabindex:5)
2025-11-25 13:23:32,795 [INFO] PluginManage:310 - Check plugin clock
2025-11-25 13:23:32,800 [INFO] PluginManage:359 - Loaded plugin clock (category:base,tabindex:2)
2025-11-25 13:23:32,800 [INFO] PluginManage:310 - Check plugin ddr
2025-11-25 13:23:32,801 [INFO] PluginManage:359 - Loaded plugin ddr (category:tool,tabindex:6)
2025-11-25 13:23:32,801 [INFO] PluginManage:310 - Check plugin filemanager
2025-11-25 13:23:32,897 [INFO] PluginManage:359 - Loaded plugin filemanager (category:base,tabindex:10)
2025-11-25 13:23:32,897 [INFO] PluginManage:310 - Check plugin ipmanager
2025-11-25 13:23:32,900 [INFO] PluginManage:359 - Loaded plugin ipmanager (category:base,tabindex:5)
2025-11-25 13:23:32,900 [INFO] PluginManage:310 - Check plugin lpbam
2025-11-25 13:23:32,905 [INFO] PluginManage:359 - Loaded plugin lpbam (category:base,tabindex:0)
2025-11-25 13:23:32,905 [INFO] PluginManage:310 - Check plugin memorymap
2025-11-25 13:23:32,913 [INFO] PluginManage:359 - Loaded plugin memorymap (category:base,tabindex:4)
2025-11-25 13:23:32,913 [INFO] PluginManage:310 - Check plugin pinoutandconfiguration
2025-11-25 13:23:32,918 [INFO] PluginManage:359 - Loaded plugin pinoutandconfiguration (category:base,tabindex:1)
2025-11-25 13:23:32,918 [INFO] PluginManage:310 - Check plugin pinoutconfig
2025-11-25 13:23:32,973 [WARN] SupportedApi:132 - Cannot load RTOS API schema: s4s-elt-must-match.1: The content of 'definitions' must match (annotation?, (simpleType | complexType)?, (unique | key | keyref)*)). A problem was found starting at: attribute.
2025-11-25 13:23:33,054 [INFO] PluginManage:359 - Loaded plugin pinoutconfig (category:base,tabindex:0)
2025-11-25 13:23:33,054 [INFO] PluginManage:310 - Check plugin power
2025-11-25 13:23:33,059 [INFO] PluginManage:359 - Loaded plugin power (category:power,tabindex:4)
2025-11-25 13:23:33,059 [INFO] PluginManage:310 - Check plugin projectmanager
2025-11-25 13:23:33,068 [INFO] PluginManage:359 - Loaded plugin projectmanager (category:projectmanager,tabindex:4)
2025-11-25 13:23:33,069 [INFO] PluginManage:310 - Check plugin rif
2025-11-25 13:23:33,074 [INFO] PluginManage:359 - Loaded plugin rif (category:base,tabindex:3)
2025-11-25 13:23:33,074 [INFO] PluginManage:310 - Check plugin thirdparty
2025-11-25 13:23:33,144 [INFO] PluginManage:359 - Loaded plugin thirdparty (category:base,tabindex:-1)
2025-11-25 13:23:33,145 [INFO] PluginManage:310 - Check plugin tools
2025-11-25 13:23:33,144 [WARN] IntegrityCheckThread:84 - waiting for thirdparty lock release [integrity check]
2025-11-25 13:23:33,145 [INFO] IntegrityCheckThread:86 - entering critical section [integrity check]
2025-11-25 13:23:33,145 [INFO] ThirdPartyUpdaterWithRetryManager:70 - Updater plugin not ready yet. [1/15]
2025-11-25 13:23:33,146 [INFO] PluginManage:359 - Loaded plugin tools (category:base,tabindex:7)
2025-11-25 13:23:33,146 [INFO] PluginManage:310 - Check plugin tutovideos
2025-11-25 13:23:33,274 [INFO] PluginManage:359 - Loaded plugin tutovideos (category:base,tabindex:-1)
2025-11-25 13:23:33,274 [INFO] PluginManage:310 - Check plugin updater
2025-11-25 13:23:33,287 [INFO] PluginManage:359 - Loaded plugin updater (category:base,tabindex:12)
2025-11-25 13:23:33,287 [INFO] PluginManage:310 - Check plugin userauth
2025-11-25 13:23:33,290 [INFO] UserAuth:118 - Init User Auth plugin
2025-11-25 13:23:33,291 [INFO] PluginManage:359 - Loaded plugin userauth (category:base,tabindex:14)
2025-11-25 13:23:33,291 [INFO] PluginManage:283 - PluginManage : Loaded plugins [18]
2025-11-25 13:23:33,402 [INFO] PinOutPanel:1589 - setPackage(No Configuration,No Configuration)
2025-11-25 13:23:33,444 [INFO] CADModel:165 - CPN selected for project level
2025-11-25 13:23:33,444 [INFO] CADModel:114 - Register for checkConnection events
2025-11-25 13:23:33,450 [INFO] IPUIPlugin:80 - create IPUIPlugin
2025-11-25 13:23:33,450 [INFO] PluginManager:220 - loadIPPluginJar : add resmgrutility
2025-11-25 13:23:33,453 [INFO] IPUIPlugin:80 - create IPUIPlugin
2025-11-25 13:23:33,453 [INFO] PluginManager:220 - loadIPPluginJar : add extmemmanager
2025-11-25 13:23:33,454 [INFO] IPUIPlugin:80 - create IPUIPlugin
2025-11-25 13:23:33,454 [INFO] PluginManager:220 - loadIPPluginJar : add hash
2025-11-25 13:23:33,455 [INFO] IPUIPlugin:80 - create IPUIPlugin
2025-11-25 13:23:33,455 [INFO] PluginManager:220 - loadIPPluginJar : add can
2025-11-25 13:23:33,458 [INFO] IPUIPlugin:80 - create IPUIPlugin
2025-11-25 13:23:33,458 [INFO] PluginManager:220 - loadIPPluginJar : add gic
2025-11-25 13:23:33,460 [INFO] IPUIPlugin:80 - create IPUIPlugin
2025-11-25 13:23:33,460 [INFO] PluginManager:220 - loadIPPluginJar : add pdm2pcm
2025-11-25 13:23:33,460 [INFO] IPUIPlugin:80 - create IPUIPlugin
2025-11-25 13:23:33,461 [INFO] PluginManager:220 - loadIPPluginJar : add genericplugin
2025-11-25 13:23:33,462 [INFO] IPUIPlugin:80 - create IPUIPlugin
2025-11-25 13:23:33,462 [INFO] PluginManager:220 - loadIPPluginJar : add i3c
2025-11-25 13:23:33,463 [INFO] IPUIPlugin:80 - create IPUIPlugin
2025-11-25 13:23:33,463 [INFO] PluginManager:220 - loadIPPluginJar : add comp
2025-11-25 13:23:33,466 [INFO] IPUIPlugin:80 - create IPUIPlugin
2025-11-25 13:23:33,466 [INFO] PluginManager:220 - loadIPPluginJar : add dma
2025-11-25 13:23:33,468 [INFO] IPUIPlugin:80 - create IPUIPlugin
2025-11-25 13:23:33,468 [INFO] PluginManager:220 - loadIPPluginJar : add opamp
2025-11-25 13:23:33,469 [INFO] IPUIPlugin:80 - create IPUIPlugin
2025-11-25 13:23:33,469 [INFO] PluginManager:220 - loadIPPluginJar : add lorawan
2025-11-25 13:23:33,470 [INFO] IPUIPlugin:80 - create IPUIPlugin
2025-11-25 13:23:33,470 [INFO] PluginManager:220 - loadIPPluginJar : add cryp
2025-11-25 13:23:33,472 [INFO] IPUIPlugin:80 - create IPUIPlugin
2025-11-25 13:23:33,472 [INFO] PluginManager:220 - loadIPPluginJar : add i2c
2025-11-25 13:23:33,473 [INFO] IPUIPlugin:80 - create IPUIPlugin
2025-11-25 13:23:33,473 [INFO] PluginManager:220 - loadIPPluginJar : add radio
2025-11-25 13:23:33,475 [INFO] IPUIPlugin:80 - create IPUIPlugin
2025-11-25 13:23:33,475 [INFO] PluginManager:220 - loadIPPluginJar : add gpio
2025-11-25 13:23:33,477 [INFO] IPUIPlugin:80 - create IPUIPlugin
2025-11-25 13:23:33,477 [INFO] PluginManager:220 - loadIPPluginJar : add ddr_ctrl_phy
2025-11-25 13:23:33,478 [INFO] IPUIPlugin:80 - create IPUIPlugin
2025-11-25 13:23:33,478 [INFO] PluginManager:220 - loadIPPluginJar : add usart
2025-11-25 13:23:33,479 [INFO] IPUIPlugin:80 - create IPUIPlugin
2025-11-25 13:23:33,479 [INFO] PluginManager:220 - loadIPPluginJar : add tracer_emb
2025-11-25 13:23:33,481 [INFO] IPUIPlugin:80 - create IPUIPlugin
2025-11-25 13:23:33,481 [INFO] PluginManager:220 - loadIPPluginJar : add i2s
2025-11-25 13:23:33,482 [INFO] IPUIPlugin:80 - create IPUIPlugin
2025-11-25 13:23:33,482 [INFO] PluginManager:220 - loadIPPluginJar : add gtzc
2025-11-25 13:23:33,485 [INFO] IPUIPlugin:80 - create IPUIPlugin
2025-11-25 13:23:33,485 [INFO] PluginManager:220 - loadIPPluginJar : add freertos
2025-11-25 13:23:33,487 [INFO] IPUIPlugin:80 - create IPUIPlugin
2025-11-25 13:23:33,487 [INFO] PluginManager:220 - loadIPPluginJar : add nvic
2025-11-25 13:23:33,488 [INFO] IPUIPlugin:80 - create IPUIPlugin
2025-11-25 13:23:33,488 [INFO] PluginManager:220 - loadIPPluginJar : add fatfs
2025-11-25 13:23:33,490 [INFO] IPUIPlugin:80 - create IPUIPlugin
2025-11-25 13:23:33,490 [INFO] PluginManager:220 - loadIPPluginJar : add aes
2025-11-25 13:23:33,491 [INFO] IPUIPlugin:80 - create IPUIPlugin
2025-11-25 13:23:33,491 [INFO] PluginManager:220 - loadIPPluginJar : add tsc
2025-11-25 13:23:33,492 [INFO] IPUIPlugin:80 - create IPUIPlugin
2025-11-25 13:23:33,492 [INFO] PluginManager:220 - loadIPPluginJar : add dfsdm
2025-11-25 13:23:33,494 [INFO] IPUIPlugin:80 - create IPUIPlugin
2025-11-25 13:23:33,494 [INFO] PluginManager:220 - loadIPPluginJar : add sai
2025-11-25 13:23:33,495 [INFO] IPUIPlugin:80 - create IPUIPlugin
2025-11-25 13:23:33,495 [INFO] PluginManager:220 - loadIPPluginJar : add usbx
2025-11-25 13:23:33,499 [INFO] IPUIPlugin:80 - create IPUIPlugin
2025-11-25 13:23:33,499 [INFO] PluginManager:220 - loadIPPluginJar : add stm32_wpan
2025-11-25 13:23:33,500 [INFO] IPUIPlugin:80 - create IPUIPlugin
2025-11-25 13:23:33,500 [INFO] PluginManager:220 - loadIPPluginJar : add quadspi
2025-11-25 13:23:33,501 [INFO] IPUIPlugin:80 - create IPUIPlugin
2025-11-25 13:23:33,501 [INFO] PluginManager:220 - loadIPPluginJar : add ucpd
2025-11-25 13:23:33,503 [INFO] IPUIPlugin:80 - create IPUIPlugin
2025-11-25 13:23:33,503 [INFO] PluginManager:220 - loadIPPluginJar : add fmc
2025-11-25 13:23:33,505 [INFO] IPUIPlugin:80 - create IPUIPlugin
2025-11-25 13:23:33,505 [INFO] PluginManager:220 - loadIPPluginJar : add spi
2025-11-25 13:23:33,506 [INFO] IPUIPlugin:80 - create IPUIPlugin
2025-11-25 13:23:33,506 [INFO] PluginManager:220 - loadIPPluginJar : add tim
2025-11-25 13:23:33,509 [INFO] IPUIPlugin:80 - create IPUIPlugin
2025-11-25 13:23:33,509 [INFO] PluginManager:220 - loadIPPluginJar : add mdma
2025-11-25 13:23:33,513 [INFO] IPUIPlugin:80 - create IPUIPlugin
2025-11-25 13:23:33,513 [INFO] PluginManager:220 - loadIPPluginJar : add adc
2025-11-25 13:23:33,514 [INFO] IPUIPlugin:80 - create IPUIPlugin
2025-11-25 13:23:33,514 [INFO] PluginManager:220 - loadIPPluginJar : add dma3
2025-11-25 13:23:33,518 [INFO] IPUIPlugin:80 - create IPUIPlugin
2025-11-25 13:23:33,519 [INFO] PluginManager:220 - loadIPPluginJar : add plateformsettings
2025-11-25 13:23:33,521 [INFO] IPUIPlugin:80 - create IPUIPlugin
2025-11-25 13:23:33,521 [INFO] PluginManager:220 - loadIPPluginJar : add openamp
2025-11-25 13:23:33,522 [INFO] IPUIPlugin:80 - create IPUIPlugin
2025-11-25 13:23:33,522 [INFO] PluginManager:220 - loadIPPluginJar : add ts
2025-11-25 13:23:33,524 [INFO] IPUIPlugin:80 - create IPUIPlugin
2025-11-25 13:23:33,524 [INFO] PluginManager:220 - loadIPPluginJar : add touchsensing
2025-11-25 13:23:33,525 [INFO] IPUIPlugin:80 - create IPUIPlugin
2025-11-25 13:23:33,525 [INFO] PluginManager:220 - loadIPPluginJar : add ltdc
2025-11-25 13:23:33,529 [INFO] IPUIPlugin:80 - create IPUIPlugin
2025-11-25 13:23:33,529 [INFO] PluginManager:220 - loadIPPluginJar : add linkedlist
2025-11-25 13:23:33,531 [INFO] IPUIPlugin:80 - create IPUIPlugin
2025-11-25 13:23:33,531 [INFO] PluginManager:220 - loadIPPluginJar : add ipddr
2025-11-25 13:23:33,532 [INFO] IPUIPlugin:80 - create IPUIPlugin
2025-11-25 13:23:33,532 [INFO] PluginManager:220 - loadIPPluginJar : add gfxmmu
2025-11-25 13:23:33,622 [FATAL] Updater:351 - Updater called before beeing initialized
2025-11-25 13:23:33,653 [INFO] RulesReader:64 - Compatibility file has been processed (317 Rules)
2025-11-25 13:23:33,663 [INFO] RulesReader:64 - Compatibility file has been processed (317 Rules)
2025-11-25 13:23:33,668 [INFO] CADModel:165 - CPN selected for project level
2025-11-25 13:23:33,668 [INFO] CADModel:114 - Register for checkConnection events
2025-11-25 13:23:33,668 [FATAL] Updater:351 - Updater called before beeing initialized
2025-11-25 13:23:33,668 [ERROR] CADModel:125 - Updater not yet initialized, retry later 
2025-11-25 13:23:33,740 [FATAL] Updater:351 - Updater called before beeing initialized
2025-11-25 13:23:33,741 [INFO] CADModel:165 - CPN selected for project level
2025-11-25 13:23:33,741 [INFO] CADModel:114 - Register for checkConnection events
2025-11-25 13:23:33,741 [FATAL] Updater:351 - Updater called before beeing initialized
2025-11-25 13:23:33,741 [ERROR] CADModel:125 - Updater not yet initialized, retry later 
2025-11-25 13:23:33,744 [FATAL] Updater:351 - Updater called before beeing initialized
2025-11-25 13:23:33,793 [FATAL] Updater:351 - Updater called before beeing initialized
2025-11-25 13:23:33,796 [INFO] DbMcusAds:53 - JSON generation date=Mon Nov 10 11:43:01 CET 2025 (1762771381096)
2025-11-25 13:23:33,796 [FATAL] Updater:351 - Updater called before beeing initialized
2025-11-25 13:23:33,818 [WARN] DetailPanel:346 - Failed to get advertising image, set to default
2025-11-25 13:23:33,881 [FATAL] Updater:351 - Updater called before beeing initialized
2025-11-25 13:23:33,882 [FATAL] Updater:351 - Updater called before beeing initialized
2025-11-25 13:23:33,882 [FATAL] Updater:351 - Updater called before beeing initialized
2025-11-25 13:23:33,882 [WARN] DetailPanel:346 - Failed to get advertising image, set to default
2025-11-25 13:23:33,883 [FATAL] Updater:351 - Updater called before beeing initialized
2025-11-25 13:23:33,904 [ERROR] Updater:1198 - MainUpdater not yet initialized. External WinMGr cannot be set.
2025-11-25 13:23:33,905 [INFO] Updater:1134 - Updater Version found : 6.15.0
2025-11-25 13:23:33,918 [INFO] ApplicationProperties:184 - Using Application install path: /opt/st/stm32cubeide_1.19.0/plugins/com.st.stm32cube.common.mx_6.15.0.202507011659
2025-11-25 13:23:34,146 [INFO] MainUpdater:2872 - connection check result : 10
2025-11-25 13:23:34,146 [INFO] MainUpdater:289 - Updater Check For Update Now.
2025-11-25 13:23:34,146 [INFO] MicroXplorer:498 - Change Database Version : DB.6.0.150
2025-11-25 13:23:34,150 [INFO] McuFinderGlobals:63 - Set McuFinder mode to 2 (CubeIDE integrated)
2025-11-25 13:23:34,150 [INFO] UserAuth:171 - activating auth plugin
2025-11-25 13:23:34,151 [INFO] UserAuth:487 - Internet connection configuration mode: 1
2025-11-25 13:23:34,162 [INFO] JxBrowserEngine:152 - Initiate JxBrowser Engine with user profile folder
2025-11-25 13:23:34,297 [INFO] CheckServerUpdateThread:120 - End of CheckServer Thread
2025-11-25 13:23:34,581 [INFO] WebApp:169 - Instantiating new browser for Auth
2025-11-25 13:23:35,024 [INFO] WebApp:463 - Apply proxy settings
2025-11-25 13:23:35,024 [INFO] WebApp:548 - Chromium requires no authentication
2025-11-25 13:23:35,028 [INFO] WebApp:491 - Direct internet connection detected
2025-11-25 13:23:35,040 [INFO] WebApp:900 - Register for checkConnection events
2025-11-25 13:23:35,041 [INFO] WebApp:463 - Apply proxy settings
2025-11-25 13:23:35,041 [INFO] WebApp:548 - Chromium requires no authentication
2025-11-25 13:23:35,041 [INFO] WebApp:491 - Direct internet connection detected
2025-11-25 13:23:35,131 [INFO] WebApp:225 - Starting web application
2025-11-25 13:23:35,131 [INFO] WebApp:593 - Web application path used /opt/st/stm32cubeide_1.19.0/plugins/com.st.stm32cube.common.mx_6.15.0.202507011659/db/plugins/mcufinder/reactClient1/index.html
2025-11-25 13:23:35,341 [INFO] WebApp:191 - Connection restablished
2025-11-25 13:23:36,267 [WARN] PackLoader:240 - Cannot read IP mode file for STMicroelectronics.FP-SNS-MOTENVWB1.1.4.0
2025-11-25 13:23:36,271 [WARN] PackLoader:240 - Cannot read IP mode file for STMicroelectronics.FP-ATR-ASTRA1.2.0.2
2025-11-25 13:23:36,273 [WARN] PackLoader:240 - Cannot read IP mode file for STMicroelectronics.FP-ATR-ASTRA1.2.0.1
2025-11-25 13:23:36,277 [WARN] PackLoader:240 - Cannot read IP mode file for STMicroelectronics.X-CUBE-SMBUS.2.1.0
2025-11-25 13:23:36,283 [WARN] PackLoader:240 - Cannot read IP mode file for STMicroelectronics.X-CUBE-WB05N.1.1.0
2025-11-25 13:23:36,285 [WARN] PackLoader:240 - Cannot read IP mode file for STMicroelectronics.X-CUBE-TOUCHGFX.4.23.0
2025-11-25 13:23:36,304 [WARN] PackLoader:240 - Cannot read IP mode file for STMicroelectronics.X-CUBE-AZRTOS-F7.1.1.0
2025-11-25 13:23:36,310 [WARN] PackLoader:240 - Cannot read IP mode file for STMicroelectronics.FP-SNS-MOTENV1.4.3.2
2025-11-25 13:23:36,349 [WARN] PackLoader:240 - Cannot read IP mode file for STMicroelectronics.X-CUBE-MEMS1.11.0.0
2025-11-25 13:23:36,470 [WARN] PackLoader:240 - Cannot read IP mode file for STMicroelectronics.FP-SNS-MOTENV1.5.1.0
2025-11-25 13:23:36,472 [WARN] PackLoader:240 - Cannot read IP mode file for STMicroelectronics.FP-SNS-FLIGHT1.5.0.2
2025-11-25 13:23:36,486 [WARN] PackLoader:240 - Cannot read IP mode file for STMicroelectronics.X-CUBE-AZRTOS-H7.3.4.0
2025-11-25 13:23:36,491 [WARN] PackLoader:240 - Cannot read IP mode file for STMicroelectronics.X-CUBE-DISPLAY.3.0.0
2025-11-25 13:23:36,496 [WARN] PackLoader:240 - Cannot read IP mode file for STMicroelectronics.X-CUBE-BLE1.7.0.0
2025-11-25 13:23:36,500 [WARN] PackLoader:240 - Cannot read IP mode file for STMicroelectronics.X-CUBE-NFC10.1.0.0
2025-11-25 13:23:36,513 [WARN] PackLoader:240 - Cannot read IP mode file for STMicroelectronics.X-CUBE-BLEMGR.4.0.0
2025-11-25 13:23:36,518 [WARN] PackLoader:240 - Cannot read IP mode file for STMicroelectronics.X-CUBE-ST60.1.1.0
2025-11-25 13:23:36,521 [WARN] PackLoader:240 - Cannot read IP mode file for emotas.I-CUBE-CANOPEN.1.3.0
2025-11-25 13:23:36,523 [WARN] PackLoader:240 - Cannot read IP mode file for STMicroelectronics.X-CUBE-GNSS1.7.1.0
2025-11-25 13:23:36,529 [WARN] PackLoader:240 - Cannot read IP mode file for STMicroelectronics.X-CUBE-BLEMGR.3.1.0
2025-11-25 13:23:36,534 [WARN] PackLoader:240 - Cannot read IP mode file for STMicroelectronics.FP-SNS-STBOX1.2.1.0
2025-11-25 13:23:36,537 [WARN] PackLoader:240 - Cannot read IP mode file for STMicroelectronics.FP-SNS-SMARTAG2.1.2.0
2025-11-25 13:23:36,539 [WARN] PackLoader:240 - Cannot read IP mode file for STMicroelectronics.FP-SNS-FLIGHT1.5.1.0
2025-11-25 13:23:36,568 [WARN] PackLoader:240 - Cannot read IP mode file for STMicroelectronics.X-CUBE-MEMS1.11.1.0
2025-11-25 13:23:36,677 [INFO] LogOutputStream:77 - [STDOUT_REDIRECT] 1 : Invalid condition id : UX_CORESTACK_Condition cause : null
2025-11-25 13:23:36,678 [INFO] LogOutputStream:77 - [STDOUT_REDIRECT] 1 : Invalid condition id : UX_CORESTACK_Condition cause : null
2025-11-25 13:23:36,678 [INFO] LogOutputStream:77 - [STDOUT_REDIRECT] 1 : Invalid condition id : UX_CORESTACK_Condition cause : null
2025-11-25 13:23:36,678 [INFO] LogOutputStream:77 - [STDOUT_REDIRECT] 1 : Invalid condition id : UX_CORESTACK_Condition cause : null
2025-11-25 13:23:36,678 [INFO] LogOutputStream:77 - [STDOUT_REDIRECT] 1 : Invalid condition id : UX_CORESTACK_Condition cause : null
2025-11-25 13:23:36,681 [WARN] PackLoader:240 - Cannot read IP mode file for STMicroelectronics.X-CUBE-AZRTOS-WL.2.0.0
2025-11-25 13:23:36,699 [WARN] PackLoader:240 - Cannot read IP mode file for STMicroelectronics.FP-SNS-MOTENV1.5.0.0
2025-11-25 13:23:36,723 [WARN] PackLoader:240 - Cannot read IP mode file for STMicroelectronics.X-CUBE-AZRTOS-H7RS.1.2.0
2025-11-25 13:23:36,727 [WARN] PackLoader:240 - Cannot read IP mode file for wolfSSL.I-CUBE-wolfMQTT.1.19.0
2025-11-25 13:23:36,733 [WARN] PackLoader:240 - Cannot read IP mode file for WES.I-CUBE-Cesium.1.3.0
2025-11-25 13:23:36,737 [WARN] PackLoader:240 - Cannot read IP mode file for STMicroelectronics.X-CUBE-BLE2.3.3.0
2025-11-25 13:23:36,753 [WARN] PackLoader:240 - Cannot read IP mode file for STMicroelectronics.X-CUBE-NFC9.1.0.0
2025-11-25 13:23:36,758 [WARN] PackLoader:240 - Cannot read IP mode file for STMicroelectronics.X-CUBE-BLE1.7.1.0
2025-11-25 13:23:36,761 [WARN] PackLoader:240 - Cannot read IP mode file for STMicroelectronics.X-CUBE-TCPP.4.1.0
2025-11-25 13:23:36,766 [WARN] PackLoader:240 - Cannot read IP mode file for STMicroelectronics.X-CUBE-FREERTOS.1.4.0
2025-11-25 13:23:36,770 [WARN] PackLoader:240 - Cannot read IP mode file for STMicroelectronics.X-CUBE-EEPRMA1.5.2.0
2025-11-25 13:23:36,775 [WARN] PackLoader:240 - Cannot read IP mode file for STMicroelectronics.X-CUBE-ST67W61.1.1.0
2025-11-25 13:23:36,813 [WARN] PackLoader:240 - Cannot read IP mode file for STMicroelectronics.X-CUBE-MEMS1.12.0.0
2025-11-25 13:23:36,881 [WARN] PackLoader:240 - Cannot read IP mode file for STMicroelectronics.X-CUBE-ALGOBUILD.1.3.0
2025-11-25 13:23:36,892 [WARN] PackLoader:240 - Cannot read IP mode file for STMicroelectronics.X-CUBE-AZRTOS-G0.1.1.0
2025-11-25 13:23:36,897 [WARN] PackLoader:240 - Cannot read IP mode file for STMicroelectronics.X-CUBE-SAFEA1.1.2.2
2025-11-25 13:23:36,901 [WARN] PackLoader:240 - Cannot read IP mode file for STMicroelectronics.X-CUBE-NFC4.3.0.0
2025-11-25 13:23:36,907 [WARN] PackLoader:240 - Cannot read IP mode file for EmbeddedOffice.I-CUBE-FS-RTOS.1.0.1
2025-11-25 13:23:36,910 [WARN] PackLoader:240 - Cannot read IP mode file for STMicroelectronics.X-CUBE-WB05N.2.0.0
2025-11-25 13:23:36,916 [WARN] PackLoader:240 - Cannot read IP mode file for STMicroelectronics.X-CUBE-BLEMGR.3.0.0
2025-11-25 13:23:36,920 [WARN] PackLoader:240 - Cannot read IP mode file for STMicroelectronics.X-CUBE-TCPP.4.2.0
2025-11-25 13:23:36,923 [WARN] PackLoader:240 - Cannot read IP mode file for RealThread.X-CUBE-RT-Thread_Nano.4.1.1
2025-11-25 13:23:36,924 [WARN] PackLoader:240 - Cannot read IP mode file for STMicroelectronics.FP-ATR-SIGFOX1.3.2.0
2025-11-25 13:23:36,926 [WARN] ConditionMgr:438 - getConditionDescription Invalid condition id : Cortex-A Device cause : null
2025-11-25 13:23:36,929 [WARN] ConditionMgr:1044 - genDependencies : Invalid condition id : Cortex-A Device cause : null
2025-11-25 13:23:36,929 [WARN] ConditionMgr:1044 - genDependencies : Invalid condition id : Cortex-A Device cause : null
2025-11-25 13:23:36,929 [WARN] ConditionMgr:1044 - genDependencies : Invalid condition id : Cortex-A Device cause : null
2025-11-25 13:23:36,932 [WARN] PackLoader:240 - Cannot read IP mode file for STMicroelectronics.X-CUBE-EEPRMA1.5.1.0
2025-11-25 13:23:36,934 [WARN] PackLoader:240 - Cannot read IP mode file for STMicroelectronics.X-CUBE-AI.10.2.0
2025-11-25 13:23:36,949 [WARN] PackLoader:240 - Cannot read IP mode file for SEGGER.I-CUBE-embOS.1.3.1
2025-11-25 13:23:36,973 [WARN] PackLoader:240 - Cannot read IP mode file for STMicroelectronics.X-CUBE-ALGOBUILD.1.4.0
2025-11-25 13:23:36,998 [WARN] PackLoader:240 - Cannot read IP mode file for STMicroelectronics.X-CUBE-MEMS1.11.3.0
2025-11-25 13:23:37,059 [WARN] PackLoader:240 - Cannot read IP mode file for STMicroelectronics.X-CUBE-AI.9.1.0
2025-11-25 13:23:37,061 [WARN] PackLoader:240 - Cannot read IP mode file for STMicroelectronics.X-CUBE-PM33A1.1.0.0
2025-11-25 13:23:37,063 [WARN] PackLoader:240 - Cannot read IP mode file for STMicroelectronics.X-CUBE-GNSS1.6.0.0
2025-11-25 13:23:37,072 [WARN] PackLoader:240 - Cannot read IP mode file for STMicroelectronics.X-CUBE-AZRTOS-F4.1.1.0
2025-11-25 13:23:37,075 [WARN] PackLoader:240 - Cannot read IP mode file for wolfSSL.I-CUBE-wolfSSL.5.6.4
2025-11-25 13:23:37,076 [WARN] PackLoader:240 - Cannot read IP mode file for STMicroelectronics.X-CUBE-ISPU.2.1.0
2025-11-25 13:23:37,083 [WARN] PackLoader:240 - Cannot read IP mode file for STMicroelectronics.X-CUBE-IPS.3.2.0
2025-11-25 13:23:37,088 [WARN] PackLoader:240 - Cannot read IP mode file for STMicroelectronics.X-CUBE-FREERTOS.1.2.0
2025-11-25 13:23:37,091 [WARN] PackLoader:240 - Cannot read IP mode file for STMicroelectronics.X-CUBE-NFC12.1.0.0
2025-11-25 13:23:37,101 [WARN] PackLoader:240 - Cannot read IP mode file for STMicroelectronics.X-CUBE-AZRTOS-L5.2.0.0
2025-11-25 13:23:37,104 [WARN] PackLoader:240 - Cannot read IP mode file for STMicroelectronics.X-CUBE-EEPRMA1.4.2.0
2025-11-25 13:23:37,107 [WARN] PackLoader:240 - Cannot read IP mode file for STMicroelectronics.X-CUBE-NFC6.3.1.0
2025-11-25 13:23:37,110 [WARN] PackLoader:240 - Cannot read IP mode file for ITTIA_DB.I-CUBE-ITTIADB.8.8.0
2025-11-25 13:23:37,113 [WARN] PackLoader:240 - Cannot read IP mode file for STMicroelectronics.X-CUBE-DPower.1.2.0
2025-11-25 13:23:37,116 [WARN] PackLoader:240 - Cannot read IP mode file for STMicroelectronics.X-CUBE-FREERTOS.1.3.1
2025-11-25 13:23:37,118 [WARN] PackLoader:240 - Cannot read IP mode file for STMicroelectronics.X-CUBE-FREERTOS.1.3.0
2025-11-25 13:23:37,120 [WARN] PackLoader:240 - Cannot read IP mode file for STMicroelectronics.X-CUBE-NFC7.1.0.1
2025-11-25 13:23:37,121 [WARN] PackLoader:240 - Cannot read IP mode file for STMicroelectronics.X-CUBE-TOUCHGFX.4.26.0
2025-11-25 13:23:37,124 [WARN] PackLoader:240 - Cannot read IP mode file for STMicroelectronics.X-CUBE-NFC6.3.0.0
2025-11-25 13:23:37,127 [WARN] PackLoader:240 - Cannot read IP mode file for STMicroelectronics.FP-SNS-STAIOTCFT.1.0.0
2025-11-25 13:23:37,130 [WARN] PackLoader:240 - Cannot read IP mode file for STMicroelectronics.X-CUBE-DPower.1.3.0
2025-11-25 13:23:37,132 [WARN] PackLoader:240 - Cannot read IP mode file for STMicroelectronics.X-CUBE-AI.8.1.0
2025-11-25 13:23:37,144 [WARN] ConditionMgr:438 - getConditionDescription Invalid condition id : LAN8742 Phy interface Condition cause : null
2025-11-25 13:23:37,144 [WARN] PackLoader:240 - Cannot read IP mode file for STMicroelectronics.X-CUBE-AZRTOS-L4.2.0.0
2025-11-25 13:23:37,145 [WARN] ConditionMgr:1044 - genDependencies : Invalid condition id : LAN8742 Phy interface Condition cause : null
2025-11-25 13:23:37,145 [WARN] ConditionMgr:1044 - genDependencies : Invalid condition id : LAN8742 Phy interface Condition cause : null
2025-11-25 13:23:37,146 [WARN] ConditionMgr:1044 - genDependencies : Invalid condition id : LAN8742 Phy interface Condition cause : null
2025-11-25 13:23:37,149 [WARN] PackLoader:240 - Cannot read IP mode file for STMicroelectronics.X-CUBE-SFXS2LP1.4.0.0
2025-11-25 13:23:37,159 [WARN] PackLoader:240 - Cannot read IP mode file for STMicroelectronics.X-CUBE-AZRTOS-H7.3.3.0
2025-11-25 13:23:37,166 [WARN] PackLoader:240 - Cannot read IP mode file for STMicroelectronics.X-CUBE-BLEMGR.4.1.0
2025-11-25 13:23:37,172 [WARN] PackLoader:240 - Cannot read IP mode file for STMicroelectronics.X-CUBE-IPS.3.0.0
2025-11-25 13:23:37,179 [WARN] ConditionMgr:438 - getConditionDescription Invalid condition id : UX DEVICE CLASS RTOS Condition cause : null
2025-11-25 13:23:37,179 [WARN] ConditionMgr:438 - getConditionDescription Invalid condition id : UX DEVICE CLASS RTOS Condition cause : null
2025-11-25 13:23:37,181 [WARN] PackLoader:240 - Cannot read IP mode file for STMicroelectronics.X-CUBE-AZRTOS-WB.2.0.0
2025-11-25 13:23:37,181 [WARN] ConditionMgr:1044 - genDependencies : Invalid condition id : UX DEVICE CLASS RTOS Condition cause : null
2025-11-25 13:23:37,181 [WARN] ConditionMgr:1044 - genDependencies : Invalid condition id : UX DEVICE CLASS RTOS Condition cause : null
2025-11-25 13:23:37,181 [WARN] ConditionMgr:1044 - genDependencies : Invalid condition id : UX DEVICE CLASS RTOS Condition cause : null
2025-11-25 13:23:37,182 [WARN] ConditionMgr:1044 - genDependencies : Invalid condition id : UX DEVICE CLASS RTOS Condition cause : null
2025-11-25 13:23:37,182 [WARN] ConditionMgr:1044 - genDependencies : Invalid condition id : UX DEVICE CLASS RTOS Condition cause : null
2025-11-25 13:23:37,184 [WARN] PackLoader:240 - Cannot read IP mode file for STMicroelectronics.X-CUBE-GNSS1.7.0.0
2025-11-25 13:23:37,186 [WARN] PackLoader:240 - Cannot read IP mode file for STMicroelectronics.X-CUBE-GNSS1.7.0.1
2025-11-25 13:23:37,189 [WARN] PackLoader:240 - Cannot read IP mode file for STMicroelectronics.FP-SNS-STBOX1.2.0.0
2025-11-25 13:23:37,194 [WARN] PackLoader:240 - Cannot read IP mode file for STMicroelectronics.X-CUBE-SUBG2.5.0.0
2025-11-25 13:23:37,206 [WARN] PackLoader:240 - Cannot read IP mode file for STMicroelectronics.X-CUBE-AZRTOS-H7RS.1.1.0
2025-11-25 13:23:37,208 [WARN] PackLoader:240 - Cannot read IP mode file for Cesanta.I-CUBE-Mongoose.7.13.0
2025-11-25 13:23:37,215 [WARN] PackLoader:240 - Cannot read IP mode file for STMicroelectronics.X-CUBE-AZRTOS-G4.2.0.0
2025-11-25 13:23:37,220 [WARN] PackLoader:240 - Cannot read IP mode file for Infineon.AIROC-Wi-Fi-Bluetooth-STM32.1.5.1
2025-11-25 13:23:37,224 [WARN] PackLoader:240 - Cannot read IP mode file for STMicroelectronics.X-CUBE-NFC7.2.0.0
2025-11-25 13:23:37,225 [WARN] PackLoader:240 - Cannot read IP mode file for STMicroelectronics.FP-SNS-MOTENVWB1.1.3.1
2025-11-25 13:23:37,227 [WARN] PackLoader:240 - Cannot read IP mode file for STMicroelectronics.X-CUBE-ISPU.2.0.0
2025-11-25 13:23:37,232 [WARN] PackLoader:240 - Cannot read IP mode file for STMicroelectronics.X-CUBE-IPS.3.1.0
2025-11-25 13:23:37,236 [WARN] PackLoader:240 - Cannot read IP mode file for STMicroelectronics.X-CUBE-ALS.1.0.2
2025-11-25 13:23:37,255 [WARN] PackLoader:240 - Cannot read IP mode file for STMicroelectronics.X-CUBE-MEMS1.10.0.0
2025-11-25 13:23:37,305 [WARN] PackLoader:240 - Cannot read IP mode file for STMicroelectronics.X-CUBE-FREERTOS.1.1.0
2025-11-25 13:23:37,307 [WARN] PackLoader:240 - Cannot read IP mode file for STMicroelectronics.X-CUBE-TOUCHGFX.4.24.2
2025-11-25 13:23:37,308 [WARN] PackLoader:240 - Cannot read IP mode file for STMicroelectronics.X-CUBE-TOUCHGFX.4.24.1
2025-11-25 13:23:37,318 [WARN] PackLoader:240 - Cannot read IP mode file for STMicroelectronics.X-CUBE-STSE01.1.0.0
2025-11-25 13:23:37,321 [WARN] PackLoader:240 - Cannot read IP mode file for wolfSSL.I-CUBE-wolfTPM.3.4.0
2025-11-25 13:23:37,323 [WARN] PackLoader:240 - Cannot read IP mode file for portGmbH.I-Cube-SoM-uGOAL.1.1.0
2025-11-25 13:23:37,325 [WARN] PackLoader:240 - Cannot read IP mode file for STMicroelectronics.X-CUBE-ALS.1.0.1
2025-11-25 13:23:37,334 [WARN] PackLoader:240 - Cannot read IP mode file for STMicroelectronics.X-CUBE-AZRTOS-H7RS.1.0.0
2025-11-25 13:23:37,337 [WARN] PackLoader:240 - Cannot read IP mode file for STMicroelectronics.FP-ATR-ASTRA1.2.0.0
2025-11-25 13:23:37,342 [WARN] PackLoader:240 - Cannot read IP mode file for STMicroelectronics.X-CUBE-TOF1.3.4.2
2025-11-25 13:23:37,353 [WARN] PackLoader:240 - Cannot read IP mode file for STMicroelectronics.X-CUBE-TOF1.3.4.3
2025-11-25 13:23:37,363 [WARN] PackLoader:240 - Cannot read IP mode file for STMicroelectronics.X-CUBE-TOF1.3.4.0
2025-11-25 13:23:37,379 [WARN] PackLoader:240 - Cannot read IP mode file for STMicroelectronics.X-CUBE-AZRTOS-H7.3.2.0
2025-11-25 13:23:37,382 [WARN] PackLoader:240 - Cannot read IP mode file for wolfSSL.I-CUBE-wolfSSH.1.4.17
2025-11-25 13:23:37,383 [INFO] ThirdParty:978 - Integrity check success = true
2025-11-25 13:23:37,383 [INFO] IntegrityCheckThread:100 - exiting critical section [integrity check]
2025-11-25 13:23:37,383 [INFO] IntegrityCheckThread:103 - End integrity checks thread
2025-11-25 13:33:01,567 [ERROR] LogOutputStream:75 - [STDERR_REDIRECT] 
2025-11-25 13:33:53,171 [INFO] Activator:176 - 


2025-11-25 13:33:53,173 [INFO] Activator:177 - !SESSION log4j initialized
2025-11-25 13:33:56,536 [INFO] LogOutputStream:77 - [STDOUT_REDIRECT] 
2025-11-25 13:33:56,983 [INFO] ApplicationProperties:184 - Using Application install path: /opt/st/stm32cubeide_1.19.0/plugins/com.st.stm32cube.common.mx_6.15.0.202507011659
2025-11-25 13:33:56,995 [INFO] DbMcusXml:78 - Set database path to: /opt/st/stm32cubeide_1.19.0/plugins/com.st.stm32cube.common.mx_6.15.0.202507011659//db//mcu/
2025-11-25 13:33:56,995 [INFO] ApiDb:274 - Set plugin database path to: /opt/st/stm32cubeide_1.19.0/plugins/com.st.stm32cube.common.mx_6.15.0.202507011659//db//plugins/boardmanager/
2025-11-25 13:33:56,995 [WARN] ApiDb:259 - Overriding images path with different value:  => /opt/st/stm32cubeide_1.19.0/plugins/com.st.stm32cube.common.mx_6.15.0.202507011659//db//plugins/mcufinder/images/
2025-11-25 13:33:56,997 [INFO] ApiDb:250 - Set database path to: /home/student/.stmcufinder/plugins/mcufinder//mcu/
2025-11-25 13:33:56,998 [INFO] DbMcusAds:125 - Set database path to: /home/student/.stmcufinder/plugins/mcufinder//mcu/
2025-11-25 13:33:57,000 [INFO] CrossReferenceDbSqlite:203 - Set database path to: /home/student/.stmcufinder/plugins/mcufinder//mcu/cs/
2025-11-25 13:33:57,086 [INFO] RulesReader:64 - Compatibility file has been processed (317 Rules)
2025-11-25 13:33:57,129 [INFO] DbMcusXml:78 - Set database path to: /opt/st/stm32cubeide_1.19.0/plugins/com.st.stm32cube.common.mx_6.15.0.202507011659//db//mcu/
2025-11-25 13:33:57,129 [INFO] ApiDb:274 - Set plugin database path to: /opt/st/stm32cubeide_1.19.0/plugins/com.st.stm32cube.common.mx_6.15.0.202507011659//db//plugins/boardmanager/
2025-11-25 13:33:57,129 [INFO] ApiDb:261 - Set plugin images path to: /opt/st/stm32cubeide_1.19.0/plugins/com.st.stm32cube.common.mx_6.15.0.202507011659//db//plugins/mcufinder/images/
2025-11-25 13:33:57,129 [WARN] DbFile:41 - Overriding database path with different value: /home/student/.stmcufinder/plugins/mcufinder/ => /home/student/.stmcufinder/plugins/mcufinder
2025-11-25 13:33:57,130 [INFO] ApiDb:250 - Set database path to: /home/student/.stmcufinder/plugins/mcufinder//mcu/
2025-11-25 13:33:57,130 [WARN] DbFile:41 - Overriding database path with different value: /home/student/.stmcufinder/plugins/mcufinder/ => /home/student/.stmcufinder/plugins/mcufinder
2025-11-25 13:33:57,130 [INFO] DbMcusAds:125 - Set database path to: /home/student/.stmcufinder/plugins/mcufinder//mcu/
2025-11-25 13:33:57,130 [WARN] DbFile:41 - Overriding database path with different value: /home/student/.stmcufinder/plugins/mcufinder/ => /home/student/.stmcufinder/plugins/mcufinder
2025-11-25 13:33:57,130 [WARN] DbFile:41 - Overriding database path with different value: /home/student/.stmcufinder/plugins/mcufinder/ => /home/student/.stmcufinder/plugins/mcufinder
2025-11-25 13:33:57,130 [INFO] CrossReferenceDbSqlite:203 - Set database path to: /home/student/.stmcufinder/plugins/mcufinder//mcu/cs/
2025-11-25 13:33:57,174 [INFO] MainPanel:274 - HeapMemory: 268435456
2025-11-25 13:33:57,258 [INFO] DbMcusXml:78 - Set database path to: /opt/st/stm32cubeide_1.19.0/plugins/com.st.stm32cube.common.mx_6.15.0.202507011659//db//mcu/
2025-11-25 13:33:57,258 [INFO] ApiDb:274 - Set plugin database path to: /opt/st/stm32cubeide_1.19.0/plugins/com.st.stm32cube.common.mx_6.15.0.202507011659//db//plugins/boardmanager/
2025-11-25 13:33:57,259 [INFO] ApiDb:261 - Set plugin images path to: /opt/st/stm32cubeide_1.19.0/plugins/com.st.stm32cube.common.mx_6.15.0.202507011659//db//plugins/mcufinder/images/
2025-11-25 13:33:57,259 [WARN] DbFile:41 - Overriding database path with different value: /home/student/.stmcufinder/plugins/mcufinder/ => /home/student/.stmcufinder/plugins/mcufinder
2025-11-25 13:33:57,259 [INFO] ApiDb:250 - Set database path to: /home/student/.stmcufinder/plugins/mcufinder//mcu/
2025-11-25 13:33:57,259 [WARN] DbFile:41 - Overriding database path with different value: /home/student/.stmcufinder/plugins/mcufinder/ => /home/student/.stmcufinder/plugins/mcufinder
2025-11-25 13:33:57,259 [INFO] DbMcusAds:125 - Set database path to: /home/student/.stmcufinder/plugins/mcufinder//mcu/
2025-11-25 13:33:57,259 [WARN] DbFile:41 - Overriding database path with different value: /home/student/.stmcufinder/plugins/mcufinder/ => /home/student/.stmcufinder/plugins/mcufinder
2025-11-25 13:33:57,259 [WARN] DbFile:41 - Overriding database path with different value: /home/student/.stmcufinder/plugins/mcufinder/ => /home/student/.stmcufinder/plugins/mcufinder
2025-11-25 13:33:57,259 [INFO] CrossReferenceDbSqlite:203 - Set database path to: /home/student/.stmcufinder/plugins/mcufinder//mcu/cs/
2025-11-25 13:33:57,271 [INFO] ApplicationProperties:184 - Using Application install path: /opt/st/stm32cubeide_1.19.0/plugins/com.st.stm32cube.common.mx_6.15.0.202507011659
2025-11-25 13:33:57,272 [INFO] PluginManage:196 - Search for loadable plugins [exclusion list=, ]
2025-11-25 13:33:57,273 [INFO] PluginManage:310 - Check plugin analytics
2025-11-25 13:33:57,392 [INFO] AnalyticsPlugin:253 - Accepted Software Licenses: 
2025-11-25 13:33:57,392 [INFO] AnalyticsPlugin:255 - Accepted CMSIS Pack Licenses: 
2025-11-25 13:33:57,392 [INFO] AnalyticsPlugin:257 - Accepted Firmware Licenses: 
2025-11-25 13:33:57,393 [INFO] PluginManage:359 - Loaded plugin analytics (category:tool,tabindex:-1)
2025-11-25 13:33:57,394 [INFO] PluginManage:310 - Check plugin cadmodel
2025-11-25 13:33:57,396 [INFO] CADModel:105 - Init CAD model plugin
2025-11-25 13:33:57,396 [INFO] PluginManage:359 - Loaded plugin cadmodel (category:power,tabindex:5)
2025-11-25 13:33:57,396 [INFO] PluginManage:310 - Check plugin clock
2025-11-25 13:33:57,401 [INFO] PluginManage:359 - Loaded plugin clock (category:base,tabindex:2)
2025-11-25 13:33:57,401 [INFO] PluginManage:310 - Check plugin ddr
2025-11-25 13:33:57,403 [INFO] PluginManage:359 - Loaded plugin ddr (category:tool,tabindex:6)
2025-11-25 13:33:57,403 [INFO] PluginManage:310 - Check plugin filemanager
2025-11-25 13:33:57,508 [INFO] PluginManage:359 - Loaded plugin filemanager (category:base,tabindex:10)
2025-11-25 13:33:57,508 [INFO] PluginManage:310 - Check plugin ipmanager
2025-11-25 13:33:57,511 [INFO] PluginManage:359 - Loaded plugin ipmanager (category:base,tabindex:5)
2025-11-25 13:33:57,511 [INFO] PluginManage:310 - Check plugin lpbam
2025-11-25 13:33:57,517 [INFO] PluginManage:359 - Loaded plugin lpbam (category:base,tabindex:0)
2025-11-25 13:33:57,517 [INFO] PluginManage:310 - Check plugin memorymap
2025-11-25 13:33:57,526 [INFO] PluginManage:359 - Loaded plugin memorymap (category:base,tabindex:4)
2025-11-25 13:33:57,527 [INFO] PluginManage:310 - Check plugin pinoutandconfiguration
2025-11-25 13:33:57,531 [INFO] PluginManage:359 - Loaded plugin pinoutandconfiguration (category:base,tabindex:1)
2025-11-25 13:33:57,532 [INFO] PluginManage:310 - Check plugin pinoutconfig
2025-11-25 13:33:57,590 [WARN] SupportedApi:132 - Cannot load RTOS API schema: s4s-elt-must-match.1: The content of 'definitions' must match (annotation?, (simpleType | complexType)?, (unique | key | keyref)*)). A problem was found starting at: attribute.
2025-11-25 13:33:57,692 [INFO] PluginManage:359 - Loaded plugin pinoutconfig (category:base,tabindex:0)
2025-11-25 13:33:57,692 [INFO] PluginManage:310 - Check plugin power
2025-11-25 13:33:57,698 [INFO] PluginManage:359 - Loaded plugin power (category:power,tabindex:4)
2025-11-25 13:33:57,698 [INFO] PluginManage:310 - Check plugin projectmanager
2025-11-25 13:33:57,710 [INFO] PluginManage:359 - Loaded plugin projectmanager (category:projectmanager,tabindex:4)
2025-11-25 13:33:57,710 [INFO] PluginManage:310 - Check plugin rif
2025-11-25 13:33:57,716 [INFO] PluginManage:359 - Loaded plugin rif (category:base,tabindex:3)
2025-11-25 13:33:57,716 [INFO] PluginManage:310 - Check plugin thirdparty
2025-11-25 13:33:57,806 [INFO] PluginManage:359 - Loaded plugin thirdparty (category:base,tabindex:-1)
2025-11-25 13:33:57,806 [WARN] IntegrityCheckThread:84 - waiting for thirdparty lock release [integrity check]
2025-11-25 13:33:57,806 [INFO] IntegrityCheckThread:86 - entering critical section [integrity check]
2025-11-25 13:33:57,806 [INFO] PluginManage:310 - Check plugin tools
2025-11-25 13:33:57,807 [INFO] ThirdPartyUpdaterWithRetryManager:70 - Updater plugin not ready yet. [1/15]
2025-11-25 13:33:57,808 [INFO] PluginManage:359 - Loaded plugin tools (category:base,tabindex:7)
2025-11-25 13:33:57,808 [INFO] PluginManage:310 - Check plugin tutovideos
2025-11-25 13:33:57,939 [INFO] PluginManage:359 - Loaded plugin tutovideos (category:base,tabindex:-1)
2025-11-25 13:33:57,939 [INFO] PluginManage:310 - Check plugin updater
2025-11-25 13:33:57,953 [INFO] PluginManage:359 - Loaded plugin updater (category:base,tabindex:12)
2025-11-25 13:33:57,954 [INFO] PluginManage:310 - Check plugin userauth
2025-11-25 13:33:57,957 [INFO] UserAuth:118 - Init User Auth plugin
2025-11-25 13:33:57,957 [INFO] PluginManage:359 - Loaded plugin userauth (category:base,tabindex:14)
2025-11-25 13:33:57,958 [INFO] PluginManage:283 - PluginManage : Loaded plugins [18]
2025-11-25 13:33:58,077 [INFO] PinOutPanel:1589 - setPackage(No Configuration,No Configuration)
2025-11-25 13:33:58,129 [INFO] CADModel:165 - CPN selected for project level
2025-11-25 13:33:58,129 [INFO] CADModel:114 - Register for checkConnection events
2025-11-25 13:33:58,138 [INFO] IPUIPlugin:80 - create IPUIPlugin
2025-11-25 13:33:58,138 [INFO] PluginManager:220 - loadIPPluginJar : add resmgrutility
2025-11-25 13:33:58,142 [INFO] IPUIPlugin:80 - create IPUIPlugin
2025-11-25 13:33:58,142 [INFO] PluginManager:220 - loadIPPluginJar : add extmemmanager
2025-11-25 13:33:58,143 [INFO] IPUIPlugin:80 - create IPUIPlugin
2025-11-25 13:33:58,143 [INFO] PluginManager:220 - loadIPPluginJar : add hash
2025-11-25 13:33:58,145 [INFO] IPUIPlugin:80 - create IPUIPlugin
2025-11-25 13:33:58,145 [INFO] PluginManager:220 - loadIPPluginJar : add can
2025-11-25 13:33:58,148 [INFO] IPUIPlugin:80 - create IPUIPlugin
2025-11-25 13:33:58,148 [INFO] PluginManager:220 - loadIPPluginJar : add gic
2025-11-25 13:33:58,150 [INFO] IPUIPlugin:80 - create IPUIPlugin
2025-11-25 13:33:58,150 [INFO] PluginManager:220 - loadIPPluginJar : add pdm2pcm
2025-11-25 13:33:58,151 [INFO] IPUIPlugin:80 - create IPUIPlugin
2025-11-25 13:33:58,151 [INFO] PluginManager:220 - loadIPPluginJar : add genericplugin
2025-11-25 13:33:58,153 [INFO] IPUIPlugin:80 - create IPUIPlugin
2025-11-25 13:33:58,153 [INFO] PluginManager:220 - loadIPPluginJar : add i3c
2025-11-25 13:33:58,154 [INFO] IPUIPlugin:80 - create IPUIPlugin
2025-11-25 13:33:58,154 [INFO] PluginManager:220 - loadIPPluginJar : add comp
2025-11-25 13:33:58,158 [INFO] IPUIPlugin:80 - create IPUIPlugin
2025-11-25 13:33:58,158 [INFO] PluginManager:220 - loadIPPluginJar : add dma
2025-11-25 13:33:58,160 [INFO] IPUIPlugin:80 - create IPUIPlugin
2025-11-25 13:33:58,160 [INFO] PluginManager:220 - loadIPPluginJar : add opamp
2025-11-25 13:33:58,162 [INFO] IPUIPlugin:80 - create IPUIPlugin
2025-11-25 13:33:58,162 [INFO] PluginManager:220 - loadIPPluginJar : add lorawan
2025-11-25 13:33:58,164 [INFO] IPUIPlugin:80 - create IPUIPlugin
2025-11-25 13:33:58,164 [INFO] PluginManager:220 - loadIPPluginJar : add cryp
2025-11-25 13:33:58,169 [INFO] IPUIPlugin:80 - create IPUIPlugin
2025-11-25 13:33:58,169 [INFO] PluginManager:220 - loadIPPluginJar : add i2c
2025-11-25 13:33:58,171 [INFO] IPUIPlugin:80 - create IPUIPlugin
2025-11-25 13:33:58,171 [INFO] PluginManager:220 - loadIPPluginJar : add radio
2025-11-25 13:33:58,174 [INFO] IPUIPlugin:80 - create IPUIPlugin
2025-11-25 13:33:58,174 [INFO] PluginManager:220 - loadIPPluginJar : add gpio
2025-11-25 13:33:58,176 [INFO] IPUIPlugin:80 - create IPUIPlugin
2025-11-25 13:33:58,176 [INFO] PluginManager:220 - loadIPPluginJar : add ddr_ctrl_phy
2025-11-25 13:33:58,177 [INFO] IPUIPlugin:80 - create IPUIPlugin
2025-11-25 13:33:58,178 [INFO] PluginManager:220 - loadIPPluginJar : add usart
2025-11-25 13:33:58,179 [INFO] IPUIPlugin:80 - create IPUIPlugin
2025-11-25 13:33:58,179 [INFO] PluginManager:220 - loadIPPluginJar : add tracer_emb
2025-11-25 13:33:58,181 [INFO] IPUIPlugin:80 - create IPUIPlugin
2025-11-25 13:33:58,181 [INFO] PluginManager:220 - loadIPPluginJar : add i2s
2025-11-25 13:33:58,183 [INFO] IPUIPlugin:80 - create IPUIPlugin
2025-11-25 13:33:58,183 [INFO] PluginManager:220 - loadIPPluginJar : add gtzc
2025-11-25 13:33:58,187 [INFO] IPUIPlugin:80 - create IPUIPlugin
2025-11-25 13:33:58,187 [INFO] PluginManager:220 - loadIPPluginJar : add freertos
2025-11-25 13:33:58,189 [INFO] IPUIPlugin:80 - create IPUIPlugin
2025-11-25 13:33:58,189 [INFO] PluginManager:220 - loadIPPluginJar : add nvic
2025-11-25 13:33:58,190 [INFO] IPUIPlugin:80 - create IPUIPlugin
2025-11-25 13:33:58,190 [INFO] PluginManager:220 - loadIPPluginJar : add fatfs
2025-11-25 13:33:58,192 [INFO] IPUIPlugin:80 - create IPUIPlugin
2025-11-25 13:33:58,192 [INFO] PluginManager:220 - loadIPPluginJar : add aes
2025-11-25 13:33:58,193 [INFO] IPUIPlugin:80 - create IPUIPlugin
2025-11-25 13:33:58,193 [INFO] PluginManager:220 - loadIPPluginJar : add tsc
2025-11-25 13:33:58,194 [INFO] IPUIPlugin:80 - create IPUIPlugin
2025-11-25 13:33:58,194 [INFO] PluginManager:220 - loadIPPluginJar : add dfsdm
2025-11-25 13:33:58,196 [INFO] IPUIPlugin:80 - create IPUIPlugin
2025-11-25 13:33:58,196 [INFO] PluginManager:220 - loadIPPluginJar : add sai
2025-11-25 13:33:58,198 [INFO] IPUIPlugin:80 - create IPUIPlugin
2025-11-25 13:33:58,198 [INFO] PluginManager:220 - loadIPPluginJar : add usbx
2025-11-25 13:33:58,202 [INFO] IPUIPlugin:80 - create IPUIPlugin
2025-11-25 13:33:58,203 [INFO] PluginManager:220 - loadIPPluginJar : add stm32_wpan
2025-11-25 13:33:58,204 [INFO] IPUIPlugin:80 - create IPUIPlugin
2025-11-25 13:33:58,204 [INFO] PluginManager:220 - loadIPPluginJar : add quadspi
2025-11-25 13:33:58,205 [INFO] IPUIPlugin:80 - create IPUIPlugin
2025-11-25 13:33:58,205 [INFO] PluginManager:220 - loadIPPluginJar : add ucpd
2025-11-25 13:33:58,209 [INFO] IPUIPlugin:80 - create IPUIPlugin
2025-11-25 13:33:58,209 [INFO] PluginManager:220 - loadIPPluginJar : add fmc
2025-11-25 13:33:58,210 [INFO] IPUIPlugin:80 - create IPUIPlugin
2025-11-25 13:33:58,210 [INFO] PluginManager:220 - loadIPPluginJar : add spi
2025-11-25 13:33:58,212 [INFO] IPUIPlugin:80 - create IPUIPlugin
2025-11-25 13:33:58,212 [INFO] PluginManager:220 - loadIPPluginJar : add tim
2025-11-25 13:33:58,216 [INFO] IPUIPlugin:80 - create IPUIPlugin
2025-11-25 13:33:58,216 [INFO] PluginManager:220 - loadIPPluginJar : add mdma
2025-11-25 13:33:58,222 [INFO] IPUIPlugin:80 - create IPUIPlugin
2025-11-25 13:33:58,223 [INFO] PluginManager:220 - loadIPPluginJar : add adc
2025-11-25 13:33:58,224 [INFO] IPUIPlugin:80 - create IPUIPlugin
2025-11-25 13:33:58,224 [INFO] PluginManager:220 - loadIPPluginJar : add dma3
2025-11-25 13:33:58,228 [INFO] IPUIPlugin:80 - create IPUIPlugin
2025-11-25 13:33:58,230 [INFO] PluginManager:220 - loadIPPluginJar : add plateformsettings
2025-11-25 13:33:58,232 [INFO] IPUIPlugin:80 - create IPUIPlugin
2025-11-25 13:33:58,233 [INFO] PluginManager:220 - loadIPPluginJar : add openamp
2025-11-25 13:33:58,234 [INFO] IPUIPlugin:80 - create IPUIPlugin
2025-11-25 13:33:58,234 [INFO] PluginManager:220 - loadIPPluginJar : add ts
2025-11-25 13:33:58,236 [INFO] IPUIPlugin:80 - create IPUIPlugin
2025-11-25 13:33:58,236 [INFO] PluginManager:220 - loadIPPluginJar : add touchsensing
2025-11-25 13:33:58,238 [INFO] IPUIPlugin:80 - create IPUIPlugin
2025-11-25 13:33:58,238 [INFO] PluginManager:220 - loadIPPluginJar : add ltdc
2025-11-25 13:33:58,245 [INFO] IPUIPlugin:80 - create IPUIPlugin
2025-11-25 13:33:58,245 [INFO] PluginManager:220 - loadIPPluginJar : add linkedlist
2025-11-25 13:33:58,247 [INFO] IPUIPlugin:80 - create IPUIPlugin
2025-11-25 13:33:58,247 [INFO] PluginManager:220 - loadIPPluginJar : add ipddr
2025-11-25 13:33:58,248 [INFO] IPUIPlugin:80 - create IPUIPlugin
2025-11-25 13:33:58,248 [INFO] PluginManager:220 - loadIPPluginJar : add gfxmmu
2025-11-25 13:33:58,343 [FATAL] Updater:351 - Updater called before beeing initialized
2025-11-25 13:33:58,366 [INFO] RulesReader:64 - Compatibility file has been processed (317 Rules)
2025-11-25 13:33:58,374 [INFO] RulesReader:64 - Compatibility file has been processed (317 Rules)
2025-11-25 13:33:58,379 [INFO] CADModel:165 - CPN selected for project level
2025-11-25 13:33:58,379 [INFO] CADModel:114 - Register for checkConnection events
2025-11-25 13:33:58,379 [FATAL] Updater:351 - Updater called before beeing initialized
2025-11-25 13:33:58,379 [ERROR] CADModel:125 - Updater not yet initialized, retry later 
2025-11-25 13:33:58,461 [FATAL] Updater:351 - Updater called before beeing initialized
2025-11-25 13:33:58,464 [INFO] CADModel:165 - CPN selected for project level
2025-11-25 13:33:58,464 [INFO] CADModel:114 - Register for checkConnection events
2025-11-25 13:33:58,464 [FATAL] Updater:351 - Updater called before beeing initialized
2025-11-25 13:33:58,464 [ERROR] CADModel:125 - Updater not yet initialized, retry later 
2025-11-25 13:33:58,467 [FATAL] Updater:351 - Updater called before beeing initialized
2025-11-25 13:33:58,525 [FATAL] Updater:351 - Updater called before beeing initialized
2025-11-25 13:33:58,528 [INFO] DbMcusAds:53 - JSON generation date=Mon Nov 10 11:43:01 CET 2025 (1762771381096)
2025-11-25 13:33:58,528 [FATAL] Updater:351 - Updater called before beeing initialized
2025-11-25 13:33:58,561 [WARN] DetailPanel:346 - Failed to get advertising image, set to default
2025-11-25 13:33:58,621 [FATAL] Updater:351 - Updater called before beeing initialized
2025-11-25 13:33:58,622 [FATAL] Updater:351 - Updater called before beeing initialized
2025-11-25 13:33:58,622 [FATAL] Updater:351 - Updater called before beeing initialized
2025-11-25 13:33:58,623 [WARN] DetailPanel:346 - Failed to get advertising image, set to default
2025-11-25 13:33:58,623 [FATAL] Updater:351 - Updater called before beeing initialized
2025-11-25 13:33:58,649 [ERROR] Updater:1198 - MainUpdater not yet initialized. External WinMGr cannot be set.
2025-11-25 13:33:58,650 [INFO] Updater:1134 - Updater Version found : 6.15.0
2025-11-25 13:33:58,668 [INFO] ApplicationProperties:184 - Using Application install path: /opt/st/stm32cubeide_1.19.0/plugins/com.st.stm32cube.common.mx_6.15.0.202507011659
2025-11-25 13:33:58,936 [INFO] MainUpdater:2872 - connection check result : 10
2025-11-25 13:33:58,944 [INFO] MainUpdater:289 - Updater Check For Update Now.
2025-11-25 13:33:58,944 [INFO] MicroXplorer:498 - Change Database Version : DB.6.0.150
2025-11-25 13:33:58,959 [INFO] McuFinderGlobals:63 - Set McuFinder mode to 2 (CubeIDE integrated)
2025-11-25 13:33:58,959 [INFO] UserAuth:171 - activating auth plugin
2025-11-25 13:33:58,964 [INFO] UserAuth:487 - Internet connection configuration mode: 1
2025-11-25 13:33:58,993 [INFO] JxBrowserEngine:152 - Initiate JxBrowser Engine with user profile folder
2025-11-25 13:33:59,159 [INFO] CheckServerUpdateThread:120 - End of CheckServer Thread
2025-11-25 13:33:59,459 [INFO] WebApp:169 - Instantiating new browser for Auth
2025-11-25 13:33:59,945 [INFO] WebApp:463 - Apply proxy settings
2025-11-25 13:33:59,946 [INFO] WebApp:548 - Chromium requires no authentication
2025-11-25 13:33:59,950 [INFO] WebApp:491 - Direct internet connection detected
2025-11-25 13:33:59,964 [INFO] WebApp:900 - Register for checkConnection events
2025-11-25 13:33:59,964 [INFO] WebApp:463 - Apply proxy settings
2025-11-25 13:33:59,964 [INFO] WebApp:548 - Chromium requires no authentication
2025-11-25 13:33:59,965 [INFO] WebApp:491 - Direct internet connection detected
2025-11-25 13:34:00,049 [INFO] WebApp:225 - Starting web application
2025-11-25 13:34:00,050 [INFO] WebApp:593 - Web application path used /opt/st/stm32cubeide_1.19.0/plugins/com.st.stm32cube.common.mx_6.15.0.202507011659/db/plugins/mcufinder/reactClient1/index.html
2025-11-25 13:34:00,263 [INFO] WebApp:191 - Connection restablished
2025-11-25 13:34:00,918 [WARN] PackLoader:240 - Cannot read IP mode file for STMicroelectronics.FP-SNS-MOTENVWB1.1.4.0
2025-11-25 13:34:00,922 [WARN] PackLoader:240 - Cannot read IP mode file for STMicroelectronics.FP-ATR-ASTRA1.2.0.2
2025-11-25 13:34:00,924 [WARN] PackLoader:240 - Cannot read IP mode file for STMicroelectronics.FP-ATR-ASTRA1.2.0.1
2025-11-25 13:34:00,929 [WARN] PackLoader:240 - Cannot read IP mode file for STMicroelectronics.X-CUBE-SMBUS.2.1.0
2025-11-25 13:34:00,933 [WARN] PackLoader:240 - Cannot read IP mode file for STMicroelectronics.X-CUBE-WB05N.1.1.0
2025-11-25 13:34:00,936 [WARN] PackLoader:240 - Cannot read IP mode file for STMicroelectronics.X-CUBE-TOUCHGFX.4.23.0
2025-11-25 13:34:00,954 [WARN] PackLoader:240 - Cannot read IP mode file for STMicroelectronics.X-CUBE-AZRTOS-F7.1.1.0
2025-11-25 13:34:00,960 [WARN] PackLoader:240 - Cannot read IP mode file for STMicroelectronics.FP-SNS-MOTENV1.4.3.2
2025-11-25 13:34:00,997 [WARN] PackLoader:240 - Cannot read IP mode file for STMicroelectronics.X-CUBE-MEMS1.11.0.0
2025-11-25 13:34:01,108 [WARN] PackLoader:240 - Cannot read IP mode file for STMicroelectronics.FP-SNS-MOTENV1.5.1.0
2025-11-25 13:34:01,110 [WARN] PackLoader:240 - Cannot read IP mode file for STMicroelectronics.FP-SNS-FLIGHT1.5.0.2
2025-11-25 13:34:01,124 [WARN] PackLoader:240 - Cannot read IP mode file for STMicroelectronics.X-CUBE-AZRTOS-H7.3.4.0
2025-11-25 13:34:01,130 [WARN] PackLoader:240 - Cannot read IP mode file for STMicroelectronics.X-CUBE-DISPLAY.3.0.0
2025-11-25 13:34:01,135 [WARN] PackLoader:240 - Cannot read IP mode file for STMicroelectronics.X-CUBE-BLE1.7.0.0
2025-11-25 13:34:01,138 [WARN] PackLoader:240 - Cannot read IP mode file for STMicroelectronics.X-CUBE-NFC10.1.0.0
2025-11-25 13:34:01,170 [WARN] PackLoader:240 - Cannot read IP mode file for STMicroelectronics.X-CUBE-BLEMGR.4.0.0
2025-11-25 13:34:01,179 [WARN] PackLoader:240 - Cannot read IP mode file for STMicroelectronics.X-CUBE-ST60.1.1.0
2025-11-25 13:34:01,183 [WARN] PackLoader:240 - Cannot read IP mode file for emotas.I-CUBE-CANOPEN.1.3.0
2025-11-25 13:34:01,186 [WARN] PackLoader:240 - Cannot read IP mode file for STMicroelectronics.X-CUBE-GNSS1.7.1.0
2025-11-25 13:34:01,192 [WARN] PackLoader:240 - Cannot read IP mode file for STMicroelectronics.X-CUBE-BLEMGR.3.1.0
2025-11-25 13:34:01,198 [WARN] PackLoader:240 - Cannot read IP mode file for STMicroelectronics.FP-SNS-STBOX1.2.1.0
2025-11-25 13:34:01,201 [WARN] PackLoader:240 - Cannot read IP mode file for STMicroelectronics.FP-SNS-SMARTAG2.1.2.0
2025-11-25 13:34:01,203 [WARN] PackLoader:240 - Cannot read IP mode file for STMicroelectronics.FP-SNS-FLIGHT1.5.1.0
2025-11-25 13:34:01,237 [WARN] PackLoader:240 - Cannot read IP mode file for STMicroelectronics.X-CUBE-MEMS1.11.1.0
2025-11-25 13:34:01,360 [INFO] LogOutputStream:77 - [STDOUT_REDIRECT] 1 : Invalid condition id : UX_CORESTACK_Condition cause : null
2025-11-25 13:34:01,361 [INFO] LogOutputStream:77 - [STDOUT_REDIRECT] 1 : Invalid condition id : UX_CORESTACK_Condition cause : null
2025-11-25 13:34:01,361 [INFO] LogOutputStream:77 - [STDOUT_REDIRECT] 1 : Invalid condition id : UX_CORESTACK_Condition cause : null
2025-11-25 13:34:01,362 [INFO] LogOutputStream:77 - [STDOUT_REDIRECT] 1 : Invalid condition id : UX_CORESTACK_Condition cause : null
2025-11-25 13:34:01,368 [INFO] LogOutputStream:77 - [STDOUT_REDIRECT] 1 : Invalid condition id : UX_CORESTACK_Condition cause : null
2025-11-25 13:34:01,370 [WARN] PackLoader:240 - Cannot read IP mode file for STMicroelectronics.X-CUBE-AZRTOS-WL.2.0.0
2025-11-25 13:34:01,383 [WARN] PackLoader:240 - Cannot read IP mode file for STMicroelectronics.FP-SNS-MOTENV1.5.0.0
2025-11-25 13:34:01,424 [WARN] PackLoader:240 - Cannot read IP mode file for STMicroelectronics.X-CUBE-AZRTOS-H7RS.1.2.0
2025-11-25 13:34:01,435 [WARN] PackLoader:240 - Cannot read IP mode file for wolfSSL.I-CUBE-wolfMQTT.1.19.0
2025-11-25 13:34:01,444 [WARN] PackLoader:240 - Cannot read IP mode file for WES.I-CUBE-Cesium.1.3.0
2025-11-25 13:34:01,449 [WARN] PackLoader:240 - Cannot read IP mode file for STMicroelectronics.X-CUBE-BLE2.3.3.0
2025-11-25 13:34:01,467 [WARN] PackLoader:240 - Cannot read IP mode file for STMicroelectronics.X-CUBE-NFC9.1.0.0
2025-11-25 13:34:01,471 [WARN] PackLoader:240 - Cannot read IP mode file for STMicroelectronics.X-CUBE-BLE1.7.1.0
2025-11-25 13:34:01,474 [WARN] PackLoader:240 - Cannot read IP mode file for STMicroelectronics.X-CUBE-TCPP.4.1.0
2025-11-25 13:34:01,480 [WARN] PackLoader:240 - Cannot read IP mode file for STMicroelectronics.X-CUBE-FREERTOS.1.4.0
2025-11-25 13:34:01,485 [WARN] PackLoader:240 - Cannot read IP mode file for STMicroelectronics.X-CUBE-EEPRMA1.5.2.0
2025-11-25 13:34:01,490 [WARN] PackLoader:240 - Cannot read IP mode file for STMicroelectronics.X-CUBE-ST67W61.1.1.0
2025-11-25 13:34:01,533 [WARN] PackLoader:240 - Cannot read IP mode file for STMicroelectronics.X-CUBE-MEMS1.12.0.0
2025-11-25 13:34:01,595 [WARN] PackLoader:240 - Cannot read IP mode file for STMicroelectronics.X-CUBE-ALGOBUILD.1.3.0
2025-11-25 13:34:01,604 [WARN] PackLoader:240 - Cannot read IP mode file for STMicroelectronics.X-CUBE-AZRTOS-G0.1.1.0
2025-11-25 13:34:01,608 [WARN] PackLoader:240 - Cannot read IP mode file for STMicroelectronics.X-CUBE-SAFEA1.1.2.2
2025-11-25 13:34:01,611 [WARN] PackLoader:240 - Cannot read IP mode file for STMicroelectronics.X-CUBE-NFC4.3.0.0
2025-11-25 13:34:01,616 [WARN] PackLoader:240 - Cannot read IP mode file for EmbeddedOffice.I-CUBE-FS-RTOS.1.0.1
2025-11-25 13:34:01,618 [WARN] PackLoader:240 - Cannot read IP mode file for STMicroelectronics.X-CUBE-WB05N.2.0.0
2025-11-25 13:34:01,623 [WARN] PackLoader:240 - Cannot read IP mode file for STMicroelectronics.X-CUBE-BLEMGR.3.0.0
2025-11-25 13:34:01,627 [WARN] PackLoader:240 - Cannot read IP mode file for STMicroelectronics.X-CUBE-TCPP.4.2.0
2025-11-25 13:34:01,630 [WARN] PackLoader:240 - Cannot read IP mode file for RealThread.X-CUBE-RT-Thread_Nano.4.1.1
2025-11-25 13:34:01,632 [WARN] PackLoader:240 - Cannot read IP mode file for STMicroelectronics.FP-ATR-SIGFOX1.3.2.0
2025-11-25 13:34:01,634 [WARN] ConditionMgr:438 - getConditionDescription Invalid condition id : Cortex-A Device cause : null
2025-11-25 13:34:01,637 [WARN] ConditionMgr:1044 - genDependencies : Invalid condition id : Cortex-A Device cause : null
2025-11-25 13:34:01,637 [WARN] ConditionMgr:1044 - genDependencies : Invalid condition id : Cortex-A Device cause : null
2025-11-25 13:34:01,638 [WARN] ConditionMgr:1044 - genDependencies : Invalid condition id : Cortex-A Device cause : null
2025-11-25 13:34:01,640 [WARN] PackLoader:240 - Cannot read IP mode file for STMicroelectronics.X-CUBE-EEPRMA1.5.1.0
2025-11-25 13:34:01,643 [WARN] PackLoader:240 - Cannot read IP mode file for STMicroelectronics.X-CUBE-AI.10.2.0
2025-11-25 13:34:01,659 [WARN] PackLoader:240 - Cannot read IP mode file for SEGGER.I-CUBE-embOS.1.3.1
2025-11-25 13:34:01,685 [WARN] PackLoader:240 - Cannot read IP mode file for STMicroelectronics.X-CUBE-ALGOBUILD.1.4.0
2025-11-25 13:34:01,714 [WARN] PackLoader:240 - Cannot read IP mode file for STMicroelectronics.X-CUBE-MEMS1.11.3.0
2025-11-25 13:34:01,781 [WARN] PackLoader:240 - Cannot read IP mode file for STMicroelectronics.X-CUBE-AI.9.1.0
2025-11-25 13:34:01,783 [WARN] PackLoader:240 - Cannot read IP mode file for STMicroelectronics.X-CUBE-PM33A1.1.0.0
2025-11-25 13:34:01,786 [WARN] PackLoader:240 - Cannot read IP mode file for STMicroelectronics.X-CUBE-GNSS1.6.0.0
2025-11-25 13:34:01,795 [WARN] PackLoader:240 - Cannot read IP mode file for STMicroelectronics.X-CUBE-AZRTOS-F4.1.1.0
2025-11-25 13:34:01,817 [WARN] PackLoader:240 - Cannot read IP mode file for wolfSSL.I-CUBE-wolfSSL.5.6.4
2025-11-25 13:34:01,820 [WARN] PackLoader:240 - Cannot read IP mode file for STMicroelectronics.X-CUBE-ISPU.2.1.0
2025-11-25 13:34:01,842 [WARN] PackLoader:240 - Cannot read IP mode file for STMicroelectronics.X-CUBE-IPS.3.2.0
2025-11-25 13:34:01,849 [WARN] PackLoader:240 - Cannot read IP mode file for STMicroelectronics.X-CUBE-FREERTOS.1.2.0
2025-11-25 13:34:01,856 [WARN] PackLoader:240 - Cannot read IP mode file for STMicroelectronics.X-CUBE-NFC12.1.0.0
2025-11-25 13:34:01,878 [WARN] PackLoader:240 - Cannot read IP mode file for STMicroelectronics.X-CUBE-AZRTOS-L5.2.0.0
2025-11-25 13:34:01,885 [WARN] PackLoader:240 - Cannot read IP mode file for STMicroelectronics.X-CUBE-EEPRMA1.4.2.0
2025-11-25 13:34:01,897 [WARN] PackLoader:240 - Cannot read IP mode file for STMicroelectronics.X-CUBE-NFC6.3.1.0
2025-11-25 13:34:01,900 [WARN] PackLoader:240 - Cannot read IP mode file for ITTIA_DB.I-CUBE-ITTIADB.8.8.0
2025-11-25 13:34:01,903 [WARN] PackLoader:240 - Cannot read IP mode file for STMicroelectronics.X-CUBE-DPower.1.2.0
2025-11-25 13:34:01,906 [WARN] PackLoader:240 - Cannot read IP mode file for STMicroelectronics.X-CUBE-FREERTOS.1.3.1
2025-11-25 13:34:01,908 [WARN] PackLoader:240 - Cannot read IP mode file for STMicroelectronics.X-CUBE-FREERTOS.1.3.0
2025-11-25 13:34:01,911 [WARN] PackLoader:240 - Cannot read IP mode file for STMicroelectronics.X-CUBE-NFC7.1.0.1
2025-11-25 13:34:01,913 [WARN] PackLoader:240 - Cannot read IP mode file for STMicroelectronics.X-CUBE-TOUCHGFX.4.26.0
2025-11-25 13:34:01,918 [WARN] PackLoader:240 - Cannot read IP mode file for STMicroelectronics.X-CUBE-NFC6.3.0.0
2025-11-25 13:34:01,925 [WARN] PackLoader:240 - Cannot read IP mode file for STMicroelectronics.FP-SNS-STAIOTCFT.1.0.0
2025-11-25 13:34:01,940 [WARN] PackLoader:240 - Cannot read IP mode file for STMicroelectronics.X-CUBE-DPower.1.3.0
2025-11-25 13:34:01,942 [WARN] PackLoader:240 - Cannot read IP mode file for STMicroelectronics.X-CUBE-AI.8.1.0
2025-11-25 13:34:01,973 [WARN] ConditionMgr:438 - getConditionDescription Invalid condition id : LAN8742 Phy interface Condition cause : null
2025-11-25 13:34:01,974 [WARN] PackLoader:240 - Cannot read IP mode file for STMicroelectronics.X-CUBE-AZRTOS-L4.2.0.0
2025-11-25 13:34:01,975 [WARN] ConditionMgr:1044 - genDependencies : Invalid condition id : LAN8742 Phy interface Condition cause : null
2025-11-25 13:34:01,975 [WARN] ConditionMgr:1044 - genDependencies : Invalid condition id : LAN8742 Phy interface Condition cause : null
2025-11-25 13:34:01,976 [WARN] ConditionMgr:1044 - genDependencies : Invalid condition id : LAN8742 Phy interface Condition cause : null
2025-11-25 13:34:01,981 [WARN] PackLoader:240 - Cannot read IP mode file for STMicroelectronics.X-CUBE-SFXS2LP1.4.0.0
2025-11-25 13:34:02,000 [WARN] PackLoader:240 - Cannot read IP mode file for STMicroelectronics.X-CUBE-AZRTOS-H7.3.3.0
2025-11-25 13:34:02,010 [WARN] PackLoader:240 - Cannot read IP mode file for STMicroelectronics.X-CUBE-BLEMGR.4.1.0
2025-11-25 13:34:02,019 [WARN] PackLoader:240 - Cannot read IP mode file for STMicroelectronics.X-CUBE-IPS.3.0.0
2025-11-25 13:34:02,031 [WARN] ConditionMgr:438 - getConditionDescription Invalid condition id : UX DEVICE CLASS RTOS Condition cause : null
2025-11-25 13:34:02,031 [WARN] ConditionMgr:438 - getConditionDescription Invalid condition id : UX DEVICE CLASS RTOS Condition cause : null
2025-11-25 13:34:02,033 [WARN] PackLoader:240 - Cannot read IP mode file for STMicroelectronics.X-CUBE-AZRTOS-WB.2.0.0
2025-11-25 13:34:02,033 [WARN] ConditionMgr:1044 - genDependencies : Invalid condition id : UX DEVICE CLASS RTOS Condition cause : null
2025-11-25 13:34:02,033 [WARN] ConditionMgr:1044 - genDependencies : Invalid condition id : UX DEVICE CLASS RTOS Condition cause : null
2025-11-25 13:34:02,033 [WARN] ConditionMgr:1044 - genDependencies : Invalid condition id : UX DEVICE CLASS RTOS Condition cause : null
2025-11-25 13:34:02,033 [WARN] ConditionMgr:1044 - genDependencies : Invalid condition id : UX DEVICE CLASS RTOS Condition cause : null
2025-11-25 13:34:02,033 [WARN] ConditionMgr:1044 - genDependencies : Invalid condition id : UX DEVICE CLASS RTOS Condition cause : null
2025-11-25 13:34:02,036 [WARN] PackLoader:240 - Cannot read IP mode file for STMicroelectronics.X-CUBE-GNSS1.7.0.0
2025-11-25 13:34:02,039 [WARN] PackLoader:240 - Cannot read IP mode file for STMicroelectronics.X-CUBE-GNSS1.7.0.1
2025-11-25 13:34:02,042 [WARN] PackLoader:240 - Cannot read IP mode file for STMicroelectronics.FP-SNS-STBOX1.2.0.0
2025-11-25 13:34:02,048 [WARN] PackLoader:240 - Cannot read IP mode file for STMicroelectronics.X-CUBE-SUBG2.5.0.0
2025-11-25 13:34:02,071 [WARN] PackLoader:240 - Cannot read IP mode file for STMicroelectronics.X-CUBE-AZRTOS-H7RS.1.1.0
2025-11-25 13:34:02,074 [WARN] PackLoader:240 - Cannot read IP mode file for Cesanta.I-CUBE-Mongoose.7.13.0
2025-11-25 13:34:02,082 [WARN] PackLoader:240 - Cannot read IP mode file for STMicroelectronics.X-CUBE-AZRTOS-G4.2.0.0
2025-11-25 13:34:02,088 [WARN] PackLoader:240 - Cannot read IP mode file for Infineon.AIROC-Wi-Fi-Bluetooth-STM32.1.5.1
2025-11-25 13:34:02,092 [WARN] PackLoader:240 - Cannot read IP mode file for STMicroelectronics.X-CUBE-NFC7.2.0.0
2025-11-25 13:34:02,094 [WARN] PackLoader:240 - Cannot read IP mode file for STMicroelectronics.FP-SNS-MOTENVWB1.1.3.1
2025-11-25 13:34:02,096 [WARN] PackLoader:240 - Cannot read IP mode file for STMicroelectronics.X-CUBE-ISPU.2.0.0
2025-11-25 13:34:02,101 [WARN] PackLoader:240 - Cannot read IP mode file for STMicroelectronics.X-CUBE-IPS.3.1.0
2025-11-25 13:34:02,105 [WARN] PackLoader:240 - Cannot read IP mode file for STMicroelectronics.X-CUBE-ALS.1.0.2
2025-11-25 13:34:02,125 [WARN] PackLoader:240 - Cannot read IP mode file for STMicroelectronics.X-CUBE-MEMS1.10.0.0
2025-11-25 13:34:02,180 [WARN] PackLoader:240 - Cannot read IP mode file for STMicroelectronics.X-CUBE-FREERTOS.1.1.0
2025-11-25 13:34:02,182 [WARN] PackLoader:240 - Cannot read IP mode file for STMicroelectronics.X-CUBE-TOUCHGFX.4.24.2
2025-11-25 13:34:02,183 [WARN] PackLoader:240 - Cannot read IP mode file for STMicroelectronics.X-CUBE-TOUCHGFX.4.24.1
2025-11-25 13:34:02,185 [WARN] PackLoader:240 - Cannot read IP mode file for STMicroelectronics.X-CUBE-STSE01.1.0.0
2025-11-25 13:34:02,187 [WARN] PackLoader:240 - Cannot read IP mode file for wolfSSL.I-CUBE-wolfTPM.3.4.0
2025-11-25 13:34:02,189 [WARN] PackLoader:240 - Cannot read IP mode file for portGmbH.I-Cube-SoM-uGOAL.1.1.0
2025-11-25 13:34:02,191 [WARN] PackLoader:240 - Cannot read IP mode file for STMicroelectronics.X-CUBE-ALS.1.0.1
2025-11-25 13:34:02,200 [WARN] PackLoader:240 - Cannot read IP mode file for STMicroelectronics.X-CUBE-AZRTOS-H7RS.1.0.0
2025-11-25 13:34:02,202 [WARN] PackLoader:240 - Cannot read IP mode file for STMicroelectronics.FP-ATR-ASTRA1.2.0.0
2025-11-25 13:34:02,207 [WARN] PackLoader:240 - Cannot read IP mode file for STMicroelectronics.X-CUBE-TOF1.3.4.2
2025-11-25 13:34:02,217 [WARN] PackLoader:240 - Cannot read IP mode file for STMicroelectronics.X-CUBE-TOF1.3.4.3
2025-11-25 13:34:02,239 [WARN] PackLoader:240 - Cannot read IP mode file for STMicroelectronics.X-CUBE-TOF1.3.4.0
2025-11-25 13:34:02,254 [WARN] PackLoader:240 - Cannot read IP mode file for STMicroelectronics.X-CUBE-AZRTOS-H7.3.2.0
2025-11-25 13:34:02,257 [WARN] PackLoader:240 - Cannot read IP mode file for wolfSSL.I-CUBE-wolfSSH.1.4.17
2025-11-25 13:34:02,257 [INFO] ThirdParty:978 - Integrity check success = true
2025-11-25 13:34:02,257 [INFO] IntegrityCheckThread:100 - exiting critical section [integrity check]
2025-11-25 13:34:02,257 [INFO] IntegrityCheckThread:103 - End integrity checks thread
2025-11-25 13:42:49,514 [INFO] Activator:176 - 


2025-11-25 13:42:49,515 [INFO] Activator:177 - !SESSION log4j initialized
2025-11-25 13:42:52,719 [INFO] LogOutputStream:77 - [STDOUT_REDIRECT] 
2025-11-25 13:42:53,154 [INFO] ApplicationProperties:184 - Using Application install path: /opt/st/stm32cubeide_1.19.0/plugins/com.st.stm32cube.common.mx_6.15.0.202507011659
2025-11-25 13:42:53,166 [INFO] DbMcusXml:78 - Set database path to: /opt/st/stm32cubeide_1.19.0/plugins/com.st.stm32cube.common.mx_6.15.0.202507011659//db//mcu/
2025-11-25 13:42:53,166 [INFO] ApiDb:274 - Set plugin database path to: /opt/st/stm32cubeide_1.19.0/plugins/com.st.stm32cube.common.mx_6.15.0.202507011659//db//plugins/boardmanager/
2025-11-25 13:42:53,166 [WARN] ApiDb:259 - Overriding images path with different value:  => /opt/st/stm32cubeide_1.19.0/plugins/com.st.stm32cube.common.mx_6.15.0.202507011659//db//plugins/mcufinder/images/
2025-11-25 13:42:53,168 [INFO] ApiDb:250 - Set database path to: /home/student/.stmcufinder/plugins/mcufinder//mcu/
2025-11-25 13:42:53,169 [INFO] DbMcusAds:125 - Set database path to: /home/student/.stmcufinder/plugins/mcufinder//mcu/
2025-11-25 13:42:53,171 [INFO] CrossReferenceDbSqlite:203 - Set database path to: /home/student/.stmcufinder/plugins/mcufinder//mcu/cs/
2025-11-25 13:42:53,257 [INFO] RulesReader:64 - Compatibility file has been processed (317 Rules)
2025-11-25 13:42:53,297 [INFO] DbMcusXml:78 - Set database path to: /opt/st/stm32cubeide_1.19.0/plugins/com.st.stm32cube.common.mx_6.15.0.202507011659//db//mcu/
2025-11-25 13:42:53,297 [INFO] ApiDb:274 - Set plugin database path to: /opt/st/stm32cubeide_1.19.0/plugins/com.st.stm32cube.common.mx_6.15.0.202507011659//db//plugins/boardmanager/
2025-11-25 13:42:53,297 [INFO] ApiDb:261 - Set plugin images path to: /opt/st/stm32cubeide_1.19.0/plugins/com.st.stm32cube.common.mx_6.15.0.202507011659//db//plugins/mcufinder/images/
2025-11-25 13:42:53,298 [WARN] DbFile:41 - Overriding database path with different value: /home/student/.stmcufinder/plugins/mcufinder/ => /home/student/.stmcufinder/plugins/mcufinder
2025-11-25 13:42:53,298 [INFO] ApiDb:250 - Set database path to: /home/student/.stmcufinder/plugins/mcufinder//mcu/
2025-11-25 13:42:53,298 [WARN] DbFile:41 - Overriding database path with different value: /home/student/.stmcufinder/plugins/mcufinder/ => /home/student/.stmcufinder/plugins/mcufinder
2025-11-25 13:42:53,298 [INFO] DbMcusAds:125 - Set database path to: /home/student/.stmcufinder/plugins/mcufinder//mcu/
2025-11-25 13:42:53,298 [WARN] DbFile:41 - Overriding database path with different value: /home/student/.stmcufinder/plugins/mcufinder/ => /home/student/.stmcufinder/plugins/mcufinder
2025-11-25 13:42:53,298 [WARN] DbFile:41 - Overriding database path with different value: /home/student/.stmcufinder/plugins/mcufinder/ => /home/student/.stmcufinder/plugins/mcufinder
2025-11-25 13:42:53,298 [INFO] CrossReferenceDbSqlite:203 - Set database path to: /home/student/.stmcufinder/plugins/mcufinder//mcu/cs/
2025-11-25 13:42:53,338 [INFO] MainPanel:274 - HeapMemory: 268435456
2025-11-25 13:42:53,403 [INFO] DbMcusXml:78 - Set database path to: /opt/st/stm32cubeide_1.19.0/plugins/com.st.stm32cube.common.mx_6.15.0.202507011659//db//mcu/
2025-11-25 13:42:53,403 [INFO] ApiDb:274 - Set plugin database path to: /opt/st/stm32cubeide_1.19.0/plugins/com.st.stm32cube.common.mx_6.15.0.202507011659//db//plugins/boardmanager/
2025-11-25 13:42:53,403 [INFO] ApiDb:261 - Set plugin images path to: /opt/st/stm32cubeide_1.19.0/plugins/com.st.stm32cube.common.mx_6.15.0.202507011659//db//plugins/mcufinder/images/
2025-11-25 13:42:53,404 [WARN] DbFile:41 - Overriding database path with different value: /home/student/.stmcufinder/plugins/mcufinder/ => /home/student/.stmcufinder/plugins/mcufinder
2025-11-25 13:42:53,404 [INFO] ApiDb:250 - Set database path to: /home/student/.stmcufinder/plugins/mcufinder//mcu/
2025-11-25 13:42:53,404 [WARN] DbFile:41 - Overriding database path with different value: /home/student/.stmcufinder/plugins/mcufinder/ => /home/student/.stmcufinder/plugins/mcufinder
2025-11-25 13:42:53,404 [INFO] DbMcusAds:125 - Set database path to: /home/student/.stmcufinder/plugins/mcufinder//mcu/
2025-11-25 13:42:53,404 [WARN] DbFile:41 - Overriding database path with different value: /home/student/.stmcufinder/plugins/mcufinder/ => /home/student/.stmcufinder/plugins/mcufinder
2025-11-25 13:42:53,404 [WARN] DbFile:41 - Overriding database path with different value: /home/student/.stmcufinder/plugins/mcufinder/ => /home/student/.stmcufinder/plugins/mcufinder
2025-11-25 13:42:53,404 [INFO] CrossReferenceDbSqlite:203 - Set database path to: /home/student/.stmcufinder/plugins/mcufinder//mcu/cs/
2025-11-25 13:42:53,413 [INFO] ApplicationProperties:184 - Using Application install path: /opt/st/stm32cubeide_1.19.0/plugins/com.st.stm32cube.common.mx_6.15.0.202507011659
2025-11-25 13:42:53,414 [INFO] PluginManage:196 - Search for loadable plugins [exclusion list=, ]
2025-11-25 13:42:53,415 [INFO] PluginManage:310 - Check plugin analytics
2025-11-25 13:42:53,543 [INFO] AnalyticsPlugin:253 - Accepted Software Licenses: 
2025-11-25 13:42:53,543 [INFO] AnalyticsPlugin:255 - Accepted CMSIS Pack Licenses: 
2025-11-25 13:42:53,543 [INFO] AnalyticsPlugin:257 - Accepted Firmware Licenses: 
2025-11-25 13:42:53,545 [INFO] PluginManage:359 - Loaded plugin analytics (category:tool,tabindex:-1)
2025-11-25 13:42:53,545 [INFO] PluginManage:310 - Check plugin cadmodel
2025-11-25 13:42:53,547 [INFO] CADModel:105 - Init CAD model plugin
2025-11-25 13:42:53,547 [INFO] PluginManage:359 - Loaded plugin cadmodel (category:power,tabindex:5)
2025-11-25 13:42:53,547 [INFO] PluginManage:310 - Check plugin clock
2025-11-25 13:42:53,553 [INFO] PluginManage:359 - Loaded plugin clock (category:base,tabindex:2)
2025-11-25 13:42:53,553 [INFO] PluginManage:310 - Check plugin ddr
2025-11-25 13:42:53,554 [INFO] PluginManage:359 - Loaded plugin ddr (category:tool,tabindex:6)
2025-11-25 13:42:53,554 [INFO] PluginManage:310 - Check plugin filemanager
2025-11-25 13:42:53,647 [INFO] PluginManage:359 - Loaded plugin filemanager (category:base,tabindex:10)
2025-11-25 13:42:53,647 [INFO] PluginManage:310 - Check plugin ipmanager
2025-11-25 13:42:53,651 [INFO] PluginManage:359 - Loaded plugin ipmanager (category:base,tabindex:5)
2025-11-25 13:42:53,651 [INFO] PluginManage:310 - Check plugin lpbam
2025-11-25 13:42:53,657 [INFO] PluginManage:359 - Loaded plugin lpbam (category:base,tabindex:0)
2025-11-25 13:42:53,657 [INFO] PluginManage:310 - Check plugin memorymap
2025-11-25 13:42:53,665 [INFO] PluginManage:359 - Loaded plugin memorymap (category:base,tabindex:4)
2025-11-25 13:42:53,666 [INFO] PluginManage:310 - Check plugin pinoutandconfiguration
2025-11-25 13:42:53,671 [INFO] PluginManage:359 - Loaded plugin pinoutandconfiguration (category:base,tabindex:1)
2025-11-25 13:42:53,671 [INFO] PluginManage:310 - Check plugin pinoutconfig
2025-11-25 13:42:53,727 [WARN] SupportedApi:132 - Cannot load RTOS API schema: s4s-elt-must-match.1: The content of 'definitions' must match (annotation?, (simpleType | complexType)?, (unique | key | keyref)*)). A problem was found starting at: attribute.
2025-11-25 13:42:53,811 [INFO] PluginManage:359 - Loaded plugin pinoutconfig (category:base,tabindex:0)
2025-11-25 13:42:53,811 [INFO] PluginManage:310 - Check plugin power
2025-11-25 13:42:53,816 [INFO] PluginManage:359 - Loaded plugin power (category:power,tabindex:4)
2025-11-25 13:42:53,816 [INFO] PluginManage:310 - Check plugin projectmanager
2025-11-25 13:42:53,826 [INFO] PluginManage:359 - Loaded plugin projectmanager (category:projectmanager,tabindex:4)
2025-11-25 13:42:53,826 [INFO] PluginManage:310 - Check plugin rif
2025-11-25 13:42:53,832 [INFO] PluginManage:359 - Loaded plugin rif (category:base,tabindex:3)
2025-11-25 13:42:53,832 [INFO] PluginManage:310 - Check plugin thirdparty
2025-11-25 13:42:53,904 [INFO] PluginManage:359 - Loaded plugin thirdparty (category:base,tabindex:-1)
2025-11-25 13:42:53,904 [WARN] IntegrityCheckThread:84 - waiting for thirdparty lock release [integrity check]
2025-11-25 13:42:53,905 [INFO] PluginManage:310 - Check plugin tools
2025-11-25 13:42:53,905 [INFO] IntegrityCheckThread:86 - entering critical section [integrity check]
2025-11-25 13:42:53,905 [INFO] ThirdPartyUpdaterWithRetryManager:70 - Updater plugin not ready yet. [1/15]
2025-11-25 13:42:53,906 [INFO] PluginManage:359 - Loaded plugin tools (category:base,tabindex:7)
2025-11-25 13:42:53,906 [INFO] PluginManage:310 - Check plugin tutovideos
2025-11-25 13:42:54,032 [INFO] PluginManage:359 - Loaded plugin tutovideos (category:base,tabindex:-1)
2025-11-25 13:42:54,032 [INFO] PluginManage:310 - Check plugin updater
2025-11-25 13:42:54,046 [INFO] PluginManage:359 - Loaded plugin updater (category:base,tabindex:12)
2025-11-25 13:42:54,046 [INFO] PluginManage:310 - Check plugin userauth
2025-11-25 13:42:54,048 [INFO] UserAuth:118 - Init User Auth plugin
2025-11-25 13:42:54,049 [INFO] PluginManage:359 - Loaded plugin userauth (category:base,tabindex:14)
2025-11-25 13:42:54,049 [INFO] PluginManage:283 - PluginManage : Loaded plugins [18]
2025-11-25 13:42:54,156 [INFO] PinOutPanel:1589 - setPackage(No Configuration,No Configuration)
2025-11-25 13:42:54,200 [INFO] CADModel:165 - CPN selected for project level
2025-11-25 13:42:54,200 [INFO] CADModel:114 - Register for checkConnection events
2025-11-25 13:42:54,208 [INFO] IPUIPlugin:80 - create IPUIPlugin
2025-11-25 13:42:54,208 [INFO] PluginManager:220 - loadIPPluginJar : add resmgrutility
2025-11-25 13:42:54,211 [INFO] IPUIPlugin:80 - create IPUIPlugin
2025-11-25 13:42:54,211 [INFO] PluginManager:220 - loadIPPluginJar : add extmemmanager
2025-11-25 13:42:54,212 [INFO] IPUIPlugin:80 - create IPUIPlugin
2025-11-25 13:42:54,213 [INFO] PluginManager:220 - loadIPPluginJar : add hash
2025-11-25 13:42:54,214 [INFO] IPUIPlugin:80 - create IPUIPlugin
2025-11-25 13:42:54,214 [INFO] PluginManager:220 - loadIPPluginJar : add can
2025-11-25 13:42:54,218 [INFO] IPUIPlugin:80 - create IPUIPlugin
2025-11-25 13:42:54,218 [INFO] PluginManager:220 - loadIPPluginJar : add gic
2025-11-25 13:42:54,219 [INFO] IPUIPlugin:80 - create IPUIPlugin
2025-11-25 13:42:54,219 [INFO] PluginManager:220 - loadIPPluginJar : add pdm2pcm
2025-11-25 13:42:54,220 [INFO] IPUIPlugin:80 - create IPUIPlugin
2025-11-25 13:42:54,220 [INFO] PluginManager:220 - loadIPPluginJar : add genericplugin
2025-11-25 13:42:54,222 [INFO] IPUIPlugin:80 - create IPUIPlugin
2025-11-25 13:42:54,222 [INFO] PluginManager:220 - loadIPPluginJar : add i3c
2025-11-25 13:42:54,223 [INFO] IPUIPlugin:80 - create IPUIPlugin
2025-11-25 13:42:54,223 [INFO] PluginManager:220 - loadIPPluginJar : add comp
2025-11-25 13:42:54,226 [INFO] IPUIPlugin:80 - create IPUIPlugin
2025-11-25 13:42:54,226 [INFO] PluginManager:220 - loadIPPluginJar : add dma
2025-11-25 13:42:54,228 [INFO] IPUIPlugin:80 - create IPUIPlugin
2025-11-25 13:42:54,228 [INFO] PluginManager:220 - loadIPPluginJar : add opamp
2025-11-25 13:42:54,229 [INFO] IPUIPlugin:80 - create IPUIPlugin
2025-11-25 13:42:54,229 [INFO] PluginManager:220 - loadIPPluginJar : add lorawan
2025-11-25 13:42:54,231 [INFO] IPUIPlugin:80 - create IPUIPlugin
2025-11-25 13:42:54,231 [INFO] PluginManager:220 - loadIPPluginJar : add cryp
2025-11-25 13:42:54,232 [INFO] IPUIPlugin:80 - create IPUIPlugin
2025-11-25 13:42:54,232 [INFO] PluginManager:220 - loadIPPluginJar : add i2c
2025-11-25 13:42:54,233 [INFO] IPUIPlugin:80 - create IPUIPlugin
2025-11-25 13:42:54,234 [INFO] PluginManager:220 - loadIPPluginJar : add radio
2025-11-25 13:42:54,236 [INFO] IPUIPlugin:80 - create IPUIPlugin
2025-11-25 13:42:54,236 [INFO] PluginManager:220 - loadIPPluginJar : add gpio
2025-11-25 13:42:54,237 [INFO] IPUIPlugin:80 - create IPUIPlugin
2025-11-25 13:42:54,237 [INFO] PluginManager:220 - loadIPPluginJar : add ddr_ctrl_phy
2025-11-25 13:42:54,239 [INFO] IPUIPlugin:80 - create IPUIPlugin
2025-11-25 13:42:54,239 [INFO] PluginManager:220 - loadIPPluginJar : add usart
2025-11-25 13:42:54,239 [INFO] IPUIPlugin:80 - create IPUIPlugin
2025-11-25 13:42:54,240 [INFO] PluginManager:220 - loadIPPluginJar : add tracer_emb
2025-11-25 13:42:54,241 [INFO] IPUIPlugin:80 - create IPUIPlugin
2025-11-25 13:42:54,241 [INFO] PluginManager:220 - loadIPPluginJar : add i2s
2025-11-25 13:42:54,242 [INFO] IPUIPlugin:80 - create IPUIPlugin
2025-11-25 13:42:54,242 [INFO] PluginManager:220 - loadIPPluginJar : add gtzc
2025-11-25 13:42:54,245 [INFO] IPUIPlugin:80 - create IPUIPlugin
2025-11-25 13:42:54,245 [INFO] PluginManager:220 - loadIPPluginJar : add freertos
2025-11-25 13:42:54,247 [INFO] IPUIPlugin:80 - create IPUIPlugin
2025-11-25 13:42:54,247 [INFO] PluginManager:220 - loadIPPluginJar : add nvic
2025-11-25 13:42:54,248 [INFO] IPUIPlugin:80 - create IPUIPlugin
2025-11-25 13:42:54,249 [INFO] PluginManager:220 - loadIPPluginJar : add fatfs
2025-11-25 13:42:54,250 [INFO] IPUIPlugin:80 - create IPUIPlugin
2025-11-25 13:42:54,250 [INFO] PluginManager:220 - loadIPPluginJar : add aes
2025-11-25 13:42:54,251 [INFO] IPUIPlugin:80 - create IPUIPlugin
2025-11-25 13:42:54,251 [INFO] PluginManager:220 - loadIPPluginJar : add tsc
2025-11-25 13:42:54,253 [INFO] IPUIPlugin:80 - create IPUIPlugin
2025-11-25 13:42:54,253 [INFO] PluginManager:220 - loadIPPluginJar : add dfsdm
2025-11-25 13:42:54,255 [INFO] IPUIPlugin:80 - create IPUIPlugin
2025-11-25 13:42:54,255 [INFO] PluginManager:220 - loadIPPluginJar : add sai
2025-11-25 13:42:54,257 [INFO] IPUIPlugin:80 - create IPUIPlugin
2025-11-25 13:42:54,257 [INFO] PluginManager:220 - loadIPPluginJar : add usbx
2025-11-25 13:42:54,261 [INFO] IPUIPlugin:80 - create IPUIPlugin
2025-11-25 13:42:54,262 [INFO] PluginManager:220 - loadIPPluginJar : add stm32_wpan
2025-11-25 13:42:54,262 [INFO] IPUIPlugin:80 - create IPUIPlugin
2025-11-25 13:42:54,263 [INFO] PluginManager:220 - loadIPPluginJar : add quadspi
2025-11-25 13:42:54,264 [INFO] IPUIPlugin:80 - create IPUIPlugin
2025-11-25 13:42:54,264 [INFO] PluginManager:220 - loadIPPluginJar : add ucpd
2025-11-25 13:42:54,267 [INFO] IPUIPlugin:80 - create IPUIPlugin
2025-11-25 13:42:54,267 [INFO] PluginManager:220 - loadIPPluginJar : add fmc
2025-11-25 13:42:54,268 [INFO] IPUIPlugin:80 - create IPUIPlugin
2025-11-25 13:42:54,268 [INFO] PluginManager:220 - loadIPPluginJar : add spi
2025-11-25 13:42:54,269 [INFO] IPUIPlugin:80 - create IPUIPlugin
2025-11-25 13:42:54,269 [INFO] PluginManager:220 - loadIPPluginJar : add tim
2025-11-25 13:42:54,273 [INFO] IPUIPlugin:80 - create IPUIPlugin
2025-11-25 13:42:54,273 [INFO] PluginManager:220 - loadIPPluginJar : add mdma
2025-11-25 13:42:54,277 [INFO] IPUIPlugin:80 - create IPUIPlugin
2025-11-25 13:42:54,277 [INFO] PluginManager:220 - loadIPPluginJar : add adc
2025-11-25 13:42:54,278 [INFO] IPUIPlugin:80 - create IPUIPlugin
2025-11-25 13:42:54,278 [INFO] PluginManager:220 - loadIPPluginJar : add dma3
2025-11-25 13:42:54,282 [INFO] IPUIPlugin:80 - create IPUIPlugin
2025-11-25 13:42:54,284 [INFO] PluginManager:220 - loadIPPluginJar : add plateformsettings
2025-11-25 13:42:54,286 [INFO] IPUIPlugin:80 - create IPUIPlugin
2025-11-25 13:42:54,286 [INFO] PluginManager:220 - loadIPPluginJar : add openamp
2025-11-25 13:42:54,287 [INFO] IPUIPlugin:80 - create IPUIPlugin
2025-11-25 13:42:54,287 [INFO] PluginManager:220 - loadIPPluginJar : add ts
2025-11-25 13:42:54,289 [INFO] IPUIPlugin:80 - create IPUIPlugin
2025-11-25 13:42:54,289 [INFO] PluginManager:220 - loadIPPluginJar : add touchsensing
2025-11-25 13:42:54,290 [INFO] IPUIPlugin:80 - create IPUIPlugin
2025-11-25 13:42:54,290 [INFO] PluginManager:220 - loadIPPluginJar : add ltdc
2025-11-25 13:42:54,295 [INFO] IPUIPlugin:80 - create IPUIPlugin
2025-11-25 13:42:54,295 [INFO] PluginManager:220 - loadIPPluginJar : add linkedlist
2025-11-25 13:42:54,297 [INFO] IPUIPlugin:80 - create IPUIPlugin
2025-11-25 13:42:54,297 [INFO] PluginManager:220 - loadIPPluginJar : add ipddr
2025-11-25 13:42:54,298 [INFO] IPUIPlugin:80 - create IPUIPlugin
2025-11-25 13:42:54,298 [INFO] PluginManager:220 - loadIPPluginJar : add gfxmmu
2025-11-25 13:42:54,389 [FATAL] Updater:351 - Updater called before beeing initialized
2025-11-25 13:42:54,408 [INFO] RulesReader:64 - Compatibility file has been processed (317 Rules)
2025-11-25 13:42:54,416 [INFO] RulesReader:64 - Compatibility file has been processed (317 Rules)
2025-11-25 13:42:54,421 [INFO] CADModel:165 - CPN selected for project level
2025-11-25 13:42:54,421 [INFO] CADModel:114 - Register for checkConnection events
2025-11-25 13:42:54,421 [FATAL] Updater:351 - Updater called before beeing initialized
2025-11-25 13:42:54,421 [ERROR] CADModel:125 - Updater not yet initialized, retry later 
2025-11-25 13:42:54,509 [FATAL] Updater:351 - Updater called before beeing initialized
2025-11-25 13:42:54,511 [INFO] CADModel:165 - CPN selected for project level
2025-11-25 13:42:54,511 [INFO] CADModel:114 - Register for checkConnection events
2025-11-25 13:42:54,511 [FATAL] Updater:351 - Updater called before beeing initialized
2025-11-25 13:42:54,511 [ERROR] CADModel:125 - Updater not yet initialized, retry later 
2025-11-25 13:42:54,514 [FATAL] Updater:351 - Updater called before beeing initialized
2025-11-25 13:42:54,584 [FATAL] Updater:351 - Updater called before beeing initialized
2025-11-25 13:42:54,587 [INFO] DbMcusAds:53 - JSON generation date=Mon Nov 10 11:43:01 CET 2025 (1762771381096)
2025-11-25 13:42:54,587 [FATAL] Updater:351 - Updater called before beeing initialized
2025-11-25 13:42:54,611 [WARN] DetailPanel:346 - Failed to get advertising image, set to default
2025-11-25 13:42:54,667 [FATAL] Updater:351 - Updater called before beeing initialized
2025-11-25 13:42:54,668 [FATAL] Updater:351 - Updater called before beeing initialized
2025-11-25 13:42:54,669 [FATAL] Updater:351 - Updater called before beeing initialized
2025-11-25 13:42:54,669 [WARN] DetailPanel:346 - Failed to get advertising image, set to default
2025-11-25 13:42:54,669 [FATAL] Updater:351 - Updater called before beeing initialized
2025-11-25 13:42:54,691 [ERROR] Updater:1198 - MainUpdater not yet initialized. External WinMGr cannot be set.
2025-11-25 13:42:54,692 [INFO] Updater:1134 - Updater Version found : 6.15.0
2025-11-25 13:42:54,704 [INFO] ApplicationProperties:184 - Using Application install path: /opt/st/stm32cubeide_1.19.0/plugins/com.st.stm32cube.common.mx_6.15.0.202507011659
2025-11-25 13:42:54,940 [INFO] MainUpdater:2872 - connection check result : 10
2025-11-25 13:42:54,941 [INFO] MainUpdater:289 - Updater Check For Update Now.
2025-11-25 13:42:54,942 [INFO] MicroXplorer:498 - Change Database Version : DB.6.0.150
2025-11-25 13:42:54,949 [INFO] McuFinderGlobals:63 - Set McuFinder mode to 2 (CubeIDE integrated)
2025-11-25 13:42:54,949 [INFO] UserAuth:171 - activating auth plugin
2025-11-25 13:42:54,953 [INFO] UserAuth:487 - Internet connection configuration mode: 1
2025-11-25 13:42:54,969 [INFO] JxBrowserEngine:152 - Initiate JxBrowser Engine with user profile folder
2025-11-25 13:42:55,109 [INFO] CheckServerUpdateThread:120 - End of CheckServer Thread
2025-11-25 13:42:55,367 [INFO] WebApp:169 - Instantiating new browser for Auth
2025-11-25 13:42:55,875 [INFO] WebApp:463 - Apply proxy settings
2025-11-25 13:42:55,876 [INFO] WebApp:548 - Chromium requires no authentication
2025-11-25 13:42:55,880 [INFO] WebApp:491 - Direct internet connection detected
2025-11-25 13:42:55,893 [INFO] WebApp:900 - Register for checkConnection events
2025-11-25 13:42:55,894 [INFO] WebApp:463 - Apply proxy settings
2025-11-25 13:42:55,894 [INFO] WebApp:548 - Chromium requires no authentication
2025-11-25 13:42:55,894 [INFO] WebApp:491 - Direct internet connection detected
2025-11-25 13:42:55,988 [INFO] WebApp:225 - Starting web application
2025-11-25 13:42:55,988 [INFO] WebApp:593 - Web application path used /opt/st/stm32cubeide_1.19.0/plugins/com.st.stm32cube.common.mx_6.15.0.202507011659/db/plugins/mcufinder/reactClient1/index.html
2025-11-25 13:42:56,215 [INFO] WebApp:191 - Connection restablished
2025-11-25 13:42:57,023 [WARN] PackLoader:240 - Cannot read IP mode file for STMicroelectronics.FP-SNS-MOTENVWB1.1.4.0
2025-11-25 13:42:57,027 [WARN] PackLoader:240 - Cannot read IP mode file for STMicroelectronics.FP-ATR-ASTRA1.2.0.2
2025-11-25 13:42:57,030 [WARN] PackLoader:240 - Cannot read IP mode file for STMicroelectronics.FP-ATR-ASTRA1.2.0.1
2025-11-25 13:42:57,034 [WARN] PackLoader:240 - Cannot read IP mode file for STMicroelectronics.X-CUBE-SMBUS.2.1.0
2025-11-25 13:42:57,040 [WARN] PackLoader:240 - Cannot read IP mode file for STMicroelectronics.X-CUBE-WB05N.1.1.0
2025-11-25 13:42:57,043 [WARN] PackLoader:240 - Cannot read IP mode file for STMicroelectronics.X-CUBE-TOUCHGFX.4.23.0
2025-11-25 13:42:57,062 [WARN] PackLoader:240 - Cannot read IP mode file for STMicroelectronics.X-CUBE-AZRTOS-F7.1.1.0
2025-11-25 13:42:57,067 [WARN] PackLoader:240 - Cannot read IP mode file for STMicroelectronics.FP-SNS-MOTENV1.4.3.2
2025-11-25 13:42:57,113 [WARN] PackLoader:240 - Cannot read IP mode file for STMicroelectronics.X-CUBE-MEMS1.11.0.0
2025-11-25 13:42:57,226 [WARN] PackLoader:240 - Cannot read IP mode file for STMicroelectronics.FP-SNS-MOTENV1.5.1.0
2025-11-25 13:42:57,228 [WARN] PackLoader:240 - Cannot read IP mode file for STMicroelectronics.FP-SNS-FLIGHT1.5.0.2
2025-11-25 13:42:57,255 [WARN] PackLoader:240 - Cannot read IP mode file for STMicroelectronics.X-CUBE-AZRTOS-H7.3.4.0
2025-11-25 13:42:57,262 [WARN] PackLoader:240 - Cannot read IP mode file for STMicroelectronics.X-CUBE-DISPLAY.3.0.0
2025-11-25 13:42:57,267 [WARN] PackLoader:240 - Cannot read IP mode file for STMicroelectronics.X-CUBE-BLE1.7.0.0
2025-11-25 13:42:57,270 [WARN] PackLoader:240 - Cannot read IP mode file for STMicroelectronics.X-CUBE-NFC10.1.0.0
2025-11-25 13:42:57,278 [WARN] PackLoader:240 - Cannot read IP mode file for STMicroelectronics.X-CUBE-BLEMGR.4.0.0
2025-11-25 13:42:57,283 [WARN] PackLoader:240 - Cannot read IP mode file for STMicroelectronics.X-CUBE-ST60.1.1.0
2025-11-25 13:42:57,286 [WARN] PackLoader:240 - Cannot read IP mode file for emotas.I-CUBE-CANOPEN.1.3.0
2025-11-25 13:42:57,290 [WARN] PackLoader:240 - Cannot read IP mode file for STMicroelectronics.X-CUBE-GNSS1.7.1.0
2025-11-25 13:42:57,297 [WARN] PackLoader:240 - Cannot read IP mode file for STMicroelectronics.X-CUBE-BLEMGR.3.1.0
2025-11-25 13:42:57,303 [WARN] PackLoader:240 - Cannot read IP mode file for STMicroelectronics.FP-SNS-STBOX1.2.1.0
2025-11-25 13:42:57,308 [WARN] PackLoader:240 - Cannot read IP mode file for STMicroelectronics.FP-SNS-SMARTAG2.1.2.0
2025-11-25 13:42:57,311 [WARN] PackLoader:240 - Cannot read IP mode file for STMicroelectronics.FP-SNS-FLIGHT1.5.1.0
2025-11-25 13:42:57,383 [WARN] PackLoader:240 - Cannot read IP mode file for STMicroelectronics.X-CUBE-MEMS1.11.1.0
2025-11-25 13:42:57,496 [INFO] LogOutputStream:77 - [STDOUT_REDIRECT] 1 : Invalid condition id : UX_CORESTACK_Condition cause : null
2025-11-25 13:42:57,497 [INFO] LogOutputStream:77 - [STDOUT_REDIRECT] 1 : Invalid condition id : UX_CORESTACK_Condition cause : null
2025-11-25 13:42:57,497 [INFO] LogOutputStream:77 - [STDOUT_REDIRECT] 1 : Invalid condition id : UX_CORESTACK_Condition cause : null
2025-11-25 13:42:57,498 [INFO] LogOutputStream:77 - [STDOUT_REDIRECT] 1 : Invalid condition id : UX_CORESTACK_Condition cause : null
2025-11-25 13:42:57,500 [INFO] LogOutputStream:77 - [STDOUT_REDIRECT] 1 : Invalid condition id : UX_CORESTACK_Condition cause : null
2025-11-25 13:42:57,505 [WARN] PackLoader:240 - Cannot read IP mode file for STMicroelectronics.X-CUBE-AZRTOS-WL.2.0.0
2025-11-25 13:42:57,508 [WARN] PackLoader:240 - Cannot read IP mode file for STMicroelectronics.FP-SNS-MOTENV1.5.0.0
2025-11-25 13:42:57,525 [WARN] PackLoader:240 - Cannot read IP mode file for STMicroelectronics.X-CUBE-AZRTOS-H7RS.1.2.0
2025-11-25 13:42:57,528 [WARN] PackLoader:240 - Cannot read IP mode file for wolfSSL.I-CUBE-wolfMQTT.1.19.0
2025-11-25 13:42:57,534 [WARN] PackLoader:240 - Cannot read IP mode file for WES.I-CUBE-Cesium.1.3.0
2025-11-25 13:42:57,537 [WARN] PackLoader:240 - Cannot read IP mode file for STMicroelectronics.X-CUBE-BLE2.3.3.0
2025-11-25 13:42:57,553 [WARN] PackLoader:240 - Cannot read IP mode file for STMicroelectronics.X-CUBE-NFC9.1.0.0
2025-11-25 13:42:57,557 [WARN] PackLoader:240 - Cannot read IP mode file for STMicroelectronics.X-CUBE-BLE1.7.1.0
2025-11-25 13:42:57,559 [WARN] PackLoader:240 - Cannot read IP mode file for STMicroelectronics.X-CUBE-TCPP.4.1.0
2025-11-25 13:42:57,563 [WARN] PackLoader:240 - Cannot read IP mode file for STMicroelectronics.X-CUBE-FREERTOS.1.4.0
2025-11-25 13:42:57,571 [WARN] PackLoader:240 - Cannot read IP mode file for STMicroelectronics.X-CUBE-EEPRMA1.5.2.0
2025-11-25 13:42:57,575 [WARN] PackLoader:240 - Cannot read IP mode file for STMicroelectronics.X-CUBE-ST67W61.1.1.0
2025-11-25 13:42:57,608 [WARN] PackLoader:240 - Cannot read IP mode file for STMicroelectronics.X-CUBE-MEMS1.12.0.0
2025-11-25 13:42:57,673 [WARN] PackLoader:240 - Cannot read IP mode file for STMicroelectronics.X-CUBE-ALGOBUILD.1.3.0
2025-11-25 13:42:57,682 [WARN] PackLoader:240 - Cannot read IP mode file for STMicroelectronics.X-CUBE-AZRTOS-G0.1.1.0
2025-11-25 13:42:57,686 [WARN] PackLoader:240 - Cannot read IP mode file for STMicroelectronics.X-CUBE-SAFEA1.1.2.2
2025-11-25 13:42:57,688 [WARN] PackLoader:240 - Cannot read IP mode file for STMicroelectronics.X-CUBE-NFC4.3.0.0
2025-11-25 13:42:57,693 [WARN] PackLoader:240 - Cannot read IP mode file for EmbeddedOffice.I-CUBE-FS-RTOS.1.0.1
2025-11-25 13:42:57,695 [WARN] PackLoader:240 - Cannot read IP mode file for STMicroelectronics.X-CUBE-WB05N.2.0.0
2025-11-25 13:42:57,700 [WARN] PackLoader:240 - Cannot read IP mode file for STMicroelectronics.X-CUBE-BLEMGR.3.0.0
2025-11-25 13:42:57,703 [WARN] PackLoader:240 - Cannot read IP mode file for STMicroelectronics.X-CUBE-TCPP.4.2.0
2025-11-25 13:42:57,706 [WARN] PackLoader:240 - Cannot read IP mode file for RealThread.X-CUBE-RT-Thread_Nano.4.1.1
2025-11-25 13:42:57,708 [WARN] PackLoader:240 - Cannot read IP mode file for STMicroelectronics.FP-ATR-SIGFOX1.3.2.0
2025-11-25 13:42:57,709 [WARN] ConditionMgr:438 - getConditionDescription Invalid condition id : Cortex-A Device cause : null
2025-11-25 13:42:57,713 [WARN] ConditionMgr:1044 - genDependencies : Invalid condition id : Cortex-A Device cause : null
2025-11-25 13:42:57,713 [WARN] ConditionMgr:1044 - genDependencies : Invalid condition id : Cortex-A Device cause : null
2025-11-25 13:42:57,713 [WARN] ConditionMgr:1044 - genDependencies : Invalid condition id : Cortex-A Device cause : null
2025-11-25 13:42:57,716 [WARN] PackLoader:240 - Cannot read IP mode file for STMicroelectronics.X-CUBE-EEPRMA1.5.1.0
2025-11-25 13:42:57,718 [WARN] PackLoader:240 - Cannot read IP mode file for STMicroelectronics.X-CUBE-AI.10.2.0
2025-11-25 13:42:57,733 [WARN] PackLoader:240 - Cannot read IP mode file for SEGGER.I-CUBE-embOS.1.3.1
2025-11-25 13:42:57,756 [WARN] PackLoader:240 - Cannot read IP mode file for STMicroelectronics.X-CUBE-ALGOBUILD.1.4.0
2025-11-25 13:42:57,799 [WARN] PackLoader:240 - Cannot read IP mode file for STMicroelectronics.X-CUBE-MEMS1.11.3.0
2025-11-25 13:42:57,895 [WARN] PackLoader:240 - Cannot read IP mode file for STMicroelectronics.X-CUBE-AI.9.1.0
2025-11-25 13:42:57,897 [WARN] PackLoader:240 - Cannot read IP mode file for STMicroelectronics.X-CUBE-PM33A1.1.0.0
2025-11-25 13:42:57,901 [WARN] PackLoader:240 - Cannot read IP mode file for STMicroelectronics.X-CUBE-GNSS1.6.0.0
2025-11-25 13:42:57,913 [WARN] PackLoader:240 - Cannot read IP mode file for STMicroelectronics.X-CUBE-AZRTOS-F4.1.1.0
2025-11-25 13:42:57,917 [WARN] PackLoader:240 - Cannot read IP mode file for wolfSSL.I-CUBE-wolfSSL.5.6.4
2025-11-25 13:42:57,919 [WARN] PackLoader:240 - Cannot read IP mode file for STMicroelectronics.X-CUBE-ISPU.2.1.0
2025-11-25 13:42:57,929 [WARN] PackLoader:240 - Cannot read IP mode file for STMicroelectronics.X-CUBE-IPS.3.2.0
2025-11-25 13:42:57,935 [WARN] PackLoader:240 - Cannot read IP mode file for STMicroelectronics.X-CUBE-FREERTOS.1.2.0
2025-11-25 13:42:57,942 [WARN] PackLoader:240 - Cannot read IP mode file for STMicroelectronics.X-CUBE-NFC12.1.0.0
2025-11-25 13:42:57,953 [WARN] PackLoader:240 - Cannot read IP mode file for STMicroelectronics.X-CUBE-AZRTOS-L5.2.0.0
2025-11-25 13:42:57,956 [WARN] PackLoader:240 - Cannot read IP mode file for STMicroelectronics.X-CUBE-EEPRMA1.4.2.0
2025-11-25 13:42:57,960 [WARN] PackLoader:240 - Cannot read IP mode file for STMicroelectronics.X-CUBE-NFC6.3.1.0
2025-11-25 13:42:57,963 [WARN] PackLoader:240 - Cannot read IP mode file for ITTIA_DB.I-CUBE-ITTIADB.8.8.0
2025-11-25 13:42:57,966 [WARN] PackLoader:240 - Cannot read IP mode file for STMicroelectronics.X-CUBE-DPower.1.2.0
2025-11-25 13:42:57,969 [WARN] PackLoader:240 - Cannot read IP mode file for STMicroelectronics.X-CUBE-FREERTOS.1.3.1
2025-11-25 13:42:57,972 [WARN] PackLoader:240 - Cannot read IP mode file for STMicroelectronics.X-CUBE-FREERTOS.1.3.0
2025-11-25 13:42:57,974 [WARN] PackLoader:240 - Cannot read IP mode file for STMicroelectronics.X-CUBE-NFC7.1.0.1
2025-11-25 13:42:57,976 [WARN] PackLoader:240 - Cannot read IP mode file for STMicroelectronics.X-CUBE-TOUCHGFX.4.26.0
2025-11-25 13:42:57,979 [WARN] PackLoader:240 - Cannot read IP mode file for STMicroelectronics.X-CUBE-NFC6.3.0.0
2025-11-25 13:42:57,983 [WARN] PackLoader:240 - Cannot read IP mode file for STMicroelectronics.FP-SNS-STAIOTCFT.1.0.0
2025-11-25 13:42:57,993 [WARN] PackLoader:240 - Cannot read IP mode file for STMicroelectronics.X-CUBE-DPower.1.3.0
2025-11-25 13:42:58,001 [WARN] PackLoader:240 - Cannot read IP mode file for STMicroelectronics.X-CUBE-AI.8.1.0
2025-11-25 13:42:58,014 [WARN] ConditionMgr:438 - getConditionDescription Invalid condition id : LAN8742 Phy interface Condition cause : null
2025-11-25 13:42:58,015 [WARN] PackLoader:240 - Cannot read IP mode file for STMicroelectronics.X-CUBE-AZRTOS-L4.2.0.0
2025-11-25 13:42:58,015 [WARN] ConditionMgr:1044 - genDependencies : Invalid condition id : LAN8742 Phy interface Condition cause : null
2025-11-25 13:42:58,016 [WARN] ConditionMgr:1044 - genDependencies : Invalid condition id : LAN8742 Phy interface Condition cause : null
2025-11-25 13:42:58,016 [WARN] ConditionMgr:1044 - genDependencies : Invalid condition id : LAN8742 Phy interface Condition cause : null
2025-11-25 13:42:58,020 [WARN] PackLoader:240 - Cannot read IP mode file for STMicroelectronics.X-CUBE-SFXS2LP1.4.0.0
2025-11-25 13:42:58,035 [WARN] PackLoader:240 - Cannot read IP mode file for STMicroelectronics.X-CUBE-AZRTOS-H7.3.3.0
2025-11-25 13:42:58,044 [WARN] PackLoader:240 - Cannot read IP mode file for STMicroelectronics.X-CUBE-BLEMGR.4.1.0
2025-11-25 13:42:58,054 [WARN] PackLoader:240 - Cannot read IP mode file for STMicroelectronics.X-CUBE-IPS.3.0.0
2025-11-25 13:42:58,065 [WARN] ConditionMgr:438 - getConditionDescription Invalid condition id : UX DEVICE CLASS RTOS Condition cause : null
2025-11-25 13:42:58,065 [WARN] ConditionMgr:438 - getConditionDescription Invalid condition id : UX DEVICE CLASS RTOS Condition cause : null
2025-11-25 13:42:58,067 [WARN] PackLoader:240 - Cannot read IP mode file for STMicroelectronics.X-CUBE-AZRTOS-WB.2.0.0
2025-11-25 13:42:58,067 [WARN] ConditionMgr:1044 - genDependencies : Invalid condition id : UX DEVICE CLASS RTOS Condition cause : null
2025-11-25 13:42:58,067 [WARN] ConditionMgr:1044 - genDependencies : Invalid condition id : UX DEVICE CLASS RTOS Condition cause : null
2025-11-25 13:42:58,068 [WARN] ConditionMgr:1044 - genDependencies : Invalid condition id : UX DEVICE CLASS RTOS Condition cause : null
2025-11-25 13:42:58,068 [WARN] ConditionMgr:1044 - genDependencies : Invalid condition id : UX DEVICE CLASS RTOS Condition cause : null
2025-11-25 13:42:58,068 [WARN] ConditionMgr:1044 - genDependencies : Invalid condition id : UX DEVICE CLASS RTOS Condition cause : null
2025-11-25 13:42:58,071 [WARN] PackLoader:240 - Cannot read IP mode file for STMicroelectronics.X-CUBE-GNSS1.7.0.0
2025-11-25 13:42:58,075 [WARN] PackLoader:240 - Cannot read IP mode file for STMicroelectronics.X-CUBE-GNSS1.7.0.1
2025-11-25 13:42:58,079 [WARN] PackLoader:240 - Cannot read IP mode file for STMicroelectronics.FP-SNS-STBOX1.2.0.0
2025-11-25 13:42:58,089 [WARN] PackLoader:240 - Cannot read IP mode file for STMicroelectronics.X-CUBE-SUBG2.5.0.0
2025-11-25 13:42:58,108 [WARN] PackLoader:240 - Cannot read IP mode file for STMicroelectronics.X-CUBE-AZRTOS-H7RS.1.1.0
2025-11-25 13:42:58,113 [WARN] PackLoader:240 - Cannot read IP mode file for Cesanta.I-CUBE-Mongoose.7.13.0
2025-11-25 13:42:58,123 [WARN] PackLoader:240 - Cannot read IP mode file for STMicroelectronics.X-CUBE-AZRTOS-G4.2.0.0
2025-11-25 13:42:58,134 [WARN] PackLoader:240 - Cannot read IP mode file for Infineon.AIROC-Wi-Fi-Bluetooth-STM32.1.5.1
2025-11-25 13:42:58,139 [WARN] PackLoader:240 - Cannot read IP mode file for STMicroelectronics.X-CUBE-NFC7.2.0.0
2025-11-25 13:42:58,141 [WARN] PackLoader:240 - Cannot read IP mode file for STMicroelectronics.FP-SNS-MOTENVWB1.1.3.1
2025-11-25 13:42:58,144 [WARN] PackLoader:240 - Cannot read IP mode file for STMicroelectronics.X-CUBE-ISPU.2.0.0
2025-11-25 13:42:58,151 [WARN] PackLoader:240 - Cannot read IP mode file for STMicroelectronics.X-CUBE-IPS.3.1.0
2025-11-25 13:42:58,157 [WARN] PackLoader:240 - Cannot read IP mode file for STMicroelectronics.X-CUBE-ALS.1.0.2
2025-11-25 13:42:58,182 [WARN] PackLoader:240 - Cannot read IP mode file for STMicroelectronics.X-CUBE-MEMS1.10.0.0
2025-11-25 13:42:58,269 [WARN] PackLoader:240 - Cannot read IP mode file for STMicroelectronics.X-CUBE-FREERTOS.1.1.0
2025-11-25 13:42:58,272 [WARN] PackLoader:240 - Cannot read IP mode file for STMicroelectronics.X-CUBE-TOUCHGFX.4.24.2
2025-11-25 13:42:58,273 [WARN] PackLoader:240 - Cannot read IP mode file for STMicroelectronics.X-CUBE-TOUCHGFX.4.24.1
2025-11-25 13:42:58,277 [WARN] PackLoader:240 - Cannot read IP mode file for STMicroelectronics.X-CUBE-STSE01.1.0.0
2025-11-25 13:42:58,279 [WARN] PackLoader:240 - Cannot read IP mode file for wolfSSL.I-CUBE-wolfTPM.3.4.0
2025-11-25 13:42:58,282 [WARN] PackLoader:240 - Cannot read IP mode file for portGmbH.I-Cube-SoM-uGOAL.1.1.0
2025-11-25 13:42:58,284 [WARN] PackLoader:240 - Cannot read IP mode file for STMicroelectronics.X-CUBE-ALS.1.0.1
2025-11-25 13:42:58,294 [WARN] PackLoader:240 - Cannot read IP mode file for STMicroelectronics.X-CUBE-AZRTOS-H7RS.1.0.0
2025-11-25 13:42:58,297 [WARN] PackLoader:240 - Cannot read IP mode file for STMicroelectronics.FP-ATR-ASTRA1.2.0.0
2025-11-25 13:42:58,302 [WARN] PackLoader:240 - Cannot read IP mode file for STMicroelectronics.X-CUBE-TOF1.3.4.2
2025-11-25 13:42:58,321 [WARN] PackLoader:240 - Cannot read IP mode file for STMicroelectronics.X-CUBE-TOF1.3.4.3
2025-11-25 13:42:58,336 [WARN] PackLoader:240 - Cannot read IP mode file for STMicroelectronics.X-CUBE-TOF1.3.4.0
2025-11-25 13:42:58,351 [WARN] PackLoader:240 - Cannot read IP mode file for STMicroelectronics.X-CUBE-AZRTOS-H7.3.2.0
2025-11-25 13:42:58,354 [WARN] PackLoader:240 - Cannot read IP mode file for wolfSSL.I-CUBE-wolfSSH.1.4.17
2025-11-25 13:42:58,355 [INFO] ThirdParty:978 - Integrity check success = true
2025-11-25 13:42:58,355 [INFO] IntegrityCheckThread:100 - exiting critical section [integrity check]
2025-11-25 13:42:58,355 [INFO] IntegrityCheckThread:103 - End integrity checks thread
2025-11-25 14:02:57,273 [ERROR] LogOutputStream:75 - [STDERR_REDIRECT] 
