:020000040800F2
:100000000000032035DF000885DF000885DF0008D9
:1000100085DF000885DF000885DF0008000000009C
:100020000000000000000000000000004162000825
:1000300085DF000800000000D162000881D80008B8
:1000400085DF000885DF000885DF000885DF000800
:1000500085DF000885DF000895D8000885DF0008E7
:1000600085DF000885DF000885DF000885DF0008E0
:100070009DD8000885DF0008A9D8000885DF0008A2
:1000800085DF000885DF000885DF000885DF0008C0
:1000900085DF000885DF000885DF000885DF0008B0
:1000A00085DF000885DF000885DF000885DF0008A0
:1000B00085DF000885DF000885DF000885DF000890
:1000C00085DF000885DF000885DF000885DF000880
:1000D00085DF000885DF000885DF0008B5D8000847
:1000E000C1D8000885DF000885DF000885DF00082B
:1000F00085DF000885DF000885DF000885DF000850
:1001000085DF000885DF000885DF000885DF00083F
:1001100085DF000885DF0008C9D8000885DF0008F2
:1001200085DF000885DF000885DF000885DF00081F
:1001300085DF0008D5D8000885DF000885DF0008C6
:1001400085DF000885DF000885DF0008E1D80008AA
:1001500085DF000885DF000885DF000885DF0008EF
:1001600085DF000885DF000885DF000885DF0008DF
:1001700085DF000885DF000885DF0008000000003B
:1001800085DF000885DF000885DF000885DF0008BF
:1001900085DF000885DF000885DF000885DF0008AF
:0C01A00085DF000885DF000885DF00080F
:1001B00010B5054C237833B9044B13B10448AFF3A1
:1001C00000800123237010BD90000020000000007B
:1001D000E0F0000808B5034B1BB103490348AFF337
:1001E000008008BD0000000094000020E0F000083E
:1001F00001F0FF01102A2BDB10F0070F08D010F8D8
:10020000013B013A8B422DD010F0070F42B3F6D1DB
:10021000F0B441EA012141EA014122F007047FF0F4
:1002200000070023F0E80256083C85EA010586EA4B
:10023000010685FA47F5A3FA87F586FA47F6A5FA87
:1002400087F68EB9EED1F0BC01F0FF0102F0070293
:1002500032B110F8013B013A83EA010313B1F8D13E
:100260000020704701387047002D06BF354603381F
:10027000073815F0010F07D1013015F4807F02BF58
:10028000013015F4C03F0130F0BC0138704700BFA9
:1002900053B94AB9002908BF00281CBF4FF0FF31ED
:1002A0004FF0FF3000F088B9ADF1080C6DE904CED5
:1002B00000F006F8DDF804E0DDE9022304B0704741
:1002C0002DE9F047089D8E4604468846002B4AD10A
:1002D0008A42174662D9B2FA82F64EB1C6F12003BD
:1002E00001FA06F820FA03F3B74043EA0808B440DD
:1002F0004FEA174E1FFA87FCB8FBFEF1230C0EFBEA
:10030000118843EA084301FB0CF29A4209D9FB1811
:1003100001F1FF3080F0EA809A4240F2E780023932
:100320003B449A1AA3B2B2FBFEF00EFB102243EA42
:10033000024300FB0CFC9C4509D9FB1800F1FF327D
:1003400080F0D6809C4540F2D3803B44023840EA9E
:100350000140A3EB0C0300211DB1F3400022C5E9CD
:100360000032BDE8F0878B4205D90DB1C5E9000127
:1003700000210846F5E7B3FA83F1002946D1734519
:1003800002D3824200F20581841A6EEB030201203F
:100390009046002DE5D0C5E90048E2E7002A00F0CC
:1003A0009080B2FA82F6002E40F0A4808A1A030CE4
:1003B0004FEA174E80B2BCB20121B2FBFEFC0EFB2D
:1003C0001C2243EA024304FB0CF29A4207D9FB18B1
:1003D0000CF1FF3802D29A4200F2E080C4469B1A28
:1003E000B3FBFEF20EFB123340EA034302FB04F4BC
:1003F0009C4207D9FB1802F1FF3002D29C4200F266
:10040000CA8002461B1B42EA0C40A5E7C1F1200648
:100410008B4022FA06F71F430EFA01F420FA06F386
:100420002EFA06FE4FEA1749234300FA01F81FFA95
:1004300087FCBEFBF9F01C0C09FB10EE44EA0E44ED
:1004400000FB0CFEA64502FA01F209D93C1900F1A5
:10045000FF3A80F09C80A64540F2998002383C44E7
:10046000A4EB0E041FFA83FEB4FBF9F309FB13445B
:100470004EEA044403FB0CFCA44508D93C1903F1E3
:10048000FF3E80F08280A4457FD9023B3C4443EA92
:100490000040A4EB0C04A0FB02EC64457346E1466B
:1004A00062D35FD05DB1B8EB030264EB090404FAD8
:1004B00006F622FA01F31E43CC40C5E90064002190
:1004C0004FE7B1FBF2FC010C41EA0E4180B240EA79
:1004D00001423B4638463C46B846BE462026B1FB64
:1004E000F7F1A2EB080241EA0C4166E7014618E782
:1004F00010462CE7C6F120022EFA02F3B740B140B5
:1005000020FA02F24FEA174E0A43B3FBFEF8BCB2E0
:100510000EFB1833110C41EA034108FB04F9B0400B
:1005200089454FEA104380B23ED9791808F1FF3C63
:1005300001D289451FD8A1EB0901B1FBFEF909FBE6
:1005400004F80EFB191192B242EA0142424529D247
:10055000BA1809F1FF31C4D24245C2D2A9F1020151
:100560003A44BEE7F0459DD2BEEB02036CEB070CAC
:100570000138E14696E7A7EB09094944A8F1020CC6
:10058000B1FBFEF909FB04F8DBE773467FE7504651
:1005900066E70846FDE63B44023A33E7ACF1020C5D
:1005A0003B441CE749469CE7A1EB0901C446B1FB6B
:1005B000FEF909FB04F8C4E7704700BF08B50B4B10
:1005C0001A6842F400721A601A6842F480621A6073
:1005D0001A6842F480721A60032000F02FF800209D
:1005E0000DF010F90DF024F8002008BD003C024089
:1005F000034A044B11681B780B441360704700BF1B
:10060000AC00002000000020014B1868704700BFBC
:10061000AC00002038B50446FFF7F6FF631C1CBF92
:10062000054B1B78054618BFE418FFF7EDFF431B89
:10063000A342FAD338BD00BF000000200749CA68B2
:1006400022F4E0620302120403F4E063120C134389
:1006500043F0BF6343F40033CB60704700ED00E02C
:10066000164B30B5DC68C4F30224C4F10703251D22
:10067000042B28BF0423062D4FF0FF358CBF033C0D
:10068000002405FA03F321EA0303A54022EA050248
:10069000A340002843EA0203ACBF00F16040084ACF
:1006A0004FEA0313B8BF00F00F00DBB2AABF00F59A
:1006B0006140135480F8003330BD00BF00ED00E00E
:1006C00014ED00E04109044A00F01F0001238340BB
:1006D00042F82130704700BF00E100E00138B0F17E
:1006E000807F0BD24FF0E023054A5861F02182F859
:1006F00023100020072298611A617047012070477B
:1007000000ED00E04FF0E02304281A690CBF42F02E
:10071000040222F004021A6170470000036810B559
:10072000084C0246D9B210391820B1FBF0F0205C19
:10073000D06523F47F7020F003005F2988BF043068
:10074000906510BD3CF1000870B50446FFF75CFFF2
:100750000546002C60D0002384F834302268022340
:1007600084F83530136823F001031360226813689E
:10077000D8072ED413683248A1691840D4E901354E
:100780002B43E5682B4325692B4365692B43E569BA
:100790000B432B43256A2B430343606A042802BFA3
:1007A000D4E90B5635432B4313605369042823F0D7
:1007B000070343EA000335D1A06AE56A03438DB31A
:1007C00091B9012820D030F002012BD1E90129D5BF
:1007D0001DE0FFF719FF401B0528C7D92023032080
:1007E000636584F8350070BDB1F5005F16D103284C
:1007F00018D801A151F820F00F080008CD07000813
:100800000F08000809080008B5F1C07F0AD140238D
:100810006365012384F835300120E4E70228F6D926
:100820000328D3D053612046FFF778FFE26D3F23C2
:100830009340836000200123606584F83530D2E75F
:100840003F8010F070B590F83440866D012C34D0A4
:10085000012480F8344090F83540012C4FF000041A
:1008600029D1022580F8355044650468256825F4AF
:100870008025256063608368402B0EBFA260A16065
:10088000E260C26D08BFE1603F239340B36023681C
:1008900043F016032360636943F080036361036CD4
:1008A0001BB1236843F008032360236843F001036E
:1008B0002360002070BD80F834400220FAE790F8F1
:1008C0003530022B03D08023436501207047026836
:1008D000052380F83530136823F0010313600020EE
:1008E00070470000F7B5002301935C4B856D1F68CE
:1008F000C36D2E6808229A40324204460CD001682B
:100900000868400708D5086820F004000860AA605D
:10091000626D42F00102626501229A40324208D0C3
:1009200021684969090641BFAA60626D42F002026E
:10093000626504229A40324208D02168096888071B
:1009400041BFAA60626D42F00402626510229A40C3
:10095000324210D02368196809070CD5AA601A68BA
:10096000500337D51B68190301D4236C00E0A36C36
:100970000BB120469847E16D20228A4032423AD09E
:1009800023681868C60636D5AA6094F83520052A6B
:100990001A6827D122F016021A605A6922F08002E2
:1009A0005A61226C0AB9A26C1AB11A6822F00802C4
:1009B0001A603F238B40AB60002384F8343001235E
:1009C00084F83530236D002B45D0204603B0BDE8B8
:1009D000F04018471A68D2055EBF1A6822F0080274
:1009E0001A60C2E7500327D51B68190331D4636C22
:1009F0000BB120469847636D6BB3636DDA0719D569
:100A000022684FF41653B7FBF3F7052384F835300B
:100A1000136823F001031360019B0133BB42019370
:100A200002D81368DB07F7D4002384F8343001239D
:100A300084F83530E36CC6E71A6812F4807208D186
:100A4000196821F010011960012384F8342084F81A
:100A50003530E36BCCE703B0F0BD00BF30000020C1
:100A6000074B82B01B684FF4FA52B3FBF2F30193C9
:100A700000BF019B5A1E0192002BF9D102B07047B2
:100A80003000002007B500230193036803F580536D
:100A90009A6942F480129A619B690193FFF7E0FF23
:100AA0000368019A03F580539A6103B05DF804FB73
:100AB00070B5044629B14FF480434FF40062C0E999
:100AC0000232D4E902321343E2692168B2FA82F2B7
:100AD0005209086843EA82232B4A0240134343F435
:100AE00000730B6001200D68FFF794FD236840221E
:100AF0001D6001205A605D68FFF78CFD23685D6012
:100B000000259D60DD609A6922F0BE021204120C7D
:100B100042F080029A6101209E69FFF77BFD236805
:100B200001209E61DD61DD69FFF774FD2268174BCE
:100B3000D56102F58052012091690B4043F00873A2
:100B400043F0040393619569FFF764FD2368104A3D
:100B500003F5805301209D611A601D68FFF75AFD5F
:100B60002368A26903F58053012A1D6001BFDA6979
:100B700042F4803242F04002DA616269054B9188AA
:100B8000196412685A6470BD0F8120FF233FDEF89C
:100B90008020C10200800240F0B5044690F8450074
:100BA00001284FF002001AD0012584F8455084F83E
:100BB0004400E16201F1200000254FF4801740F26B
:100BC000F45C03F1FF3E9D420AD1236803F5805394
:100BD00000201961012384F8443084F84500F0BDF9
:100BE0000CFB052640F8186CE66940F8207C2EB90D
:100BF00050F8206C46F4400640F8206CAE4594BF97
:100C00000E46064640F8146C01352030DBE72DE92E
:100C1000F041044690F8450001284FF002001CD036
:100C2000012584F8455084F84400A16201F12000B8
:100C300000254FF0004644F2F45740F2F45C03F113
:100C4000FF3E9D420BD1236803F580530020D960FD
:100C5000012384F8443084F84500BDE8F0810CFBA2
:100C6000052840F8188CAE4594BF8846804640F869
:100C7000206C40F81C7C40F8148C01352030E0E7F3
:100C8000F0B590F84530012B02464FF002000BD032
:100C9000012382F8453082F8440031B982F84430AB
:100CA000002382F845300120F0BDD36A186800287F
:100CB00001DA1223F2E740F2F454A1422ED9B1FB3B
:100CC000F4F004FB10143CB30130234C01F2F45156
:100CD00004FB0011C1F30C01002440F2F456471E3E
:100CE0001D6825F040551D601CB91D6845F08055F4
:100CF0001D60A74208BF1D685E6004BF45F0005537
:100D00001D601D6808BF5960013445F00045A042D0
:100D10001D60DB68E4D10DE00128D6D1186840F0F1
:100D200040501860C1F30C015960196841F000414E
:100D30001960DB68D362136803F58053002059699A
:100D4000490741BF0421596100215960012382F8FC
:100D5000443082F84500A7E70CFAFFFF30B590F861
:100D60004520012A03464FF0020039D0012283F8C2
:100D7000440083F8452005209A6A1168002901DBA8
:100D8000013806D10120002283F8440083F8452071
:100D900026E01168D46801F44071B1F5007F04D1F8
:100DA0001A63012199639C62E6E71568996B15F453
:100DB000407F01F10101F5D0012908BF1A63C3E9A1
:100DC0000D211268C2F30D42043ADA631A6B92687D
:100DD0001A64002001229C6283F8442083F84500B5
:100DE00030BD70477047026802F5805238B55569CA
:100DF00015F04005044625D00CF086F8236803F56D
:100E0000805340225A61012384F84430002384F83F
:100E10004530236803F580534FF480325A615B6993
:100E20001B040ED52046FFF7DDFF236803F5805332
:100E30004FF400425A61012384F84430002384F8BF
:100E4000453038BD5369DA07E3D5FFF7CAFF236899
:100E500003F5805301225A6184F8442084F84550F8
:100E6000D7E7F8B590F84430822B0646154630D0C7
:100E70000268048A822380F844301369E4028901FD
:100E800001F4F861A4B203F01C030C431C4344F0CA
:100E900001041461FFF7B8FB074614F0010007D105
:100EA00033685B699BB22B60012386F844300CE009
:100EB000FFF7AAFBC01BB0F5803F07D3012386F8DC
:100EC0004430002386F845300320F8BD33681C69A0
:100ED000E3E70220F9E770B590F84430422B05466D
:100EE0002ED0422380F844302C8A0368E40218692B
:100EF000890101F4F861A4B200F01C000C43044322
:100F000092B244F003045A611C61FFF77DFB064670
:100F100014F0010003D1012385F844300CE0FFF701
:100F200073FB801BB0F5803F07D3012385F8443065
:100F3000002385F84530032070BD2B681C69E7E766
:100F40000220F9E7F7B500230093044600284AD0B1
:100F500090F8443003F0FF021BB980F845200BF0F5
:100F60006BFF00230193664B5A6C42F480425A6433
:100F70005B6C03F480430193019B624B5A6822F43B
:100F800000025A605A68216A0A435A60236803F5CE
:100F900080531A6842F001021A60FFF735FB0546DC
:100FA000236803F580521268D00720D41D6901F030
:100FB0009FF8554B554A0344934225F01C0524D213
:100FC00045F0080523684FF400421D6100212046CA
:100FD000FFF781FF054678B301212046FFF768FD42
:100FE000012384F844300125284603B0F0BDFFF703
:100FF0000BFB401BB0F5FA7FD2D9032384F84430B1
:10100000002384F845300325EEE7414B414A034471
:10101000934202D845F00C05D4E73F4B3F4A0344C6
:101020009342CFD33E4B3F4A0344934294BF45F093
:10103000040545F01005C5E7FF20FFF7EBFA6168EE
:1010400000294BD0FFF7E0FA41F2883706466A469E
:1010500001212046FFF705FFFFF7D6FA801BB842B3
:1010600005D901212046FFF723FD0123C6E7009B98
:101070005907ECD54FF4805200212046FFF72BFF93
:101080000028A9D1FFF7C0FA41F2883706466A4620
:1010900001212046FFF7E5FEFFF7B6FA801BB842B4
:1010A000DFD8009B9A06F2D56A4610212046FFF74A
:1010B000D8FE002890D1009AC2F38003DB02E360DF
:1010C000930756BF4FF48043A060A36000212046E1
:1010D000FFF7EEFC012384F8443085E7D4E90223CE
:1010E000520842EAD30292B22046FFF7F4FE0028EB
:1010F0007FF472AF40F6FF70FFF78CFAE6E700BFAF
:10110000003802400038014000D3CEFEC0E1E400C8
:1011100040F1E9FD3F787D0100796CFC005A6202E4
:10112000001F0AFA7FF0FA0237B590F84530012B1C
:101130004FF002042FD080F84440036800240125BA
:10114000019480F845501A6842F008021A601B6842
:101150000193FFF785FC0368019A1A6000941A68EE
:1011600042F004021A601B680093FFF779FC0368E1
:10117000009A1A60FFF786FC036803F580539A69AA
:1011800042F400529A619A6942F002029A6180F830
:10119000445080F84540204603B030BD2DE9F74F5C
:1011A000DFF8BC816C4A00234FF001090C6809FA92
:1011B00003FA0AEA04053AEA040440F0B4804C68F1
:1011C00024F0100EBEF1020F14D14FEAD30C00EB45
:1011D0008C0C03F0070BDCF820604FEA8B0B0F2719
:1011E00007FA0BF726EA07070E6906FA0BF63E43E5
:1011F000CCF82060D0F800B04FEA430C032606FA82
:101200000CF72BEA070BFE4304F0030707FA0CF771
:101210000EF1FF3E47EA0B07BEF1010F076010D841
:10122000876806EA070ECF6807FA0CF747EA0E0749
:101230008760476827EA0A0E27099F4047EA0E079A
:101240004760C76837408E6806FA0CF63E43C660B2
:10125000E60068D500260196D8F8446046F480463A
:10126000C8F84460D8F8446023F0030707F18047CA
:1012700006F4804607F59C37019603F0030C019EA7
:10128000D7F808E04FEA8C0C0F2606FA0CF62EEA87
:10129000060E324EB0424DD006F58066B0424BD0BD
:1012A00006F58066B04249D006F58066B04247D068
:1012B00006F58066B04245D006F58066B04243D060
:1012C00006F58066B04241D006F58066B0423FD058
:1012D00006F58066B0423DD006F58066B04214BF88
:1012E0000A26092606FA0CF646EA0E06BE601668BD
:1012F000EF4314F4803F0CBF3E402E431660566807
:1013000014F4003F0CBF3E402E435660966814F420
:10131000801F0CBF3E402E439660D668A40254BF87
:101320003E402E43D6600133102B7FF43FAF03B015
:10133000BDE8F08F0026D5E70126D3E70226D1E7E6
:101340000326CFE70426CDE70526CBE70626C9E727
:101350000726C7E70826C5E7003C01400000024019
:10136000003802400AB1816170470904FBE7436914
:101370005940416170470000044A5169014208B573
:1013800002D050610BF090FF08BD00BF003C01404F
:101390002DE9FF4105469DF828C095F890429DF83B
:1013A0002CE0BDF83080012C23D0012485F8904238
:1013B000282404FB0154D00902F07F0684F8383059
:1013C00084F8391084F83FE084F83A6084F83B00F0
:1013D00084F83CC0A4F84080CDE901E8CDF800C015
:1013E000286802F097F8002385F8903204B0BDE831
:1013F000F0810220FAE710B590F89032012B0446F4
:1014000009D0012380F89032006801F058FD0020D7
:1014100084F8900210BD0220FCE72DE9F0438046DD
:101420008BB0B0B30323444680F891320CF0C2FB7A
:1014300054F8100B01F036FF0FCC6D460FC50FCCE2
:101440000FC594E8030085E8030008F10409464647
:1014500099E80E00D8F8000001F0E4FE56F8100BF1
:10146000012101F025FF0FCE6F460FC70FCE0FC72A
:1014700094E8030085E8030099E80E00D8F800001E
:1014800001F0CCFF012388F8913200200BB0BDE8B9
:10149000F0830120FAE72DE9F0419DF818C0079E7E
:1014A000BDF820509DF82470282404FB010EBCF1E7
:1014B000000F14BF4FF002084FF003088EF83B20D6
:1014C0008EF83F308EF84280032B1ED8DFE803F001
:1014D00002533042BCF1010F17D1B2B925B928230C
:1014E00003FB010383F851C0282303FB010393F896
:1014F0005120003A18BF0122520083F8422093F88D
:101500005C20022A01D083F83D70282202FB0103EF
:10151000002483F83910A3F85C401946C3E911652B
:10152000027CDC640068BDE8F041383101F082BB28
:1015300004FB0104BAB994F85130003B18BF0123F1
:101540005B0084F8423094F85C30022BDDD084F8E4
:101550003D70DAE704FB01042AB994F8513043B92D
:1015600084F84220D1E794F8503013B984F842301F
:10157000CBE70223FAE704FB01040023F6E70000AF
:101580002DE9F04F076885B00546384601F0EEFEBC
:10159000012840F0E980286801F0E4FE002800F00E
:1015A000E380286801F0DEFE810248BF2B682868CE
:1015B00044BF4FF400125A6101F0D4FEC20248BF8A
:1015C0002B68286844BF4FF480125A6101F0CAFEAC
:1015D000430148BF2B68286844BF4FF080625A61BE
:1015E00001F0C0FE860748BF2B68286844BF02226E
:1015F0005A6101F0B7FE840010D5D7F8403423F0CB
:101600002E03C7F8403428460CF018FB2868012147
:1016100001F0B0FE2B684FF000525A61286801F0CB
:10162000A1FEC00140D52C68D4F840340293D4F810
:1016300040340393039B23F02E030393029B9907EB
:101640000DD5029BDA0706D5A36923F00053A361E9
:1016500028460CF0EFFA039B43F002030393029B2E
:101660001B0717D5039B43F008030393029B5E07F8
:1016700040F18580A969022979D1029B286803F489
:10168000C023B3F5802F18BF012101F073FE284657
:101690000CF0D0FA029B980642BF039B43F0200354
:1016A0000393039BC4F84034286801F05BFE0107F4
:1016B00005D528460CF0BAFA2B6808225A6128682A
:1016C00001F050FE820110D5286801F0E9FB07F512
:1016D000A06700904FF000084FF0010AAB6828683F
:1016E000434558D84FF000734361286801F03AFE33
:1016F000C30639D52C68A36923F01003A361276AB8
:1017000007F4F013B3F5802F29D1C7F30A18B8F105
:10171000000F24D007F00F07282606FB0756716C30
:10172000E9B14246204601F00FFE736C43447364F6
:1017300004F5A064F36C04EB471443442269F3649A
:10174000AC4B13405BB1236823F0804343F000436C
:10175000236096F8503083F0010386F850302A68F1
:10176000936943F01003936105B0BDE8F08FEB6817
:10177000032B04BF4EF66022C4F8042487E7D4F894
:1017800040342A6823F02E03C4F84034936943F0B0
:10179000005393617EE7009A0AFA08F3134200F0BF
:1017A000858039685FFA88F600F5A06B0B044FEA74
:1017B00046190BEB461440F11281A168490713D575
:1017C0000423A360E16841F00201E160A1688A0599
:1017D0003BD5E368286843F00203E360314601F03B
:1017E0006EFB4FF4007337E1A1688A0602D5202111
:1017F000A160EBE7A1680B0712D5E16841F0020197
:10180000E160282101FB06514FF0050C81F85DC015
:101810001021A1600821A160314601F050FBD5E7FD
:10182000A1684905D2D5E16841F00201E160314685
:1018300001F045FB1021A160282101FB0651082081
:1018400081F85D004FF48061D2E7A06810F00100DC
:1018500040D0296949B12820216900FB0650C1F315
:10186000120C816CA1EB0C01C164282101FB065113
:101870000122002381F85D208B65A26091F83FC0B2
:101880001CF0FD0F16D1E368286843F00203E36003
:10189000314601F014FB1023A360282303FB0653F9
:1018A00093F8502082F0010283F8502008F10108DB
:1018B000203713E7BCF1030FEFD15BF8094044F088
:1018C00000544BF80940284681F85C2031460CF062
:1018D000B9F9E2E7A1688B0743D5E16821F002017D
:1018E000E160282101FB065C9CF85DC00CF1FF3C27
:1018F000BCF1070F0AD8DFE80CF004090909151933
:10190000091901FB0651012381F85C300223A36011
:10191000282303FB0653314693F85C2028460CF03D
:1019200091F9C3E701FB06510523EDE701FB0651E1
:10193000896D032998BF481C4FF0280101FB06510F
:1019400094BF4FF0020C4FF0040C81F85CC0886526
:101950005BF8091021F0804141F000414BF809107B
:10196000D4E7A1682868090611D5E368282202FB9C
:10197000065243F00203E360936D0133936506233F
:1019800082F85D30314601F09AFA802364E0A16864
:10199000CA068BD5282101FB065191F83F10032977
:1019A00006D1E16841F00201E160314601F087FAB9
:1019B000282101FB0651032081F85D001020A06062
:1019C00091F83F1011F0FD0F7FF470AF5BF8091034
:1019D00021F0804141F000414BF8091066E7A3680F
:1019E0005B0709D50423A360E36843F00203E360C7
:1019F0005CE700BF0000F81FA26812F0200219D0B7
:101A00002023A360282303FB065393F83D20012ADB
:101A10007FF44CAF042283F85D20E268019342F02A
:101A20000202E260314601F04AFA019B022283F889
:101A30005C203BE7A368590610D5282303FB065317
:101A4000042183F85D109A65E36843F00203E360C4
:101A5000314601F034FA4023A36027E7A26812F46C
:101A6000007205D0E36843F00203E3603146B6E656
:101A7000A368DB0711D5282303FB065331469A657B
:101A8000E268019342F00202E26001F018FA019B61
:101A9000C4F808A083F85DA008E7A36819070FD56C
:101AA0000823A360E36843F00203E360314601F0DA
:101AB00006FA282303FB0653052283F85D20F5E68A
:101AC000A368DA0612D5282303FB065300229A6581
:101AD000E268019342F00202E260314601F0EFF960
:101AE000019B032283F85D201023B5E7A3681B0642
:101AF0000DD5E36843F00203E360314601F0DFF9FE
:101B0000282303FB0653062283F85D203DE7A368E4
:101B1000590510D5E36843F00203E360314601F054
:101B2000CEF91023A3604FF48063A360282303FB46
:101B300006530822C1E7A3689A077FF5B7AEE368AA
:101B400023F00203E360282303FB065292F85D2092
:101B5000013A072A3FF6DAAE01A151F822F000BFA0
:101B6000811B00080D190008A31B0008AB1B00080F
:101B7000BD1B0008C91B00080D190008C91B00087F
:101B800003FB0653012283F85C2093F83F20022ACE
:101B90007FF4BCAE93F8512082F0010283F851200B
:101BA000B4E603FB065302220BE003FB06530222BA
:101BB00083F85C20002283F83D20A7E603FB065350
:101BC000052283F85C20A1E603FB06539A6D511CA5
:101BD000032A9965E7D900229A650422F1E700BF3C
:101BE00038B590F89032012B04460DD0012580F8CD
:101BF0009052006801F050FB2068294601F0EFFB8D
:101C0000002084F8900238BD0220FCE710B590F85F
:101C10009032012B044609D0012380F890320068ED
:101C200001F068FA002084F8900210BD0220FCE761
:101C3000006801F0BBBB282303FB010090F85C00A7
:101C40007047282303FB0100C06C7047006801F057
:101C50005CBC006801F050BC2DE9F341044618B9A2
:101C6000012002B0BDE8F0810368DD0710D42368CD
:101C7000980758D423681A0700F19A8023685B07F5
:101C800000F1BA80A269002A40F022810020E8E732
:101C90008C4B9A6802F00C02042A07D09A6802F072
:101CA0000C02082A0AD15B68590207D5854B1B68CC
:101CB0009A03DCD56368002BD9D1D1E76368814DE5
:101CC000B3F5803F11D12B6843F480332B60FEF7CE
:101CD0009BFC7C4E054633689B03C8D4FEF794FCFE
:101CE000401B6428F7D90320BBE7B3F5A02F04D12C
:101CF0002B6843F480232B60E5E72A6822F48032C6
:101D00002A602A6822F480222A60002BDFD1FEF7A5
:101D10007BFC06462B689F03A9D5FEF775FC801B4C
:101D20006428F7D9DFE7674B9A6812F00C0F07D0E9
:101D30009A6802F00C02082A11D15B685E020ED488
:101D4000604A13689D0702D5E368012B88D11368A8
:101D5000216923F0F80343EAC10313608AE7E268CC
:101D6000594BB2B101221A60FEF74EFC554D0646A2
:101D70002B68980707D52B68226923F0F80343EAFC
:101D8000C2032B6076E7FEF73FFC801B0228EFD9E9
:101D9000A9E71A60FEF738FC4A4E054633689907F2
:101DA0007FF568AFFEF730FC401B0228F6D99AE7B2
:101DB0006269454B82B10122C3F8802EFEF724FCF4
:101DC000404E0546736F9F073FF558AFFEF71CFC6A
:101DD000401B0228F6D986E7C3F8802EFEF714FCD4
:101DE000384E0546736F98077FF548AFFEF70CFC39
:101DF000401B0228F6D976E7324B1A6C12F080525B
:101E000028D101921A6C42F080521A641B6C03F0C4
:101E100080530193019B01272C4D2B68D9051BD5BD
:101E2000A368284D012B27D12B6F43F001032B67AB
:101E3000FEF7EAFB234E054641F28838336F9B07D5
:101E400039D5002F3FF41EAF1E4A136C23F0805388
:101E5000136417E70027DFE72B6843F480732B60D8
:101E6000FEF7D2FB06462B68DA05D9D4FEF7CCFB89
:101E7000801B0228F7D936E7052B04D12B6F43F0DE
:101E800004032B67D0E72A6F22F001022A672A6F2A
:101E900022F004022A67002BCAD1FEF7B5FB41F2FB
:101EA000883806462B6F9807CBD5FEF7ADFB801B15
:101EB0004045F7D917E7FEF7A7FB401B4045BDD9C2
:101EC00011E700BF003802400000474200700040A8
:101ED000224DAB6803F00C03082B3FF4C1AE204B3E
:101EE000022A4FF000021A662BD1FEF78DFB064640
:101EF0002B6899011FD4D4E907321343626A43EA7D
:101F00008213E26A43EA0263A26A5208013A43EA90
:101F100002436B60124B114D01221A66FEF774FBEF
:101F200004462B689A013FF5B1AEFEF76DFB001B2E
:101F30000228F6D9D7E6FEF767FB801B0228D7D91F
:101F4000D1E6FEF761FB04462B689B017FF59EAE50
:101F5000FEF75AFB001B0228F6D9C4E600380240FF
:101F600000004742134908B58B6803F00C03042BAB
:101F70001CD0082B1CD14A684B68496813F48003B5
:101F800014BF0D480D48C1F3881118BF002302F09B
:101F90003F02A1FB0001FEF77BF9064B5B68C3F330
:101FA000014301335B00B0FBF3F008BD0248FCE7DE
:101FB0000248FAE70038024000127A000024F400D8
:101FC0002DE9F0410D46044610B90120BDE8F0812D
:101FD000434B1A6802F00F028A4227D321688F0709
:101FE0002CD4C8073FD43E4B1A6802F00F02AA4215
:101FF00064D8226851076AD4130707D5394A216982
:10200000936823F4604343EAC1039360FFF7AAFF98
:10201000344B354A9B68C3F30313D35CD840334B2E
:10202000186000200BF0EEFB0020CFE7CAB21A7058
:102030001B6803F00F038B42C7D1CFE7294B11F088
:10204000040F1EBF9A6842F4E0529A600E0742BF26
:102050009A6842F460429A609A68A06822F0F0029E
:1020600002439A60BDE762681E4B012A1CD11B68BF
:1020700013F4003FA9D01B4EB36823F003031343AE
:10208000B360FEF7C1FA41F288380746B368626868
:1020900003F00C03B3EB820FA5D0FEF7B5FAC01B1B
:1020A0004045F3D9032091E7911E01291B6802D80E
:1020B00013F0007FDEE713F0020FDBE7EAB21A70DD
:1020C0001B6803F00F03AB427FF47FAF91E7054934
:1020D000E0688B6823F4E05303438B608CE700BF18
:1020E000003C024000380240BC11010830000020D2
:1020F000014B1868704700BF30000020044B054AB0
:102100009B68C3F38223D35C034A1068D8407047AE
:1021100000380240B411010830000020044B054A89
:102120009B68C3F34233D35C034A1068D8407047BE
:1021300000380240B4110108300000200F23036072
:102140000B4B9A6802F0030242609A6802F0F002B8
:1021500082609A6802F4E052C2609B68DB0803F474
:10216000E0530361034B1B6803F00F030B607047E0
:1021700000380240003C0240036A23F0010370B5BE
:102180000362036A446882690D6822F073022A437D
:102190008D6823F002032B430C4DA84203D005F5B4
:1021A0008065A8420BD1CD6823F008032B43D1E909
:1021B000055624F44074354323F004032C43446053
:1021C00082614A684263036270BD00BF0000014043
:1021D000036A23F4807370B50362036A4468C269BA
:1021E0000D6822F073022A438D6823F4007343EADA
:1021F00005230D4DA84203D005F58065A8420DD1F9
:10220000CD6823F4006343EA0523D1E9055624F49D
:102210004054354323F4806344EA05144460C261AA
:102220004A68C263036270BD00000140036A23F480
:10223000805330B50362036A4468C2690D6822F4B2
:10224000E64242EA05228D6823F4005343EA05334F
:10225000084DA84203D005F58065A84204D14D6918
:1022600024F4804444EA85144460C2614A680264EC
:10227000036230BD0000014070470368DA6842F035
:102280000102DA601A6842F001021A600020704709
:10229000704770477047704703681A69910710B517
:1022A00004460ED5DA6892070BD56FF002021A6168
:1022B000012202769B699B0777D0FFF7EAFF002394
:1022C000237623681A69500710D5DA6851070DD5AF
:1022D0006FF004021A61022222769B6913F4407F98
:1022E000204668D0FFF7D5FF0023237623681A69BC
:1022F00012070FD5DA6810070CD56FF008021A61C3
:1023000004222276DB69990720465AD0FFF7C1FFE5
:102310000023237623681A69D20610D5DA68D0061E
:102320000DD56FF010021A6108222276DB6913F4D2
:10233000407F20464BD0FFF7ACFF00232376236875
:102340001A69D10708D5DA68D20705D56FF00102FE
:102350001A6120460BF060F923681A69100608D547
:10236000DA68110605D56FF080021A61204600F088
:102370008AF923681A69520608D5DA68500605D525
:102380006FF040021A612046FFF785FF23681A6943
:10239000910622D5DA6892061FD56FF020022046FA
:1023A0001A61BDE8104000F06DB9FFF771FF2046DB
:1023B000FFF770FF83E7FFF76BFF2046FFF76AFF29
:1023C00092E7FFF765FF2046FFF764FFA0E7FFF7FE
:1023D0005FFF2046FFF75EFFAFE710BD234A0368AB
:1023E000904212D0B0F1804F0FD0A2F57C429042C3
:1023F0000BD002F58062904207D002F580629042D5
:1024000003D002F57842904208D14A6823F0700365
:102410001343CA6823F44073134316E0144A9042EE
:10242000F7D002F580629042F3D002F580629042CC
:10243000EFD0A2F598329042EBD002F58062904244
:10244000E7D002F580629042E3D003608B68C362FC
:102450000B688362054B984203D003F58063984272
:1024600001D10B6903630123436170470000014000
:102470000040014010B50446A0B190F8393003F097
:10248000FF021BB980F83820FFF7F6FE0223206810
:1024900084F83930211DFFF7A1FF012384F839307A
:1024A000002010BD0120FCE710B50446A0B190F853
:1024B000393003F0FF021BB980F838200BF002F925
:1024C0000223206884F83930211DFFF787FF01239C
:1024D00084F83930002010BD0120FCE7036A23F0A6
:1024E000100370B50362036A446882690D6822F4C0
:1024F000E64242EA05228D6823F0200343EA0513F1
:102500000D4DA84203D005F58065A8420DD1CD68D8
:1025100023F0800343EA0513D1E9055624F440640F
:10252000354323F0400344EA8504446082614A68ED
:102530008263036270BD00BF0000014038B590F8AF
:102540003830012B04464FF0020010D00123082A36
:1025500084F8383084F839003CD009D8D2B1042A44
:1025600028D00123002084F8393084F8380038BDA1
:102570000C2AF6D12068FFF759FEC3690A6943F4B3
:102580000063C361C36923F48063C361C36943EA21
:1025900002232DE02068FFF7EFFD83690A6943F00D
:1025A00008038361836923F0040383618369134310
:1025B0008361D6E72068FFF791FF83690A6943F4D6
:1025C00000638361836923F480638361836943EAE1
:1025D0000223EDE72068FFF7FBFDC3690A6943F0BA
:1025E0000803C361C36923F00403C361C3691343D0
:1025F000C361B6E7036A10B501248C4023EA0403E3
:102600000362036A8A401A43026210BD08B500687B
:102610000122FFF7EFFF084B984203D003F58063D8
:10262000984203D1436C43F400434364036843F08E
:1026300001030360002008BD00000140FFF7E6BF72
:1026400010B590F83830012B02464FF0020018D038
:10265000136882F8390058680C68496820F07000E7
:102660005860586820435860986820F0800098604F
:102670009868014399600020012382F8393082F87C
:10268000380010BD704770470368DA6822F4907212
:10269000DA605A6922F001025A61202380F83A3048
:1026A000704700002DE9F8430368C1681A690446C1
:1026B00022F440520A431A612569A268D968C069A8
:1026C0002A43656921F416412A4321F00C01024393
:1026D0000A43DA605A69A16922F440720A43B0F5EC
:1026E000004F5A61834A40F08580934203D002F53F
:1026F0008062934249D1FFF711FD63684FF01909D9
:102700005B0009FB00F7B7FBF3F7FFF707FD636812
:1027100009FB00F55B00B5FBF3F5FFF7FFFC636811
:102720004FF064085B0009FB00F0B0FBF3F0B0FB76
:10273000F8F008FB1056FFF7F1FCB7FBF8F76368F9
:10274000F6003236B6FBF8F6760009FB00F55B00C2
:102750003F0106F4F876B5FBF3F5FFF7DFFC63689D
:1027600022685B0009FB00F0B0FBF3F0B0FBF8F06F
:1027700008FB1053DB003233B3FBF8F303F007031D
:102780003B4433449360BDE8F883FFF7B7FC6368CC
:102790004FF0190909FB00F75B00B7FBF3F7FFF7F0
:1027A000ADFC636809FB00F55B00B5FBF3F5FFF7D3
:1027B000A5FC63684FF064085B0009FB00F0B0FB08
:1027C000F3F0B0FBF8F008FB1056FFF797FCB7FBEF
:1027D000F8F76368F6003236B6FBF8F6760009FBC8
:1027E00000F55B003F0106F4F876B5FBF3F5FFF763
:1027F00085FCB4E7934202D03F4A934246D1FFF7AB
:102800008DFC63684FF019099B0009FB00F7B7FBCB
:10281000F3F7FFF783FC636809FB00F59B00B5FB4A
:10282000F3F5FFF77BFC63684FF064089B0009FB3E
:1028300000F0B0FBF3F0B0FBF8F008FB1056FFF728
:102840006DFCB7FBF8F763683601323609FB00F51B
:102850009B00B6FBF8F63F0106F0F006B5FBF3F57A
:10286000FFF75CFC636822689B0009FB00F0B0FB8B
:10287000F3F0B0FBF8F008FB10531B013233B3FB4D
:10288000F8F303F00F0333433B447BE7FFF736FCD9
:1028900063684FF0190909FB00F79B00B7FBF3F7DA
:1028A000FFF72CFC636809FB00F59B00B5FBF3F513
:1028B000FFF724FC63684FF064089B0009FB00F0FD
:1028C000B0FBF3F0B0FBF8F008FB1056FFF716FC76
:1028D000B7FBF8F76368360109FB00F59B003F0181
:1028E0003236B5FBF3F5B6FBF8F606F0F006FFF767
:1028F00005FCB7E7001001400014014010B5044684
:1029000040B390F8393003F0FF021BB980F838204B
:102910000AF006FF2268242384F83930D36823F4B0
:102920000053D3602046FFF7BDFE23681A6922F4E6
:1029300090421A615A6922F02A025A61DA6842F416
:102940000052DA6000202023E06384F8393084F8F4
:102950003A3010BD0120FCE773B5134690F83A20D9
:10296000202A044638D1002934D0002B32D090F8E8
:102970003820012A30D00122002580F83820222278
:10298000C563816280F83A208385406B134AC26335
:10299000134A26680264134AC0E913250A46311D0A
:1029A000FDF750FF236801951A6801925A68019259
:1029B00084F83850019ADA6842F48072DA605A6911
:1029C00042F001025A615A6942F040025A612846B7
:1029D00002B070BD0120FBE70220F9E7ED290008F5
:1029E0008F2A00089B2A00087047704708B50346E5
:1029F000806B1B681B6813F4807310D1C385036858
:102A0000DA6822F48072DA605A6922F001025A61AF
:102A10005A6922F040025A61202380F83A30FFF7C9
:102A2000E4FF08BD90F83A30222B10B520D1816820
:102A300004690268836AB1F5805F1ED15268C4B927
:102A4000C2F3080223F8022B8362C38D013B9BB2C1
:102A5000C3856BB90368DA6822F49072DA605A6948
:102A600022F001025A61202380F83A30FFF7BDFFBF
:102A700010BDD2B223F8012BE6E7591C52688162DF
:102A80000CB91A70E1E702F07F02FAE7704708B567
:102A9000806BFFF7FBFF08BD704708B5806B0368CC
:102AA0005A6990F8391021290AD1120608D5002256
:102AB000C284DA6822F0C002DA60202280F839206D
:102AC0005B6990F83A20222A05D15B0603D50023E2
:102AD000C385FFF7D9FDC36B43F01003C363FFF752
:102AE000DBFF08BD03681A68D96870B516075D6911
:102AF000044607D1960659D58D0657D5BDE87040D6
:102B0000FFF790BF05F0010001F4907505434DD02B
:102B1000D60705D5CD0542BFE36B43F00103E36360
:102B2000530704D518B1E36B43F00203E363960740
:102B300004D518B1E36B43F00403E363150704D530
:102B400018B1E36B43F00803E363E36B4BB3900608
:102B500004D58A0602D52046FFF764FF21684B6939
:102B6000E26B03F0400302F0080253EA020520463C
:102B700018D0FFF789FD4B695B060FD54B69606B79
:102B800023F040034B6148B1254B0365FDF797FEE9
:102B900038B1606BBDE87040036D18472046FFF701
:102BA0007BFF70BDFFF778FFE563FAE7160628D5CF
:102BB0000D0626D594F83920212AF2D1A168226A7F
:102BC000B1F5805F18D11188C1F3080159602169FE
:102BD00081B902322262E28C013A92B2E284002A86
:102BE000DFD1DA6822F08002DA60DA6842F040026F
:102BF000DA60D6E70132EDE7511C216212785A60A3
:102C0000E9E75006CDD54A06CBD5DA6822F0400276
:102C1000DA60202384F839302046FFF7E5FEC0E76C
:102C2000252C000808B5806B0023C385C384FFF7FB
:102C300033FF08BD80B58AB002AFF860B9601346B3
:102C4000FB7100237B7700237B830023FB834FF4FE
:102C500080733B8300237B61FB68B3F1A04F2AD0D4
:102C6000BB681B79002B26D1FB79002B0BD1BB68ED
:102C70005B79012B07D1BB685B781946F86800F0D7
:102C8000FFF9002306E1FB79012B14D1BB685B78C7
:102C90005A01FB68134403F5A063DB68BA685278F5
:102CA0005101FA680A4402F5A06223F06003D36080
:102CB000BB6800225A71BB681B69002B19D0BB6826
:102CC0001B69BA6812891344013BBA681289B3FBC5
:102CD000F2F3FB83FA8B3B8B9A420CD93B8BFB8341
:102CE000FB8BBA68128902FB03F31A46BB681A61B0
:102CF00001E00123FB83BB68DB78002B07D0FB8B53
:102D0000BA68128902FB03F31A46BB681A61BB68F2
:102D10001B69C3F31202FB8BD904604B0B401A43AF
:102D2000BB689B7A5B0703F0C043B96849784801E8
:102D3000F968014401F5A06113430B61FB79002B95
:102D40000AD0BB68D968BB685B785A01FB6813443A
:102D500003F5A0630A465A61FB6803F580639B682C
:102D600003F00103002B0CBF01230023DBB27B77B0
:102D7000BB685B785A01FB68134403F5A0631B68CA
:102D8000BA6852785101FA680A4402F5A06223F049
:102D900000531360BB685B785A01FB68134403F56A
:102DA000A0631A687B7F5B07B96849784801F968B6
:102DB000014401F5A06113430B60BB685B785A01C5
:102DC000FB68134403F5A0631B687B617B6923F0F8
:102DD00080437B617B6943F000437B61BB685B7828
:102DE0005A01FB68134403F5A0631A467B6913601C
:102DF000FB79002B4DD1BB68DB78002B49D1BB6838
:102E00001B69002B45D0BB68DB79032B30D801A2AE
:102E100052F823F0252E0008492E0008252E000820
:102E2000492E0008BB681B6903339B087B837A8BA0
:102E3000FB68DB6A9BB29A421CD9FB689B6943F032
:102E40002002FB689A6115E0BB681B6903339B088D
:102E50007B837A8BFB6803F580631B699BB29A4284
:102E60000AD9FB689B6943F08062FB689A6103E0C2
:102E700000BF02E000BF00E000BFBB68D968BB68CC
:102E80005A78BB681B699BB200200090F86800F07C
:102E900047FA002318462037BD4680BD0000F81FC2
:102EA00080B483B000AF78607B6803F580635B69B2
:102EB0009BB218460C37BD465DF8047B704780B462
:102EC00085B000AF78600B46FB700023FB60FB7899
:102ED0005A017B68134403F5A0631B6803F4402385
:102EE000002B0BD0FB785A017B68134403F5A063D9
:102EF0001B6803F44023B3F5002F5CD1FB785A0123
:102F00007B68134403F5A0631B68FA7851017A6863
:102F10000A4402F5A06243F0804313607B68DB6AD9
:102F200003F47F03002B33D1FB785A017B681344F1
:102F300003F5A0631B68FA7851017A680A4402F528
:102F4000A06223F000431360FB785A017B681344AE
:102F500003F5A0631B68FA7851017A680A4402F508
:102F6000A06243F000431360FB680133FB60FB6821
:102F7000B3F57A7F1DD8FB785A017B68134403F5BB
:102F8000A0631B6803F00043B3F1004FECD06FE087
:102F9000FB785A017B68134403F5A0631B68FA7839
:102FA00051017A680A4402F5A06243F000431360BD
:102FB0005EE000BF5CE0FB785A017B68134403F5D8
:102FC000A0631B68FA7851017A680A4402F5A0628E
:102FD00043F0804313607B6803F580631B699BB2F9
:102FE000002B33D1FB785A017B68134403F5A063AF
:102FF0001B68FA7851017A680A4402F5A06223F04E
:1030000000431360FB785A017B68134403F5A06307
:103010001B68FA7851017A680A4402F5A06243F00D
:1030200000431360FB680133FB60FB68B3F57A7FF4
:103030001DD8FB785A017B68134403F5A0631B6815
:1030400003F00043B3F1004FECD011E0FB785A01DC
:103050007B68134403F5A0631B68FA7851017A6812
:103060000A4402F5A06243F00043136000E000BF91
:10307000002318461437BD465DF8047B70470000F6
:1030800080B485B000AF78600B46FB700123FB7302
:103090000023BB60FB7BDA04154B1340FA78510127
:1030A0007A680A4402F5A06243F000431361FB789A
:1030B0005A017B68134403F5A0631B68BB60BB68BF
:1030C00023F08043BB60BB6843F00043BB60FB78E8
:1030D0005A017B68134403F5A0631A46BB6813606A
:1030E000002318461437BD465DF8047B704700BFC7
:1030F0000000F81F80B586B000AF786000233B6108
:10310000786800F0CFF81021786800F0E7F8786868
:1031100000F0F6F80023FB751FE0FB7D5A017B6889
:10312000134403F5A0631B68FB60FB6843F0804316
:10313000FB60FB6823F00043FB60FB6823F4004363
:10314000FB60FB7D5A017B68134403F5A0631A46BC
:10315000FB681360FB7D0133FB75FB7D0F2BDCD916
:103160000023FB7534E0FB7D5A017B68134403F5B3
:10317000A0631B68FB60FB6843F08043FB60FB6857
:1031800043F00043FB60FB6823F40043FB60FB7DDE
:103190005A017B68134403F5A0631A46FB68136069
:1031A0003B6901333B613B69B3F57A7F0CD8FB7D0A
:1031B0005A017B68134403F5A0631B6803F00043C6
:1031C000B3F1004FECD000E000BFFB7D0133FB7595
:1031D000FB7D0F2BC7D97B6803F580631A464FF040
:1031E000FF3353617B684FF0FF325A61786800F01B
:1031F00053F8002318461837BD4680BD084B013BE5
:103200000CD00269002AFADA036943F00103036172
:10321000034B013B02D00269D207FAD4704700BFCA
:10322000410D030084B038B505AD85E80E000A9B5A
:10323000012B044626D1836B23F480338363C36858
:1032400023F4840323F04003C360C36823F44013D2
:10325000C360119B012B02BFC36843F48013C3609A
:10326000FFF7CCFF089B012B07D1A36843F00603AF
:10327000A360A36843F02003A360BDE838400020AA
:1032800004B07047C36843F04003C360FFF7B6FF64
:103290004FF480338363E5E7836843F00103836081
:1032A00000207047836823F001038360002070478B
:1032B00008B5C368012923F0C043C36008D1C368BF
:1032C00043F00053C3603220FDF7A4F9002008BD8D
:1032D0000029F8D1C36843F08043F3E7890141F046
:1032E0002001016105490246013904D0106910F03E
:1032F0002000F9D170470320704700BF410D030043
:103300001023064903610246013904D0106910F008
:103310001000F9D170470320704700BF410D030032
:1033200010B59DF808404CB9033300F580509B0858
:1033300000EB023201EB8303994201D1002010BD62
:1033400051F8040B1060F7E70332920801EB820298
:1033500000F58050914201D108467047036841F85A
:10336000043BF7E74269806910407047406900F00C
:1033700001007047D0F8003423F0030310B5C0F803
:103380000034D0F8004401F003032343012900F581
:103390008062C0F8003404D14BF6803353600020C3
:1033A00010BD0229FBD141F27073F7E713B5D0F8D5
:1033B00040340193019B23F02E030193019B43F4BE
:1033C00080730446C0F840340A20FDF723F9019BBE
:1033D000002023F48073C4F8403402B010BD82B0E2
:1033E000D0F840340193019B23F02E030193019BFD
:1033F000DA0406D4012902BF019B43F48053C0F8CC
:103400004034019BDB0405D521B9019B23F4805393
:10341000C0F84034002002B07047000084B038B5D6
:10342000044605A880E80E000023C4F8003EA36B04
:1034300023F48023A363A36B23F40023A363A36B70
:1034400043F40013A363079B032BD4F800343CD14F
:10345000B4F1A04F39D043F00403C4F80034102174
:103460002046FFF73BFF2046FFF74AFF002306995F
:1034700004F5A0624FF0FF301D46994228D101218A
:103480002046FFF7ACFFC820FDF7C4F80023A36176
:10349000B4F1A04F4FF0FF3363611ED1802363620C
:1034A00003F5C003A362114BC4F80031089B1BB99C
:1034B000A36943F01003A361A2690D4B1343A361F9
:1034C000BDE83840002004B0704723F00403C4E78F
:1034D00090600133D5602032CFE74FF40073636210
:1034E00003F18073A362034BDEE700BFE0004000FE
:1034F000080020A30003E00082B0D0F8403401931C
:103500000198C0F3414002B0704700F580608068C8
:1035100080B270472DE970418C4600F5A06404EB41
:103520004C149DF8185019464FF0FF33A36056B263
:10353000032D19D8DFE805F0024B021340F29D433A
:10354000002EE36003DAE36843F4807305E0B0F132
:10355000A04F09D0E36843F06003E36004E040F269
:103560009D63002EE360EEDBD0F81884012303FA9C
:103570000CF343EA0803C0F81834836943F000737E
:10358000836100F5806E9DF81400831E58425841F7
:10359000BDF81C308905C3F30A0343EA404301F038
:1035A000FE510B43D10201F4F04106F400420B43FB
:1035B0001343AA0402F4402213432360032D02BFE5
:1035C000236843F0005323600020BDE8708140F27F
:1035D0002523002EE360C7DAE36843F4C073BCE739
:1035E0000020704770B5D0F87433DC69227B054643
:1035F0001AB1501E18BF012070BD2368B4F8F8102E
:1036000099424FF0010380F05C81342606FB0142B1
:1036100082F8913092F89030082B4FD8DFE813F001
:1036200009004E005F00B2001B00F1004E004E008A
:103630004D01AB480AF068FE0A200AF077FEB4F8A4
:10364000F830342202FB0343042283F89020D5F89B
:10365000B833C4F8FC30B4F8F810342606FB014245
:103660009F32C9B2284600F0D9FC78BBB4F8F810F4
:103670009C4806FB0141A2310AF046FE0A200AF0EE
:1036800055FEB4F8F810984806FB0141AB310AF03A
:103690003BFE0A200AF04AFEB4F8F810934806FBF5
:1036A0000141BC310AF030FE0A200AF03FFEB4F8B6
:1036B000F830022206FB034383F89020D5F8C803B4
:1036C0000022042101F08EFC012095E7022840F041
:1036D000EC80B4F8F830052206FB0343ECE7C9B2EE
:1036E00000F046FCF8B9B4F8F830342202FB03438A
:1036F00093F89220A2B101227D4883F8C1200AF0FC
:1037000003FE0A200AF012FEB4F8F830342202FB5D
:1037100003430322A3F89020002283F89220CDE7F0
:1037200083F8C120F0E7022820D1B4F8F830342221
:1037300002FB034393F89220022A13D001226D4822
:1037400083F8C1200AF0E0FD0A200AF0EFFDB4F88A
:10375000F830342202FB034340F20512A3F8902014
:103760000222DAE7002283F8C120F0E70428A5D17D
:10377000B4F8F830342202FB034340F20122A3F8EC
:1037800090209BE706FB01429432C9B200F013FC83
:1037900000289BD1B4F8F83006FB034393F8C1200E
:1037A000012A22D1B3F89820D3F8941052485143FB
:1037B0000AF0AAFD0A200AF0B9FDB4F8F8304F4823
:1037C00006FB0343D3F894100AF09EFD0A200AF08A
:1037D000ADFDB4F8F8304A4806FB0343B3F898103F
:1037E0000AF092FD0A200AF0A1FDB4F8F830342264
:1037F00002FB03420121A2F890100B44A4F8F83018
:103800005CE706FB01429C32C9B200F062FC002872
:103810003DD1B4F8F83006FB034393F89C1001F057
:10382000FB0002280BD1D4F8FC60D5F8B823921B1A
:1038300042F20F76B24202D883F890003EE7314858
:103840000AF062FD0A200AF071FDB4F8F8302E4843
:10385000342606FB034393F89D100AF055FD0A2019
:103860000AF064FDB4F8F830284806FB034393F8E7
:103870009E100AF049FD0A200AF058FDB4F8F8300D
:1038800006FB0346012286F890201344B6E702287F
:103890000BD118480AF038FD0A200AF047FDB4F8A9
:1038A000F830082206FB034306E704287FF406AF3E
:1038B000B4F8F83006FB03435FE70131A4F8F810D1
:1038C000FCE62373A4F8F8200421D0F8C80301F023
:1038D00089FBD5F8C433022128469847F4E600BF97
:1038E00044F100084EF1000863F1000878F1000887
:1038F0008DF100089EF10008B3F10008D3F1000833
:10390000E6F10008F9F1000809F2000824F20008C5
:1039100070B5D0F87423D469A27B022A034604D080
:10392000032A29D00AB1012070BD2146184600F0B3
:1039300004FA032816D100232360217812480131AC
:1039400021600AF0E1FC0A200AF0F0FC0022216864
:10395000342002251646D3B2994202F1010204D85E
:103960000020E1E70028DFD1E7E700FB034383F80D
:10397000925083F8C160EEE7002101F0BAF9002807
:10398000D1D1E37BA373CEE748F2000838B5D0F875
:103990007433DD696979044639B101F024FA697933
:1039A000204601F03CFA00236B71297941B1204691
:1039B00001F019FA2979204601F031FA00232B7120
:1039C000D4F87433D86928B10AF0E8FAD4F874331B
:1039D0000022DA61002038BDF0B5D0F8741385B04C
:1039E000097950230622054600F0EEFCFF28014627
:1039F0000ED13D480AF088FCD5F874333B4819686D
:103A00000AF082FC0A200AF091FC022005B0F0BD09
:103A1000284600F095FC4FF48070D5F874630AF0E6
:103A2000B5FAF06195F81F331A2101FB03520446E1
:103A300092F9486392F84803B2F84A2301FB035312
:103A4000002E93F85013B4BF62812281B3F8522341
:103A500093F95033ACBFA071E071002BA8BFA171E6
:103A60004FF00006BABFE17162812281A179C4F8EA
:103A7000F860A681A673284601F0BAF9E179607171
:103A8000284601F0B5F92071284600F05FF9682258
:103A9000314604F190000AF097FD02272389029332
:103AA000019795F81D33009395F81C33A27961793D
:103AB000284601F089F96389CDE9017395F81D3332
:103AC000009395F81C33E2792179284601F07CF9BE
:103AD0002179324628460AF05DF961793246284656
:103AE0000AF058F9304691E765F200086EF20008D6
:103AF000F7B5D0F87423D269342707FB01250646B1
:103B000095F89040062C07D0072C16D0052C27D00E
:103B10000124204603B0F0BD002300931A4600F0B4
:103B200052FB044678B9012385F89030D6F8C803D3
:103B30000022042101F056FAEBE7002300931A4615
:103B400000F004FBEDE7022804D1052385F890304E
:103B50000124EBE70428FBD1082385F8903021E00D
:103B600007FB01229C3200F0B4FAE8B995F89C10EA
:103B700013480AF0C9FB0A200AF0D8FB95F89D10FB
:103B800010480AF0C1FB0A200AF0D0FB95F89E10FD
:103B90000D480AF0B9FB0A200AF0C8FB40F20123E5
:103BA000A5F890300224C1E7022806D107480AF0A0
:103BB000ABFB0A200AF0BAFBCAE70428CBE700BF38
:103BC000F9F1000809F2000824F200089EF100084B
:103BD00003780A2B01BFD0F87433DB69342202FB6F
:103BE000013103BF91F89100B0FA80F04009002044
:103BF000704710B503780A2B11D1D0F87403342321
:103C0000902413FB0143C169194401F1340351F8B5
:103C1000040B42F8040B9942F9D1002010BD022098
:103C2000FCE72DE9F34190F81E53089F04460E4629
:103C300085B305780A2D2DD1D0F87453ED694FF076
:103C4000340C0CFB015C9CF890E0BEF1010F21D11B
:103C50004FF0060E85F80CE08CF890E0A5F8FA100D
:103C6000009700F0B0FA42F21073D4F8B8835F43C3
:103C700031462046FFF73CFF012803D001232B7378
:103C8000002008E0D4F8B833A3EB0803BB4205D901
:103C900001232B73022002B0BDE8F08194F81E339B
:103CA000002BE5D1F4E72DE9F34190F81E53089F6E
:103CB00004460E4685B305780A2D2DD1D0F87453ED
:103CC000ED694FF0340C0CFB015C9CF890E0BEF108
:103CD000010F21D14FF0070E85F80CE08CF890E031
:103CE000A5F8FA10009700F031FA42F21073D4F8F8
:103CF000B8835F4331462046FFF7FAFE012803D020
:103D000001232B73002008E0D4F8B833A3EB080399
:103D1000BB4205D901232B73022002B0BDE8F0811C
:103D200094F81E33002BE5D1F4E74FF62171002201
:103D3000C0E90412114600F0C3BD4FF480324FF6C3
:103D4000A16CC0E904C2012200F0BABDD0F87433FE
:103D50000549DB69054AC3E91512012283F85020A1
:103D600083F8522000207047555342435040302082
:103D700073B5D0F87433DC6994F85030013B0546D4
:103D80000A2B19D8DFE813F00B001C003D00470098
:103D900063006D008E009600C400CF00E80002238F
:103DA000012284F8611084F8503004F154016379E1
:103DB00000921F2200F0E1FF0126304602B070BDE4
:103DC000617909F0D6FF012801460BD1E36D002B84
:103DD00060D094F96030002BB4BF0323052384F82E
:103DE000503053E0022808D1012384F850300022DB
:103DF000D5F8C80301F0F6F8DEE70528DCD10A2380
:103E0000EDE723796289D4F88C1000F0CDFF04230C
:103E100084F85030D0E7217909F0ABFF012872D146
:103E2000E36D628993420BD9D4F88C109B1A11442C
:103E3000E365C4F88C102379284600F0B5FFBBE792
:103E400000220723E26584F850300221D0E70121E7
:103E5000637922890091D4F88C1000F08EFF06233C
:103E6000D6E7617909F085FF012815D1E36D228934
:103E700093420DD9D4F88C109B1A1144E365C4F811
:103E80008C1063790090284600F077FF0022DCE771
:103E90000023E3650723A2E7022801D105239EE75B
:103EA0000528ABE723790D2204F1780100F07CFFAF
:103EB0000823ADE7217909F05CFF012823D184F8BC
:103EC000500084F85200D5F87433DC692846217913
:103ED00009F014FF0D2814D1A26F244B9A4210D17F
:103EE000E26FA36D9A420CD194F88460003E18BF33
:103EF00001267600D5F8C8030022022101F072F8ED
:103F00005BE70226F6E705287FF456AF092366E74C
:103F1000E17900F0EEFE08B9072379E704287FF481
:103F20004BAF0B2374E7A17900F0E3FE064688B996
:103F30006179284609F03DFFC0F101026179D2B2F2
:103F4000284609F027FF21793246284609F022FF4A
:103F500009235DE70428E2E7FFF7E7FE06460028AD
:103F60007FF42BAF012384F8503026E7555342539A
:103F700038B5D0F87433DC6994F85250012D04D070
:103F8000022D14D00225284638BD00210A2384F8CA
:103F90006230E16584F86010102204F163000AF0D9
:103FA00013FB022384F8505084F85230EBE7BDE84D
:103FB0003840FFF7DDBE70B5D0F87433DC6994F893
:103FC0005260012E154603D0022E1AD0012070BD7A
:103FD0000823E365802384F860300F22002104F178
:103FE00064000AF0F1FA42F20A53A4F862300223A4
:103FF00084F8523004F1100384F85060C4F88C3017
:10400000E4E7FFF7B5FE0028E1D1D4F88C2013686F
:104010001BBA2B60D3885BBAAB80D8E770B5164665
:10402000D0F87423D46994F85250012D0B4604D073
:10403000022D1FD00225284670BD80215B0184F827
:10404000601084F86430002102232422C4F8651033
:10405000C4F8691084F8523041F20A2104F11003C7
:10406000E265A4F8621084F8672084F85050C4F820
:104070008C30E0E7FFF77CFE05460028DBD10146E7
:10408000222230460AF0A0FAD4F88C301A7802F0D6
:104090001F0272701A78520932705A78D209B270BF
:1040A0009A68C6F80320DA68C6F80720D4F88C307E
:1040B00006F10C0103F11002203352F8040B41F811
:1040C000040B9A42F9D1D4F88C301B6AC6F81D3023
:1040D000B1E7F8B5D0F87433DC6994F85250012D8B
:1040E0000F46164604D0022D20D002252846F8BDE2
:1040F0000E26802384F86030E6653246002104F104
:1041000065000AF061FA40F20A33A4F86230022333
:104110007F0184F8523004F1100384F8647084F84D
:10412000676084F85050C4F88C30DFE7FFF720FE5A
:1041300005460028DAD1D4F88C309A7802F00F02C4
:1041400032701A7B72705B7BB370CFE72DE9F04160
:104150009846D0F87433069FDC6994F85260012EBB
:10416000154605D0022E2AD002263046BDE8F08141
:104170007B020021E36584F860100F2204F16400E3
:104180000AF022FA42F60A23A4F86230C5F3076364
:1041900084F86530C5F3074384F86630C5F3072318
:1041A00084F867307FBA022384F86850A4F86A70F4
:1041B00084F8506084F85230C4F88C80D5E7BDE8AC
:1041C000F041FFF7D5BD2DE9F0419846D0F87433A2
:1041D000069FDC6994F85260012E154605D0022E28
:1041E0002BD002263046BDE8F0817B02E3658023B8
:1041F00084F860300F22002104F164000AF0E4F931
:1042000042F60A03A4F86230C5F3076384F8653008
:10421000C5F3074384F86630C5F3072384F8673095
:104220007FBA022384F86850A4F86A7084F850605A
:1042300084F85230C4F88C80D4E7BDE8F041FFF731
:1042400097BD10B53C220446002100F55F700AF0CE
:10425000BBF94FF40072002104F58E700AF0B4F936
:10426000002323706370C4F8B83340230122A37184
:104270004FF48073A2702283A4F81C3310BD000099
:1042800070B50D4688B0044658B919480AF03CF894
:1042900018480AF039F80A200AF048F8022008B055
:1042A00070BD0023C0E9DD3380F8BC23FFF7C9FFF0
:1042B0000DB1C4F8C453104D95E8030001AB83E879
:1042C00003000021184600F088FE0835C4F8C80332
:1042D0000FCD03AE0FC62B683360214603A800F054
:1042E000DAFDC4F8CC03204609F0B0FC0020D6E784
:1042F0009AF20008A2F20008F8F0000808B5034698
:1043000099B1D0F8780328B90122C3F87823C3F80B
:10431000701308BD074809F0F7FF074809F0F4FFDC
:104320000A200AF003F80220F3E7024809F0ECFF44
:104330000248F3E79AF20008B6F20008CFF200084C
:1043400038B590F836338B4204460D4624D980F8B0
:104350001F13174809F0D8FF0A2009F0E7FF1A23B6
:1043600003FB0544134894F8411309F0CDFF0A20DC
:1043700009F0DCFF94F842130F4809F0C5FF0A204A
:1043800009F0D4FF94F843130C4809F0BDFF0A204C
:1043900009F0CCFF002038BD094809F0B5FF0948F5
:1043A00009F0B2FF0A2009F0C1FF0220F3E700BFC5
:1043B000E4F2000801F3000810F300081FF30008FE
:1043C0009AF200082EF3000870B50446002594F810
:1043D00041638E42E8B201D0FF290BD194F84263C9
:1043E000964201D0FF2A05D194F843639E4204D03F
:1043F000FF2B02D01A340DB1FF2070BD0125E6E776
:1044000010B5044609F04EFC0121204609F0B5FC28
:10441000002010BD70B586B002238DF817300378E8
:1044200004460A2B1DD8DFE813F00B001C001F0008
:1044300096011C00560079013801420152018E019B
:1044400090F81E336BB101250570C82009F0BFFC40
:10445000204609F048FC00220121D4F8C80300F0EE
:10446000C1FD002006B070BDC24809F04DFF0A2012
:1044700009F05CFF642009F0AAFC204609F028FC42
:104480000523237084F81D030021204600F0B0FCB2
:1044900080216071204600F0ABFC0025A3792071DB
:1044A0000293019594F81D330093014694F81C3350
:1044B0008022204600F088FCA379CDE9015394F8CE
:1044C0001D3300932A4694F81C336179204600F08E
:1044D0007BFC2A46C0E74378072BC2D8DFE803F00D
:1044E00004294158606986A4082100F0EDFA0546C8
:1044F0000028B6D194F82733A37101226270CDE968
:10450000015394F81D33009394F81C3321798022D1
:10451000204600F059FCA379CDE9015394F81D33EE
:10452000009394F81C3361792A46204600F04CFC35
:1045300097E7122100F0C8FA002892D1B4F82A13A4
:104540008D4809F0E1FE0A2009F0F0FEB4F82813C6
:104550008A4809F0D9FE0A2009F0E8FE02236370B8
:104560007FE7012100F0ABFB054600287FF479AF1F
:10457000022009F02CFC012184F81C13804809F06A
:10458000C3FE0A2009F0D2FE03236370A379B6E7C5
:10459000092100F0E1FA00287FF463AF0423DEE78D
:1045A000B0F8341300F0D8FA00287FF45AAF05238E
:1045B000D5E790F82E53ADB100F58E76FF23324645
:1045C000294600F055FB00287FF44BAF6D4831467B
:1045D00009F09AFE0A2009F0A9FE06236370002262
:1045E00005213AE7684809F08FFEF3E790F82F536A
:1045F00095B100F58E76FF233246294600F038FB50
:1046000000287FF42EAF3146604809F07DFE0A2075
:1046100009F08CFE0723A2E75D4809F075FE0A2029
:1046200009F084FE0723D9E790F8305335B300F53D
:104630008E76FF233246294600F01AFB00287FF4CD
:1046400010AF5448314609F05FFE0A2009F06EFEB3
:10465000514809F059FE0A2009F068FE002384F849
:104660001F3394F83133012B15D14C4809F04CFE1F
:104670000A2009F05BFE08232370F2E6484809F09F
:1046800043FE0A2009F052FED4F8C8032A46052149
:1046900000F0A8FCDCE70723EEE7D0F8C433002BDA
:1046A0003FF4DFAE012198470823237097E790F885
:1046B000371300F011FB00287FF4D3AE09232370D9
:1046C000384809F021FE0A2009F030FEC9E6D0F88A
:1046D0007833002B72D1344809F016FE1AE09B683B
:1046E00020469847D4F8743370B9062222701968AE
:1046F0002E4809F009FE0A2009F018FED4F8C43348
:104700000321204698476AE70C222270196828483E
:1047100009F0FAFD0A2009F009FE60E7D0F87453A9
:1047200055B12B6998478DF817009DF81730002B6D
:104730007FF497AE0A239FE70C2303701D4809F00E
:10474000E3FD1D48C8E7D0F87433002B3FF489AE71
:104750005B69984785E6FFF774FDD4F87433002B46
:104760003FF47FAEDB68204698470023C4F87433DB
:1047700077E600BF4CF3000860F3000869F3000817
:1047800072F300088AF300089CF300086BF100083C
:10479000AFF30008BDF30008E4F30008F6F30008E7
:1047A000D0F300081CF4000837F4000855F40008A2
:1047B00067F400089AF20008ACF40008D0F87033EF
:1047C00090F841231979914218BF0023C0F874333F
:1047D000002B84D10C23014823707DE787F4000867
:1047E0001FB50446D4F8C8134FF0FF3201A800F0FB
:1047F00022FC019B102BF5D12046FFF70BFEF1E7C1
:10480000C0F8B8137047D0F8B8230132C0F8B82305
:1048100002780A2A04D1D0F874330BB19B69184787
:10482000704710B5037804467BB9012380F81E3326
:10483000D0F8C4330BB104219847D4F8C803002240
:10484000012100F0CFFB002010BD0378012B04BF35
:1048500002230370F1E7000010B5044609F02DFAB9
:104860002179204600F0DBFA6179204600F0D7FA82
:10487000002384F81E33D4F8C43313B10521204635
:104880009847094809F040FD0A2009F04FFD2046ED
:1048900009F008FA0323D4F8C80323700022012189
:1048A00000F0A0FB002010BDC2F4000808B50022F3
:1048B0000221D0F8C80300F095FB002008BD0000DD
:1048C00037B58578012D044605D0022D0FD001257E
:1048D000284603B030BD0223816082810576837053
:1048E000D4F8C8030022032100F07CFBEFE7037E2D
:1048F000013B0A2BEBD8DFE803F0060E232D3E4ADE
:104900006F79939FAA00427900F1100100F0FEF93F
:1049100002232376DBE7417909F02BFA012840F0E6
:104920009280E28A94F910302AB1002BB4BF03239D
:1049300005232376D4E7002BB4BF09230723F8E728
:10494000D0F8B833C38182890379816800F005FA11
:104950000423DEE7017909F00CFA012801D10923CB
:10496000E7E705286FD1D4F8C8030022032100F03F
:1049700039FB0325ACE701230093437982898168E1
:1049800000F0D4F9D4F8B833E3810623C1E74179C4
:1049900009F0EFF90138042899D801A353F820F061
:1049A000B5490008BF490008CF480008C3490008BE
:1049B000B94900080723BCE70C232376D3E7052376
:1049C000B7E70B23D4F8C80323760022032100F0B5
:1049D00009FB0123A3707BE700220379114600F055
:1049E000BCF9D4F8B833E381082392E7017909F0E0
:1049F000C0F901280CD10D232376D4F8C803002276
:104A0000032100F0EFFA00250123A37025765FE76C
:104A1000042801D10B238CE705287FF458AFA2E7C7
:104A20000123009300224379114600F07FF9D4F866
:104A3000B833E3810A236CE7417909F09AF9012838
:104A4000D9D002288BD004287FF441AFE2E7437E1F
:104A50000133DBB2022B437605D809F02EF901238E
:104A60002376A37033E70621D0F8C4339847002398
:104A70006376054809F048FC044809F045FC0A2023
:104A800009F054FCA5E700BF9AF20008E6F400081C
:104A900030B40D4619468378012B1446BDF8082022
:104AA0000FD1448204F47F440623B4F5407F65F0BF
:104AB0007F05437440F2094318BF002305748382C5
:104AC000C28230BCFFF7FCBE37B500F58E730D46D1
:104AD00000914FF4807200210446FFF7D9FFC8BB54
:104AE00094F81C3184F8203394F81D3184F8213374
:104AF000B4F81E31A4F8223394F8203184F824331A
:104B000094F8213184F8253394F8223184F826333F
:104B1000082D94F8233184F827331BD9B4F82431B5
:104B2000A4F82833B4F82631A4F82A33B4F828318D
:104B3000A4F82C3394F82A3184F82E3394F82B31CE
:104B400084F82F3394F82C3184F8303394F82D31D5
:104B500084F8313303B030BD2DE9F74300F11C0474
:104B60000E46009123464FF4007200210546FFF7E0
:104B70008FFF30BB2B7F85F832336B7F85F8333363
:104B800095F8203085F8363395F8213085F837339D
:104B900095F8223085F8383395F82330B5F81EC0E3
:104BA00085F83933092E95F82430A5F834C385F8F3
:104BB0003A3306D92B4607460922022F01D09445E5
:104BC00002D803B0BDE8F08321780C440A44617830
:104BD000042992B2F3D1217883F83C13617883F8E9
:104BE0003D13A17883F83E13E17883F83F1394F8DE
:104BF000048083F84083617983F84113A17983F8B5
:104C00004213E17983F84313217A83F844134FF078
:104C10001A0E00210EFB07FE414501DA944502D829
:104C200001371A33C9E72678344432446678052EB2
:104C300092B2F1D14E1C0EEBC601294494F80090BB
:104C400081F83E9394F8019081F83F9394F8029094
:104C500081F8409394F8039081F84193B4F804905C
:104C6000A1F8429394F8069081F8449371B2D3E787
:104C7000F7B500F58E7615461F46009341F4407255
:104C8000334600210446FFF703FF78B994F81D313D
:104C9000032B0BD194F81C110239B942A8BF394635
:104CA00089B20446A14203D800232B7003B0F0BDA3
:104CB000331902349B7805F8013BA4B2F2E78378FC
:104CC000012B05D14FF4A06303820023418243618D
:104CD00000221146FFF7F4BD8378012B05D14FF474
:104CE0001063038200234182436100221146FFF7D3
:104CF000E7BD8378012B05D14FF481730361002355
:104D00008182C38200221146FFF7DABD1FB500245D
:104D10000B4611460822CDE90224CDE90043224684
:104D2000234609F00FF8204604B010BD30B585B019
:104D300090F81D530C46002D19469DF82030019423
:104D400018BF0023CDE902230123009300231A4654
:104D500008F0F8FF002005B030BD30B5002485B064
:104D6000CDE902240D460122194601950092234601
:104D700008F0E8FF204605B030BD30B585B090F8AA
:104D80001D530C46002D19469DF82030019418BF84
:104D90000023CDE90223012300930022022308F01F
:104DA000D1FF002005B030BD30B5002485B0CDE97D
:104DB00002240D460122194601950092022308F0B3
:104DC000C1FF204605B030BD1FB5BDF8204002949C
:104DD0009DF81C4001949DF81840009408F092FF43
:104DE000002004B010BD08B508F0A1FF002008BDE8
:104DF00010B500F55E72002352F8044F240408D465
:104E000000EB830041F40041DAB2C0F87C13D0B269
:104E100010BD01330B2BEFD14FF6FF72F7E70A29D4
:104E20009FBF00EB8100D0F87C33C3F30E03C0F8C2
:104E30007C3300207047000030B50E4B5C7A05468D
:104E400004F0FF00A4B95C7A18555C7A03EB840483
:104E500065605C7A1C4422725A7A541CE4B25C721B
:104E60003A2330324B702F230A708B70C87030BDDC
:104E70000120FCE7B00000200022FFF7DDBF08B5ED
:104E800000F0F8FD002008BDEFF305830BB100F042
:104E90003BBE00F033BE30B5044685B0228AB4F97B
:104EA0000840842C14BF0334002403AD0B46D0E922
:104EB0000010CDE9004500F005FD01280CBF039866
:104EC000002005B030BD012000F0C9BA07B50A4680
:104ED00000210191F8B1EFF30583B3B101AA00F00D
:104EE00043FC012803D0FF2003B05DF804FB019BC5
:104EF0004BB14FF0E0234FF08052C3F8042DBFF3C5
:104F00004F8FBFF36F8F0020EEE7194600F06CFB68
:104F10000128F8D0E7E78020E6E707B500230193F2
:104F2000EFF30583B3B101A900F00DFB012803D015
:104F3000FF2003B05DF804FB019B4BB14FF0E02371
:104F40004FF08052C3F8042DBFF34F8FBFF36F8F24
:104F50000020EEE71A46194600F0CFF90128E7D104
:104F6000F6E7012910B508460CD10322002100F014
:104F7000A3F9044620B100231A46194600F0BDF9F2
:104F8000204610BD0024FBE707B50A460021019129
:104F9000F8B1EFF30583B3B101AA00F0E5FB0128F6
:104FA00003D0FF2003B05DF804FB019B4BB14FF031
:104FB000E0234FF08052C3F8042DBFF34F8FBFF3AF
:104FC0006F8F0020EEE7194600F00EFB0128F8D0A5
:104FD000E7E78020E6E7FFF7A0BFD0E90001002265
:104FE00000F06AB91FB5019100210391EFF3058329
:104FF000C3B10B4603AA01A900F049FA012803D066
:10500000FF2005B05DF804FB039B4BB14FF0E0239C
:105010004FF08052C3F8042DBFF34F8FBFF36F8F53
:105020000020EEE7012A38BF012201A900F065F94E
:105030000128F5D0E4E730B585B0002305461446D5
:1050400008460391029311B98023019318E000935D
:10505000EFF30583E3B16A4602A900F085FB431E26
:1050600058425841009B000101904BB14FF0E023A2
:105070004FF08052C3F8042DBFF34F8FBFF36F8FF3
:1050800004AB13E9070085E80700284605B030BDEA
:1050900002A900F0A9FA012801D11023D5E7003CAC
:1050A00018BF0124A4010194EAE708B500F0C8FF85
:1050B000012803D0BDE8084001F03CB908BD00F16B
:1050C00008034FF0FF32C0E902234360036100236D
:1050D0000360704700230361704743684B609A6820
:1050E0008A6051609960036808610133036070470A
:1050F00030B50C68631C0AD103695A684A60916034
:105100008B605960036808610133036030BD00F1B2
:105110000802134652681568A542FAD9EDE7D0E9AE
:10512000011203698A6051605968814208BF5A6060
:1051300000220261186801381860704770B5164681
:10514000026C856B044642B906689EB9406800F05F
:10515000CFFF66600135A56370BD6EB9806809F048
:10516000B8FAA368226C13446268A360934224BF18
:105170002368A3600020EDE7C06809F0AAFA226C5A
:10518000E36851429B1A2268E36093423EBF636822
:105190005B18E360022EEDD10DB1013DEAE7284630
:1051A000D8E7034610B41A6C08466AB1DC6859683F
:1051B00014448C4228BF1968DC6028BFD960D968C4
:1051C0005DF8044B09F085BA5DF8044B704770B583
:1051D000044601F047F894F8455004F124066DB2F6
:1051E000002D01DD636AB3B9FF2384F8453001F077
:1051F00059F801F037F894F8445004F110066DB2F4
:10520000002D01DD23697BB9FF2384F84430BDE81C
:10521000704001F047B8304600F080FE08B100F061
:1052200009FF013D6DB2DBE7304600F077FE08B1C3
:1052300000F000FF013D6DB2E2E738B50D460446CF
:1052400040B94FF0500383F31188BFF36F8FBFF362
:105250004F8FFEE701F006F8D4E90F312268A26013
:105260004B43D0185B1A1A446060FF230020A063F0
:10527000E26084F8443084F84530A5B9236973B1FD
:1052800004F1100000F04AFE48B14FF0E0234FF067
:105290008052C3F8042DBFF34F8FBFF36F8F01F01F
:1052A00001F8012038BD04F11000FFF708FF04F1F8
:1052B0002400FFF704FFF2E770B50D46064640B93B
:1052C0004FF0500383F31188BFF36F8FBFF34F8FFD
:1052D000FEE74843483001F01BF9044648B155B198
:1052E00000F14803C4E90F65236001212046FFF760
:1052F000A4FF204670BD0346F4E72DE9FF410F46A9
:1053000001921E46044640B94FF0500383F31188C2
:10531000BFF36F8FBFF34F8FFEE751B9036C43B1FB
:105320004FF0500383F31188BFF36F8FBFF34F8F9C
:10533000FEE7022E0BD1E36B012B08D04FF0500398
:1053400083F31188BFF36F8FBFF34F8FFEE700F039
:1053500077FE054620B300254FF0000800F082FFDD
:10536000A26BE36B9A4227D2324639462046FFF7BA
:10537000E5FE636A1BB104F1240000F0CFFD48B1E3
:105380004FF0E0234FF08052C3F8042DBFF34F8F4E
:10539000BFF36F8F00F086FF012004B0BDE8F081FD
:1053A000019B002BD8D04FF0500383F31188BFF33B
:1053B0006F8FBFF34F8FFEE7022ED5D0019B1BB935
:1053C00000F070FF0020E8E715B902A800F0E8FD42
:1053D00000F068FF00F08AFB00F044FF94F84430CE
:1053E000FF2B08BF84F8448094F84530FF2B08BF9A
:1053F00084F8458000F056FF01A902A800F0E0FD06
:1054000038BB00F02FFFA26BE36B9A420ED100F085
:1054100049FF019904F1100000F066FD2046FFF7F6
:10542000D6FE00F011FC48B1012597E700F03AFFE5
:105430002046FFF7CCFE00F007FCF5E74FF0E02335
:105440004FF08052C3F8042DBFF34F8FBFF36F8F1F
:10545000EAE72046FFF7BBFE00F0F6FBB2E738B5FF
:10546000482001F055F8044678B100250121C0E933
:105470000F150060FFF7E1FEC4E90055E5602B461B
:105480002A4629462046FFF738FF204638BD2DE939
:10549000F843894617461E46044640B94FF050036C
:1054A00083F31188BFF36F8FBFF34F8FFEE751B9BE
:1054B000036C43B14FF0500383F31188BFF36F8F38
:1054C000BFF34F8FFEE7022E0BD1E36B012B08D009
:1054D0004FF0500383F31188BFF36F8FBFF34F8FEB
:1054E000FEE700F0C1FFEFF311884FF0500383F3A4
:1054F0001188BFF36F8FBFF34F8FA26BE36B9A429C
:1055000001D3022E1DD194F8455032466DB2494662
:105510002046FFF713FE6B1C0ED1636A3BB104F10A
:10552000240000F0FBFC10B10FB101233B6001200F
:1055300088F31188BDE8F88301356DB284F84550D1
:10554000F5E70020F4E770B50D46044640B94FF08A
:10555000500383F31188BFF36F8FBFF34F8FFEE7C4
:10556000036C43B14FF0500383F31188BFF36F8F87
:10557000BFF34F8FFEE7036853B9436843B14FF061
:10558000500383F31188BFF36F8FBFF34F8FFEE794
:1055900000F06AFFEFF311864FF0500383F3118898
:1055A000BFF36F8FBFF34F8FA26BE36B934219D999
:1055B00094F845100132FF294BB2A2630DD1636A02
:1055C0003BB104F1240000F0A9FC10B10DB101239E
:1055D0002B60012086F3118870BD01335BB284F823
:1055E0004530F6E70020F5E72DE9F04385B00E469B
:1055F00001929846044640B94FF0500383F3118856
:10560000BFF36F8FBFF34F8FFEE751B9036C43B108
:105610004FF0500383F31188BFF36F8FBFF34F8FA9
:10562000FEE700F00DFD054670BB019B73BB4FF01C
:10563000000900F017FEA76B002F37D03146204637
:10564000E568FFF7AEFDB8F1000F28D12368013FF0
:10565000A76313B900F09CFD6060236973B104F186
:10566000100000F05BFC48B14FF0E0234FF0805297
:10567000C3F8042DBFF34F8FBFF36F8F00F012FEFE
:10568000012005B0BDE8F0830025D0E74FF05003BE
:1056900083F31188BFF36F8FBFF34F8FFEE7636A09
:1056A000E560002BEAD004F12400DAE7019B1BB986
:1056B00000F0F8FD0020E4E715B902A800F070FC46
:1056C00000F0F0FD00F012FA00F0CCFD94F8443048
:1056D000FF2B08BF84F8449094F84530FF2B08BF97
:1056E00084F8459000F0DEFD01A902A800F068FCF6
:1056F00068BB00F0B7FDA36B03BB00F0D3FD2368CC
:1057000033B900F0AFFD606800F0AAFC00F0CAFDFC
:10571000019904F1240000F0E7FB2046FFF757FD54
:1057200000F092FA88B94FF0E0234FF08052C3F8AE
:10573000042DBFF34F8FBFF36F8F06E000F0B2FD73
:105740002046FFF744FD00F07FFA012571E720466F
:10575000FFF73DFD00F078FA00F084FDA36B002B0D
:10576000A6D000F09FFDF0E72DE9F843894690466A
:10577000044640B94FF0500383F31188BFF36F8F95
:10578000BFF34F8FFEE751B9036C43B14FF05003A5
:1057900083F31188BFF36F8FBFF34F8FFEE700F0E5
:1057A00063FEEFF311874FF0500383F31188BFF3CB
:1057B0006F8FBFF34F8FA56B0DB394F844604946CC
:1057C00076B22046FFF7EDFC013D731CA56311D1B5
:1057D000236953B104F1100000F0A0FB28B1B8F127
:1057E000000F02D00123C8F80030012087F3118890
:1057F000BDE8F883013676B284F84460F5E72846C0
:10580000F4E70000F8B51A4B1A4D1C6806462868E4
:1058100004300F46FFF783FC40B92A681649D06A66
:105820000B680122824023EA02030B60731C07D13C
:1058300037B129681148BDE8F8400431FFF74DBC85
:105840002B68A4195C6007D30D4B18682968BDE864
:10585000F8400431FFF74CBC0A4B18682968043142
:10586000FFF746FC084B1A68A24288BF1C60F8BDCF
:10587000E0000020E4010020DC000020E80000201F
:10588000280100202C010020C4000020064A1368D3
:105890001968064B19B94FF0FF321A607047126849
:1058A000D268D2685268F8E72C010020C4000020BA
:1058B0004FF0500383F31188BFF36F8FBFF34F8F07
:1058C000FEE700002DE9F84F950006462846DDF872
:1058D0002C808A461F4600F01BFE814618B94FF007
:1058E000FF30BDE8F88F542000F012FE0446002877
:1058F00000F0A280C0F830902A464846A52108F062
:1059000063FE236B043D2B4423F0070904F13302AB
:105910000AF1FF330AF10F0A13F8011F02F8011F01
:1059200009B15345F8D10A9D062D28BF06254FF031
:10593000000B04F1040AC4E9115BE562504684F8E7
:1059400043B0FFF7C7FBC5F1070504F11800FFF7E7
:10595000C1FBC4F84CB02461A561646284F850B006
:105960003A463146484600F051FC2060B8F1000F3D
:1059700001D0C8F8004000F075FC314B314F1A6877
:10598000314E01321A603D68002D4AD13C601B68DF
:10599000012B1FD1B04640460135FFF790FB072D84
:1059A00008F11408F7D1DFF8C880284D4046FFF70A
:1059B00086FB2846FFF783FB2548FFF780FB254839
:1059C000FFF77DFB2448FFF77AFB244BC3F80080E8
:1059D000234B1D60234A2449136808680133136070
:1059E000E26A01239340034314200B6000FB026032
:1059F0005146FFF772FB00F055FC1C4B1B6873B15E
:105A00003B68DA6AE36A9A4209D24FF0E0234FF02A
:105A10008052C3F8042DBFF34F8FBFF36F8F012067
:105A20005FE7124B1A68E36A002AD3D13A68D26A58
:105A30009A4298BF3C60CDE7484600F0FBFD4EE738
:105A4000E4000020E4010020580100203001002083
:105A50001401002000010020E80000202C0100209B
:105A600028010020C8000020DC000020D800002011
:105A70004401002013B5174B019300241649174821
:105A8000009423468022FFF71DFF012814D14FF018
:105A9000500383F31188BFF36F8FBFF34F8F104B09
:105AA0004FF0FF321A600F4B18600F4B1C6002B0B2
:105AB000BDE8104000F064BC013008D14FF0500345
:105AC00083F31188BFF36F8FBFF34F8FFEE702B0F0
:105AD00010BD00BFC0000020F4F40008115E0008F3
:105AE000C4000020D8000020E0000020024A136813
:105AF00001331360704700BFBC000020014B1868E1
:105B0000704700BFE000002008B500F0ADFC014B7D
:105B1000186808BDE0000020404B1B682DE9F74FD6
:105B2000002B74D13E4B1C6801341C60BCB93D4B4A
:105B30001A68126842B14FF0500383F31188BFF323
:105B40006F8FBFF34F8FFEE7374A196810681860F0
:105B50001160364A136801331360FFF797FE344D26
:105B6000344E2B68344FA3424FF0000B11D93A68E2
:105B7000D26A14214A43B258022A28BF4FF0010BBF
:105B80002E4A1268002A0CBF5846012003B0BDE817
:105B9000F08FDFF890A0DFF8AC90DAF80020126800
:105BA0001AB94FF0FF322A60E1E7DAF80020D26834
:105BB000D2F80C80D8F804108C4201D22960D6E7C4
:105BC00008F1040318460193FFF7A9FAD8F8281042
:105BD00019B108F11800FFF7A2FAD8F82C00D9F88B
:105BE0000030012202FA00F119434FF0140CC9F8F9
:105BF00000100CFB00600199FFF76FFA3868D8F8C5
:105C00002C10C26A914228BF4FF0010BC5E70C4A25
:105C10001368013313604FF0000BB1E7BC000020A4
:105C2000E00000202C01002028010020CC000020F2
:105C3000C400002058010020E4010020D000002012
:105C4000D4000020DC0000202DE9F843314C23680B
:105C500043B94FF0500383F31188BFF36F8FBFF345
:105C60004F8FFEE700F0FEFA2368013B23602468B3
:105C70002CB1002400F016FB2046BDE8F883264B2B
:105C80001B68002BF5D0254D254EDFF8A4801FE0C2
:105C9000EB68DC6804F1040904F11800FFF73FFA2F
:105CA0004846FFF73CFAE26A3168012707FA02F337
:105CB00014200B4300FB028049463360FFF70DFAC6
:105CC000184BE26A1B68DB6A9A4201D3164B1F60CD
:105CD0002B68002BDCD10CB1FFF7D8FD134D2C68DD
:105CE00044B1114E0127FFF717FF00B13760013CA7
:105CF000F9D12C600C4B1B68002BBAD04FF0E0237D
:105D00004FF08052C3F8042DBFF34F8FBFF36F8F56
:105D10000124AFE7BC000020E400002014010020B3
:105D2000DC000020E4010020D0000020D40000208E
:105D30005801002010B540B94FF0500383F311888B
:105D4000BFF36F8FBFF34F8FFEE741B94FF05003A2
:105D500083F31188BFF36F8FBFF34F8FFEE7184BAC
:105D60001B6843B14FF0500383F31188BFF36F8F6B
:105D7000BFF34F8FFEE7FFF7B9FE124B04681A68B6
:105D800063182CBF0121002194420FD979B9036017
:105D9000FFF75AFF48B94FF0E0234FF08052C3F8A5
:105DA000042DBFF34F8FBFF36F8F10BD09B99A4217
:105DB000EDD203600021981AFFF724FDE8E700BF49
:105DC000BC000020E000002008B550B94FF0E023EF
:105DD0004FF08052C3F8042DBFF34F8FBFF36F8F86
:105DE00008BD0A4B196841B14FF0500383F3118885
:105DF000BFF36F8FBFF34F8FFEE7FFF777FEFFF71D
:105E000001FDFFF721FF0028E0D0E9E7BC000020FA
:105E100008B5184E184C236873B9184B1B68012B32
:105E2000F9D94FF0E0234FF08052C3F8042DBFF3AF
:105E30004F8FBFF36F8FEDE7FFF758FE3568FFF721
:105E400003FF002DE7D000F00DFAF368DD68281D90
:105E5000FFF765F90A4A1368013B13602368013BA9
:105E6000236000F01FFA286B00F0E4FB284600F0E6
:105E7000E1FBD0E700010020FC00002058010020D9
:105E8000E4000020134B1A68134B10B512B1012225
:105E90001A6010BD1A60114B1A68B2FA82F2D2B2BF
:105EA000C2F11F0214230E495343C818CC580CB931
:105EB000FFF7FEFC44680833646844600B449C426E
:105EC00004BF63684360142303FB02114B68DA6864
:105ED000044BDDE7BC000020D0000020DC000020E7
:105EE00058010020E401002010B50C4640B94FF0E5
:105EF000500383F31188BFF36F8FBFF34F8FFEE71B
:105F0000054B19681831FFF7F3F820460121BDE869
:105F10001040FFF777BC00BFE401002038B5C3682C
:105F2000DC6844B94FF0500383F31188BFF36F8FDF
:105F3000BFF34F8FFEE704F118052846FFF7EFF88F
:105F4000114B1B68E3B9251D2846FFF7E8F80F49F8
:105F5000E26A08680123934003430B600C4B142052
:105F6000294600FB0230FFF7B8F80A4BE26A1B68CB
:105F7000DB6A9A4283BF084B01201860002038BDBD
:105F800006482946EFE700BFBC000020DC000020E7
:105F900058010020E4010020D0000020140100205E
:105FA00008B508B9FFF784FC034B1B680360034B7B
:105FB0001B68436008BD00BFCC000020E00000204B
:105FC00070B50D46044640B94FF0500383F3118875
:105FD000BFF36F8FBFF34F8FFEE741B94FF0500310
:105FE00083F31188BFF36F8FBFF34F8FFEE700F08D
:105FF00039F90E4B19682B685A1C10D00C4A1068DE
:10600000D4E90062864201D08A420DD9881A8342BF
:106010000AD95B1A13442B602046FFF7C1FF002406
:1060200000F040F9204670BD0124F9E7E0000020AF
:10603000CC000020014B01221A607047D0000020E4
:10604000054B1B6833B1054B1868B0FA80F0400966
:106050004000704701207047D8000020BC0000209D
:106060002DE9F041044600282ED01E4DC36A2A684F
:10607000D26A934228D282691B4F002AA1BF2A68A4
:10608000D26AC2F1070282611426426906FB0373D9
:106090009A4216D100F104084046FFF740F8134A2F
:1060A000A0B12B681168D86AE062012383400B43DA
:1060B00013601423414603FB0070BDE8F041FFF775
:1060C0000CB82B68DB6AC362BDE8F081E06A464326
:1060D000BB59002BE5D113680121814023EA01035C
:1060E0001360DEE7E401002058010020DC000020FE
:1060F000F8B5044608B90020F8BD224B1B6883425E
:1061000008D04FF0500383F31188BFF36F8FBFF3B4
:106110004F8FFEE79B6C43B94FF0500383F3118818
:10612000BFF36F8FBFF34F8FFEE7C16A426C013B35
:1061300091428364DFD0002BDDD1061D3046FEF78F
:10614000EEFF114F114A50B9E16A14234B43FB583B
:106150002BB9136801258D4023EA05031360636C96
:10616000E362C3F10701A1611168012404FA03F598
:1061700014200D4300FB037031461560FEF7ADFFA0
:106180002046B9E7E401002058010020DC0000208F
:10619000044B1A681AB119688A6C01328A6418684B
:1061A000704700BFE40100200A4B1B68013308D090
:1061B0004FF0500383F31188BFF36F8FBFF34F8FFE
:1061C000FEE74FF0500383F31188BFF36F8FBFF3E7
:1061D0004F8FFEE72400002006480068006880F327
:1061E000088862B661B6BFF34F8FBFF36F8F00DFD1
:1061F00000BF000008ED00E0DFF80C00016841F48A
:10620000700101607047000088ED00E04FF080737E
:1062100040F8043C074B40F80C3C21F001016FF0C2
:10622000020340F8081C40F8202C40F8243C443875
:10623000704700BFA96100080000000000000000D6
:10624000074B19680868B0E8F04F80F30988BFF37E
:106250006F8F4FF0000080F311887047AFF300801C
:10626000E40100204FF0500383F31188BFF36F8FD8
:10627000BFF34F8F0A4A13680133012B13600ED10D
:106280004FF0E023D3F8043DDBB243B14FF05003AD
:1062900083F31188BFF36F8FBFF34F8FFEE7704713
:1062A00024000020084A136843B94FF0500383F3D9
:1062B0001188BFF36F8FBFF34F8FFEE7013B136071
:1062C0000BB983F311887047240000200000000000
:1062D000EFF30980BFF36F8F154B1A681EF0100F94
:1062E00008BF20ED108A20E9F04F10604DF8043D02
:1062F0004FF0500080F31188BFF34F8FBFF36F8FC3
:10630000FFF7C0FD4FF0000080F3118808BC19684A
:106310000868B0E8F04F1EF0100F08BFB0EC108A0C
:1063200080F30988BFF36F8F704700BFAFF3008021
:10633000E401002008B54FF0500383F31188BFF348
:106340006F8FBFF34F8FFFF7E7FB28B14FF0E023CC
:106350004FF08052C3F8042D002383F3118808BD49
:10636000064B4FF47A721B68B3FBF2F34FF0E02256
:10637000013B536107231361704700BF30000020C9
:106380004FF0E02313B5324AD3F8001D914208D1F3
:106390004FF0500383F31188BFF36F8FBFF34F8F1C
:1063A000FEE7D3F8002D2B4B9A4208D14FF0500353
:1063B00083F31188BFF36F8FBFF34F8FFEE7264B38
:1063C0001A78D2B20192FF221A701B78234ADBB2EC
:1063D0008DF803309DF8033003F050031370204A0A
:1063E000072313609DF803101368090626D41B02C7
:1063F00003F4E0631360019B174A4FF0E024DBB223
:106400001370D4F8203D43F47003C4F8203DD4F851
:10641000203D43F07043C4F8203DFFF7A1FF114B2E
:1064200000221A60FFF7E8FED4F8343F43F04043FF
:10643000C4F8343FFFF7D0FEFFF7B6FE013B136010
:106440009DF803305B00DBB28DF80330CAE700BF74
:1064500071C20F4170C20F4100E400E0EC01002066
:10646000E801002024000020EFF305830F2B0ED954
:10647000114A9B5C114A12789A4208D94FF0500396
:1064800083F31188BFF36F8FBFF34F8FFEE74FF099
:10649000E0230B4AD3F80C3D126803F4E063934207
:1064A00008D94FF0500383F31188BFF36F8FBFF308
:1064B0004F8FFEE7704700BFF0E300E0EC010020E3
:1064C000E801002010B5104B1A461B688342FBD32D
:1064D00054681119884201BF41681046091951607A
:1064E000446801198B420CD1084909688B4203D0DA
:1064F00059682144416019680160904218BF1060DA
:1065000010BD1946F8E700BF00020020FC01002082
:106510002DE9F0410446FFF7E9FA4049404D0B6888
:106520000BBB404A56071FBFD01D20F0070002F5E5
:106530000042131A0CBF4FF40043024613443A4E74
:10654000083B23F00703002070603260C3E90000BD
:10655000981AC2E900300B60344B1860344B186055
:106560004FF000432B602E68264252D1002C43D0BE
:1065700004F1080360071CBF23F007030833002B56
:1065800047D02B4F3C689C4243D3274A1568686824
:10659000984204D2D5F800C0BCF1000F15D10968AB
:1065A000A94236D02968D2F800801160C21A102A98
:1065B00012D9E81841070BD04FF0500383F311882C
:1065C000BFF36F8FBFF34F8FFEE72A466546DEE7C6
:1065D00042606B60FFF776FF14496A680868A41A86
:1065E000844246EA02064FF000033C6038BF0C606C
:1065F0006E6008F108042B60FFF726FB63070AD0E2
:106600004FF0500383F31188BFF36F8FBFF34F8FA9
:10661000FEE70024F0E72046BDE8F081FC01002001
:10662000F00100200802002000020020F4010020F8
:10663000F801002010B5044670B3184A50F8043C25
:106640001268134208D14FF0500383F31188BFF34F
:106650006F8FBFF34F8FFEE750F8081C41B14FF02A
:10666000500383F31188BFF36F8FBFF34F8FFEE7A3
:1066700023EA020340F8043CFFF738FA084A54F8CA
:10668000043C1168A4F108000B441360FFF71AFFE3
:10669000BDE81040FFF7D8BA10BD00BFF0010020E0
:1066A000F80100201E4B1B6807B513B11D4A106886
:1066B00098471D481C4D1D4E1D4C06F0BBFA284640
:1066C00006F0BDFA01A9304603F032FD284606F077
:1066D000B1FA019B33B9234669221649164807F0DF
:1066E00013FEECE71A78032A0CD0042A10D0022AF1
:1066F00012D1D3E90212586890470199092000F09D
:106700006FFBDCE7D3E90120904701990820F6E709
:10671000D3E901209047D2E723469B22DDE700BF63
:106720001482002010820020088200200C820020A9
:10673000F9F4000829F5000847F50008F8B5074600
:1067400010480E46154606F055FA28B90E4B0F496B
:106750000F48B52207F0D8FD092000F025FB0446BC
:1067600068B10223C0E901760370C560014605489F
:1067700006F014FA28B12146092000F031FB4FF051
:10678000FF30F8BD0C820020F9F400086FF5000816
:1067900047F5000891F82F3013F0180F14BF024A84
:1067A000024AFFF7CBBF00BF5DCA00085DC000080A
:1067B000F8B5074613480E46154606F01BFA28B9E9
:1067C000114B12491248EE2207F09EFD082000F0FE
:1067D000EBFA044690B10323C0E901760370014649
:1067E00008481DB106F0CEF90020F8BD06F0D6F934
:1067F0000028F9D02146082000F0F2FA4FF0FF30CF
:10680000F3E700BF0C820020F9F400086FF50008E0
:1068100047F5000837B505460C4600F040F8134B25
:1068200013481D60134B06211C6006F09BF930B124
:10683000114B1249124840F2D51207F065FD11487C
:1068400006F0EAF930B10C4B0F490D4840F2D9126D
:1068500007F05AFD032300930C490D484FF4806361
:10686000002206F0EFF903B030BD00BF1482002013
:106870000C82002010820020F9F400087CF500084A
:1068800047F50008088200209FF50008A56600086B
:10689000C0F5000840BA80B2704700BA704708B52A
:1068A00006F0AEF900F00CF800F070FA00F0BBFA58
:1068B00003F08EFC00F010FFBDE8084003F012BCAE
:1068C000124B134A134823F0030310B513604FF41F
:1068D000C8621A6000221A710F4A03F5C86111607C
:1068E0000E4AC3F84026012283F844260C4A13605E
:1068F00006F092F940B1BDE810400A4B0A490B4836
:106900004FF4CC7207F000BD10BD00BF43820020E1
:106910003C82002030820020388200204006400661
:1069200034820020CDF50008FCF5000847F500088A
:106930002DE9F0410446002800F09580830706D039
:106940004A4B4B494B484FF4D67207F0DDFC4A4F97
:106950003B68A34273D8494B1B68A3426FD9484890
:1069600006F068F914F8043CA4F1080533B93F4B6C
:10697000444940484FF4E07207F0C6FC424E002301
:1069800004F8043C3368AB423B6888BF35609D42E5
:1069900006D2364B3D49374840F25D1207F0B4FC51
:1069A000DFF8D880D8F800309D4206D32F4B384905
:1069B00030484FF4AF7207F0A7FC14F8043C33B131
:1069C0002A4B34492B4840F25F1207F09DFC34F803
:1069D000083CB3F5C86F06D9244B2F4925484FF41E
:1069E000B17207F091FC3B6834F8081C5A189542C4
:1069F00010D0107970B9D8F8000082420AD03068FF
:106A000082425A5A24F8082C1A44A5EB030108BF05
:106A10003560518034F8062C99188D420AD00879D7
:106A200040B93068854208BF316034F8081C99527B
:106A30000B445A80BDE8F041114806F000B90B4BF9
:106A400016490C484FF4D77207F05EFC3B68A3422E
:106A500003D80A4B1B68A34281D806F003F9BDE8AE
:106A6000F04106F00BB9BDE8F08100BFCDF500089C
:106A700017F6000847F500083C8200203882002005
:106A8000308200204FF600083482002063F60008B0
:106A90007AF6000894F60008AFF6000838F6000809
:106AA0002DE9F04103314FF6FC740C400B2C0546E8
:106AB00004D9B4F5C86F02D900251DE00C24DFF815
:106AC0000C81D8F80030AB4203D8394B1B68AB427D
:106AD00006D8384B3849394840F2F31207F014FC15
:106AE000D8F80030AB4203D8314A1268AA4206D81F
:106AF00006F0B8F806F0C2F82846BDE8F08135F88F
:106B0000087CA5F10806F61AB6B2083FBF1BBFB253
:106B1000A74228D3F0D02A4806F08CF8D8F80030E5
:106B200035F8081C03EB010C9CF804201ABB25481F
:106B30005F5A06F108022244046891B2644513FAD0
:106B400082F208BF0260002010715F52568025F863
:106B5000081C5A5AB2F5C86F01D01A44518018481F
:106B600006F06DF8C8E7134B1749144840F20622A7
:106B700007F0CAFBA0E704F1140292B2BA42EED8C1
:106B8000104806F1080207681444A2B213FA84F40C
:106B9000A74288BF0460002020719952668025F8C2
:106BA000082C995AB1F5C86F1CBF5B185A80D6E7FC
:106BB00038820020CDF50008D9F6000847F5000816
:106BC0003082002034820020F0F600083C82002051
:106BD0002DE9F04140B103304FF6FC7404400B2C1A
:106BE00004D9B4F5C86F02D900205CE00C24374802
:106BF000374F06F01FF8374B3A681968531A9BB2A3
:106C0000C4F5C8666FF00708B34203D32F4806F0F7
:106C100016F8E9E7CD1831F803C095F804E0BEF1A5
:106C2000000F51D1A8EB03006044A0424CD304F103
:106C30001406B04239D304F10800184486B211FAA0
:106C400080F080F804E021F806C0438001232E8004
:106C50002B718B5BB3F5C86F01D00B445E80AA42E9
:106C60001D4E25D0194805F0EAFF083433682C443E
:106C7000A34206D2194B1A491A4840F2D32207F010
:106C800043FBAB070DD0154B1749164840F2D522F0
:106C900007F03AFB114B1549124840F2D72207F092
:106CA00033FB05F10800BDE8F08101232B71D6E725
:106CB0003368107930B1934201D13B60D2E712883A
:106CC0000A44F6E73A60CDE763469DE7308200204C
:106CD000348200203C82002038820020CDF500085C
:106CE00010F7000847F5000840F700086FF70008A4
:106CF00038B5044605F0B6FFA3681C6805465CB1CC
:106D000022681A60A30706D0054B064906484FF4CF
:106D1000A47207F0F9FA284605F0B0FF204638BD06
:106D200092F70008C2F7000847F5000838B58B074E
:106D300005460C4606D0084B084909484FF4CE7268
:106D400007F0E2FA05F08EFFAB681A6822601C605B
:106D5000BDE8384005F092BF92F70008E5F700085B
:106D600047F500084368816830B500220333448842
:106D70000A6023F00303944200DC30BD0D681D60FF
:106D800005880B6001322B44F5E7000038B5054D4E
:106D90000D24013C55F8040BA4B2FFF7E3FF002CCF
:106DA000F7D138BD781001080C2808B506D8084B73
:106DB00053F82000BDE80840FFF79ABF054B06498D
:106DC000064840F2871207F09FFA002008BD00BF76
:106DD0007810010892F7000805F8000847F5000848
:106DE0000C2806D9064B0749074840F2DB1207F08A
:106DF0008BBA21B1054B53F82000FFF797BF7047BE
:106E000092F7000822F8000847F5000878100108FA
:106E10004368014633B190F82F301B0702D5043187
:106E200004F04EBE7047704773B505460C46B9B1C5
:106E30000B680193019A6B689A420FD02E1D01A92D
:106E4000304601F0CBF901A9304603F085FB04B1CF
:106E500024686C6001212846FFF7DAFF02B070BD9C
:106E6000014B1B68E5E700BFA011010870B506469D
:106E700015461C4609B10B684BB93046FFF7D4FFE5
:106E800005B12D68B56004B12468F46070BD02B12D
:106E90001568B56004B12468F4603046BDE8704000
:106EA000FFF7C2BF2DE9F843DDF8249004460E46F3
:106EB00017469846B9F1000F05D1164B16491748E9
:106EC000FB2207F021FA164A032384F82430089B9A
:106ED000E361137884F832300025591C0A9B117045
:106EE00023612046C4E90155E56084F82F502562EE
:106EF00043463A463146FFF7B9FF2046C84730B906
:106F0000084B1A6822601C602046BDE8F8832C46B6
:106F1000FAE700BF3DF800086EF8000847F50008E2
:106F20007BB9002080B90020014B1860704700BF7A
:106F30007CB9002090F82F20D10708D442F001013D
:106F4000530780F82F1002D50321FFF761BF704768
:106F500090F82F20D10707D522F00101130780F800
:106F60002F1001D504F0E8BC7047000070B570BB6D
:106F70001F4B2049204840F23F2207F0C5F900206E
:106F80000BE02546067B43680EB1032E06D15B1A43
:106F900000F1100293420AD2012070BD013E012E81
:106FA00010D800290BDA4289AA42F5D35B1A436054
:106FB00043892344438103891C440481DFE7002A79
:106FC000F4D1E9E70A4B0D4940F277220CE00029A1
:106FD000D5D08CB2D5DA43896542ADB2AB42D1D2BD
:106FE000034B074940F24722034807F08DF9D3E7E6
:106FF00085F8000807FA000847F50008D3F80008EC
:10700000B5F8000810B505F02DFE084B00221A70E7
:1070100005F034FE064B1C682CB1206F20B100F047
:10702000D5FB0023236710BDE468F5E784B9002091
:107030008CB9002038B50C4D05F014FE2C780123D6
:10704000E4B22B7005F01AFE64B9084822462146C6
:10705000FFF7AEFB30B105F005FE2C70BDE83840FF
:1070600005F00CBE38BD00BF84B9002005700008D3
:1070700070B50428049C0BD8104D285CBDF8145042
:10708000033020F003000E18AE4209D9002070BD75
:107090000B4B0C490C4840F2C51207F035F9F5E7E7
:1070A00000251D6004B1044402201A7301225873A4
:1070B0005C6019815981DA811846E8E748110108B6
:1070C00085F80008E1F8000847F500080022FFF7FE
:1070D0004DBF0122FFF74ABF2DE9F047044650B9E2
:1070E0002C4B2D492D4840F2D22207F00DF92546B0
:1070F0002846BDE8F087037B032B06D9254B28499A
:1071000026484FF4377207F0FFF8DFF88880DFF881
:107110009890DFF888A0002505F0A4FDE3890746D4
:1071200033B9434640F2EB224946504607F0ECF8AB
:10713000E689013EB6B2E681384605F09FFD002E95
:10714000D6D1627B2668237B920711D5236933B998
:10715000104B1449114840F2F92207F0D5F8236981
:10716000204698470135EDB2002EC1D03446D3E712
:10717000032B04D121460C20FFF732FEF2E7013B3E
:10718000012B02D821460B20F6E72046FFF7D0FB63
:10719000E8E700BF85F8000807FA000847F500088F
:1071A00005F9000830F900081AF9000804282DE94B
:1071B000F84F0E46174618D85D4B022A1D5C0DD8B5
:1071C000002A00F098800B20FFF7EEFD0446D8B1AE
:1071D00000234360068146810360A6E0032A0CD0A9
:1071E000544B55494FF4C67203E0524B53494FF488
:1071F0008B72534807F088F806E00C20FFF7D4FDA7
:10720000044628B9FFF716FF00242046BDE8F88F92
:10721000002303604319033525F00305C5F51475F4
:10722000B54203F1130328BF354623F00303077368
:10723000436000F518772B449F420681458106D2B2
:107240003C4B40493E484FF4977207F05DF80123EC
:10725000E3816389DFF8DC80DFF8F0A0DFF8E090FD
:10726000F61AA346002E04DC0123E3810023637396
:10727000CBE70C20FFF798FD054628B9FFF7DAFEAB
:107280002046FFF729FFBFE7032383810023036024
:107290004FF6FE739E42CBF8000006DD43464FF4E6
:1072A000A6725146484607F02FF8B3B2B3F5147FE3
:1072B0002B8128BF4FF414736B8105F110036B60B1
:1072C0009B0706D02049434640F25112484607F03A
:1072D0001BF86289636813449F4206D219494346EA
:1072E00040F25312484607F00FF80123EB816B89F7
:1072F000AB46F61AB6E705F11300CB1C23F00303E7
:1073000020F00300184480B29842FFF47DAFFFF7ED
:107310005FFC044600283FF477AF0544133525F0A1
:107320000305456006814681076027739CE700BF1F
:107330004811010885F80008DEF9000851F9000835
:1073400047F500086CF90008B1F900089DF900083C
:107350002DE9F0470E46044630B9294B29492A4801
:1073600040F2F31206F0D0FF237B032B06D9244B07
:10737000264925484FF4FA7206F0C6FF2789B7421E
:107380003BD9DFF87C80DFF88CA0DFF87C903546B5
:107390006289AA4218D3237B3BBBAA4225D0637BD8
:1073A0009B0722D46168091B2944204689B2FFF754
:1073B00077FB0446C8B9124B1549134840F21D2209
:1073C00006F0A2FF6481FFDEAA1A95B22289F31BA0
:1073D000134423812468002CDAD1434640F20F2263
:1073E0005146484606F090FFD2E720686581258126
:1073F00008B1FFF771FE00232360BDE8F08700BFEE
:1074000085F80008F9F9000847F5000811FA0008A6
:1074100044FA00082CFA000800235A1C08B998B254
:10742000704700681346F8E710B5044688B105F0C8
:1074300019FCE3890133E38105F020FCE38943B9BA
:10744000BDE81040034B0449044840F2393206F0CD
:107450005BBF10BD85F8000860FA000847F500081A
:1074600070B50D46044600B161B9BDE87040144BDB
:10747000144915484FF4537206F046BF29890B444E
:107480002381144622682389002AF7D162899A420F
:107490000FD00B4B0D490C4840F2553206F034FF2B
:1074A000236833B1064B0A49074840F2563206F0CA
:1074B0002BFF2A89238925601344238170BD00BFD7
:1074C00085F8000872FA000847F50008A7FA0008D6
:1074D000D4FA000810B50C46FFF7C2FF2046BDE8FD
:1074E0001040FFF7A1BF00002DE9F84F0C460546FC
:1074F00020B119B102890B899A420AD2364B374919
:107500004FF46F72364806F0FFFE6FF00F00BDE8D3
:10751000F88F4FF0000BDFF8C080DFF8D4A0DFF861
:10752000C0905F466E89638968686168F61BA3EB4B
:107530000B039E42ACBF9EB2B6B2324659443844A9
:1075400007F0C7F837446B89BFB25E44BB421FFAED
:1075500086FB06D2434640F2CD325146484606F0FD
:10756000D3FE63895B4506D21E49434640F2CE32C4
:10757000484606F0C9FE63895B456B899CBF246859
:107580004FF0000BBB4208D12D682DB914B3124B3C
:1075900015494FF47672B5E700277CB162892389DB
:1075A0009A420BD123684BB10B4B40F2DD320F49AD
:1075B0000B4806F0A9FE6FF00500A8E76A892B8941
:1075C0009A4205D12B681BB1034B40F2E232EEE741
:1075D000002CA7D120469AE785F80008E4FA0008B5
:1075E00047F500082BFB000846FB000853FB00088A
:1075F00014FB00082DE9F0410F469046054650B9AE
:10760000194B1A4940F2FE32194806F07DFE002659
:107610003046BDE8F08129BB134B164940F2FF32DA
:10762000F2E76C893BB19C4205D81B1B2D689BB2CD
:10763000002DF6D1ECE7E41AA4B24445696828BFEE
:10764000444622461944B81907F043F826442D68E9
:10765000A8EB0404B6B21FFA84F80023B8F1000FB7
:10766000E6D1D5E70026F9E785F800087DFB00089C
:1076700047F500089CFB000810B5044630B9134BD1
:107680001349144840F24D1206F03EFE237D042BB0
:1076900003D0072B0CD0032B08D1204602F080F931
:1076A00060B905232375204602F0D0F9002010BDF3
:1076B000204602F075F908B90923F3E7431CF6D117
:1076C000A37E43F00803A376F0E700BFBFFB0008EA
:1076D000EEFB000847F500087047000070B505464E
:1076E000038DC16A426A6E8E581AB6F5866F1044D1
:1076F00094BF841BA0F58664002C0FDA531A002B6C
:107700000EDC8C1AB4F5803F06D3074B07490848B6
:107710004FF4427206F0F8FDA3B200206B8570BDF5
:1077200000231846FAE700BFBFFB0008FAFB000879
:1077300047F5000838B5037D012B04460D4606D1F8
:10774000174B1849184840F21F3206F0DDFD238D13
:10775000E91889B2B1F5066F218511D94FF4066396
:1077600023852046FFF7BAFFB0F5067F17DBA37E1F
:1077700043F00203A3762046BDE8384002F066B924
:107780000029EED1237D072BE8D0092BE6D0044B4E
:107790000649054840F22D3206F0B6FDE1E738BD56
:1077A000BFFB000814FC000847F500083AFC00087D
:1077B00010B5044648B1406808B1FFF78DFC21467A
:1077C0000320BDE81040FFF70BBB10BD10B500B99A
:1077D00010BD0468FFF7ECFF2046F8E738B5044613
:1077E0000320FFF7E1FA054660B12346024604F1A3
:1077F000100153F8040B42F8040B8B42F9D168686E
:10780000FFF712FE284638BD38B5037D012B04462C
:1078100019D90A2B17D0406F18B1FFF75DFC002370
:107820006367206FFFF7D2FF00254FF6FF73A06E4E
:1078300023862567FFF7CAFFE06EFFF7C7FFC4E99D
:107840001A55A4F8645038BD2DE9F04FB04DDFF85B
:10785000F4922B68AF4EB04F013385B02B6099F88E
:107860000030013389F8003034684FF000086CB9FB
:10787000AA4FDFF8A4823E68DFF8CC92DFF8A4A21A
:10788000002E40F0888105B0BDE8F08F237D33B92C
:10789000A349A4483B464FF47C7206F035FD237D96
:1078A000012B06D1A0499F483B4640F2F13206F039
:1078B0002BFD237D0A2B06D19C499A483B4640F27A
:1078C000F23206F021FD99F80030627F9A4201D130
:1078D000E468CCE7217D94F842206377022940F0E8
:1078E0008980052A00F2D08094F89500002800F0E5
:1078F00095808F4B034413F8012C94F894309342F5
:107900007AD3204602F006FB00287CD04FF0000B13
:10791000237D062B0BD1A27ED10608D52A68216AC9
:10792000521A282A84BF0BF1010B5FFA8BFB227AD3
:10793000120705D5042B00F0AA80072B00F0A780C2
:107940004FF0000A206F68B12B68226A9A1AB4F9C6
:10795000403003EB4303B2EB430F03D3FFF736FF93
:1079600000232367237D032B40F0BE802B68226A0F
:107970009B1A282B03D8BBF1000F00F0E9802046AA
:10798000D4F88CB0FFF740FF3368B8F1000F00F077
:10799000B380A34206D1604B6649624840F28942F7
:1079A00006F0B2FCE368C8F80C30BAF1000F09D059
:1079B000238B0193E38A0093616AE06C231D2246C6
:1079C00002F0BAF92369D4F80CA0039321460120F0
:1079D000594CFFF705FA00232370BBF1000F07D0C5
:1079E00003986FF00C01D8472378002B7FF43CAF4D
:1079F00054463CE70B2A75E70133DBB2934284F827
:107A0000943083D37DE794F8953084F89400062B66
:107A10003FF67CAF013384F8953077E7B4F9303026
:107A2000002BA4BF01332386E36E002B3FF46EAF1F
:107A3000B4F93000B4F940309842FFF667AF02293C
:107A40000AD0B4F93C10B4F93E3003EBE1033B49F2
:107A50008A5C9340A4F840300023B4F84820238681
:107A6000B4F85C30618EA4F84810934228BF1346E6
:107A70004A005B0892B2934238BF1346A4F84A30DA
:107A8000204602F0B3F941E74FF0010B40E7236ACB
:107A90002968C91AD4F8903003F5242202F6B842B6
:107AA0004FF4FA70B2FBF0F2914206D90BF1010BE0
:107AB0005FFA8BFB4FF0010A44E794F89620DFF859
:107AC0008CC00CFB0233B3FBF0F399427FF638AF66
:107AD000204602F0F5F900287FF432AF94F8963092
:107AE000013384F896302BE7092B7FF444AF2B68E1
:107AF000226A9B1AF02B3DE7A34206D010490948A1
:107B00003B4640F28D4206F0FFFBE36833604CE7F2
:107B100098B900208CB90020BFFB000888B900206C
:107B20005BFC000847F5000885FC0008AFFC000876
:107B300060110108DCFC000887B90020671101080A
:107B400007FD000885B9002031FD0008F824010078
:107B5000E37E227FD4F80CA00133DBB29A42E376B5
:107B600001D9A04644E7DFF8AC80D4F8883084F827
:107B70001BB088F800B01BB9204601F067FFF0E7A2
:107B800020692146984798F80030002B7FF46CAEAE
:107B90000028E6D1F0E7337D0A2B06D0434640F2B9
:107BA000BD424946504606F0AFFB2B68326A9B1A2D
:107BB000F02B02D83446F66862E63046FFF724FE22
:107BC0003B6894B1B34206D10E4B0F490F4840F2C7
:107BD000CB4206F099FBF368E360D6F80CB031466F
:107BE0000120FFF7FDF85E464AE6B34206D0054B9A
:107BF0000749064840F2CF4206F086FBF3683B6037
:107C0000EBE700BFBFFB000860FD000847F5000878
:107C100087FD000887B9002003688B4210B50C4629
:107C20001FD1CB6803600023E3602046FFF7ECFD23
:107C3000237D0A2B1DD1A36E6BBBE36E33B11A4BB0
:107C40001A491B4840F2547206F05EFB236FF3B1F1
:107C5000154B1849164840F2567206F055FB16E0CF
:107C60001346002BDFD0DA68A242F9D1E268DA606D
:107C7000D9E7012B0BD0A37EDA07DCD543F0020352
:107C8000A376204601F0E2FE237D012BD3D1002311
:107C90002375E38210BD044B0749054840F2537237
:107CA00006F032FBC9E700BFBFFB0008C5FD0008B6
:107CB00047F50008DEFD0008ADFD000837B50446B5
:107CC000037D002949D0042B01D0072B45D1636FD8
:107CD0001BB9238DB3F5066F7CD0A37EDB0606D4DB
:107CE0003F4B4049404840F20F1206F00DFB238BFA
:107CF0000193E38A00932246231D616AE06C02F03F
:107D00001BF82046FFF780FD384A1368A34215D1BF
:107D1000E36813600023E360354B01221A70237D72
:107D2000042B13D10A232375324B1A68E2601C60BE
:107D300002F0A2F9002003B030BD1346002BE9D0B9
:107D4000DA68A242F9D1E268DA60E3E72A4B1B68FD
:107D5000A34212D101F0EEFCECE7012B1BD0022B69
:107D60002FD0002B36D1E38A3BB1244A1368A342BB
:107D700009D1E36813600023E36021460120FFF787
:107D80002FF8D7E71346002BF5D0DA68A242F9D1D5
:107D9000E268DA60EFE71A49002051F8042F126810
:107DA0004AB90133042BF8D116482146FFF734FFB6
:107DB00021460220E3E7956FAC4208BF9067D26886
:107DC000EEE70A482146FFF727FF094B012018700C
:107DD0002146D4E7204603B0BDE83040FFF74CBC55
:107DE000BFFB0008F5FD000847F500088CB900202E
:107DF00087B9002088B900209CB9002094B90020E0
:107E00005011010890B90020037D012B1EBF837E15
:107E100043F0100383760121FFF750BF10B50846E9
:107E200014463AB11189FFF785FC2046FFF754F953
:107E3000002010BD002BFBD1BDE81040FFF7E4BFD0
:107E4000F8B5466FD0F88050777B0023044643672F
:107E5000DDB1014632460069A8470546E0B9BB06D8
:107E600011D5238DD4F88060B3F5066F1CBF0133A4
:107E7000238546B1002320691A462146B0470D30BC
:107E800001D16FF00C052846F8BD01462B4632465D
:107E90002846FFF7C3FFE0E70D35F2D066676FF0C5
:107EA0000405F0E72DE9F8431B4D1C4F2B781C4EC1
:107EB00001332B703C684FF000080CB9BDE8F88323
:107EC0002B78627F9A4224D06377A37ED90709D5A5
:107ED00043F00203A376204601F0B8FDA37E23F011
:107EE0000303A376A37E1A0705D523F00803A37620
:107EF0002046FFF7C1FB636FD4F80C903BB12046DE
:107F000086F80080FFF79CFF3378002BD2D14C46D7
:107F1000D3E7E468D1E700BF85B900208CB9002021
:107F200087B9002008B5FFF7BDFF064A1378013373
:107F3000DBB21370DB0703D5BDE80840FFF784BC54
:107F400008BD00BF86B900202DE9F347037D012B52
:107F500004460E4606D1314B3149324840F2DF1219
:107F600006F0D2F9237D0A2B0AD121462E48FFF7CD
:107F700053FE2146012002B0BDE8F047FEF730BFB6
:107F8000D4F84C90D4F824A0D4F88C70D4F8108095
:107F9000E58A002B37D125BB00252E46E06E08B1BF
:107FA000FFF714FCA06E08B1FFF710FC206F08B1BA
:107FB000FFF70CFC46B1238B2246CDE90053514616
:107FC000231D484601F0B8FE21460120FEF708FFB8
:107FD0000FB36FF00C0140463B4602B0BDE8F047DE
:107FE0001847124A1368A34205D1E36813600023BF
:107FF000E360D1E71346002BF9D0DA68A242F9D149
:10800000E268DA60F3E70A482146FFF705FE094B0C
:1080100001221A70C2E702B0BDE8F087BFFB00087A
:108020000EFE000847F5000888B9002094B900202A
:108030008CB9002087B900200121FFF785BF38B532
:108040000446084600B938BD02682368C5689A42EC
:1080500001D1FFF7F1FF2846F4E700000C4B196847
:108060000C4B30B400221D680446104619B968B1A3
:1080700030BCFFF769BF0B7DA34205D10B6AEB1A39
:10808000934224BF1A460846C968EFE730BC7047E0
:108090008CB9002098B90020F8B504460120FEF7FD
:1080A00083FE374D034688BB364A2E681268002A85
:1080B00050D113B11846FFF7BFFF0120FEF774FE41
:1080C000034618BB0920FFF7C9FF0120FEF76CFE2D
:1080D0000346D8B90820FFF7C1FF0120FEF764FE70
:1080E000034698B9284AD5F800C012687F2C20466C
:1080F0001E4628BF7F20002A35D113B11846FFF74E
:108100009BFF0120FEF750FE034608B39822184655
:10811000002106F059FA4FF48662A0F860201B4A4D
:108120008262FF2282720622A0F84020C287184A8B
:1081300002632A680262174A447512784277164A27
:108140008264164AC0F88020154AC0F89020034681
:108150001846F8BD116A711A814234BF01461346B0
:108160000846D268A3E7577D874207D8116AACEB6F
:108170000101B14222BF38460E461346D268BAE723
:1081800098B9002088B900208CB9002060086008E8
:10819000FFFF180285B90020010030041D7E000891
:1081A00000DD6D00034B044A186812681044186023
:1081B000704700BF2800002098B9002010B5044681
:1081C000084603F01FFF30B1C38C23B1283B9BB29C
:1081D0009C4228BF1C46204610BD000038B50D4605
:1081E000044680B1036873B10C4B1968FFF727FF91
:1081F0000B4B20461968FFF722FF25B12B6813B1FE
:10820000084B1B6803B938BD18682168DA688842D2
:1082100004BF296819601346F4E700BF8CB9002039
:1082200094B9002090B90020F8B5C3680546988934
:108230000C46FEF72FFBC20713D4174EE7682B89B5
:1082400030687968228903445B1A9A1A002A0EDA88
:10825000002B0ADD091A89B268682981FFF778F8CE
:1082600003E02046FFF7B2FA00242C60F8BDB8897D
:10827000FEF710FBC30707D5EB6801209F89FEF7C7
:1082800009FBEB6807439F8127682046FFF790FAB8
:10829000002FE9D03C46D1E7B0B900202DE9F14FDD
:1082A000037D032B044606D8814B824982484FF454
:1082B000816206F029F8814B814E1B783168D8061F
:1082C00040F16F81D4E9140C7E4DB4F85C802B68CA
:1082D000471A002F0CDB884203D1ACEB03000028C7
:1082E00006DB9C451AD178480068C089404515D9FD
:1082F0007548B4F85EE00068C089A4F85C0087B2F5
:10830000BE45C4E9141338BFA4F85E0094F8951074
:108310008FBB19B94FF48071A4F89410606C6B4F47
:10832000191A002936DC6A49098879BB626DB4F8EC
:108330005C10114408EB0C02914227D1B4F93020B3
:10834000002A23DB984221D194F84330FF2B1CBF35
:10835000013384F8433094F84330032B11D9B4F837
:108360004820638E13449BB29A4201D2A4F848304D
:10837000DFF844B108E10029D0D0002184F895103D
:10838000CCE7F5D1204601F076FDF1E7002384F833
:108390004330EDE7E26C9A1A002A00F38580A27E52
:1083A0006364510741BF22F00402A276B4F84A2068
:1083B000A4F84820B4F93C10E28F237D02EBE102DF
:1083C000A4F84020032B4FF00002A4F842200FD95C
:1083D000B4F84820B4F84A10638E91429CBF5B43C6
:1083E000B3FBF2F313449BB29A4201D2A4F8483093
:1083F000DFF8E4A0DFF8C0B04AE0DB685868FEF7B9
:108400004CFAE26EB2F80880D26881469089FEF795
:1084100041FA2A6810F00300A8EB020818BF0120F7
:10842000C8448044B8F1000F35DCD4F86C80B4F84F
:108430006290D8F80030D8F80400E366FEF7ECFF4D
:10844000814506D21A4B40F29E425146584605F0ED
:108450005BFFD8F80400FEF7DFFFB4F862303A881B
:108460001B1AA4F86230B8F80830404613443B8029
:10847000FFF79EF9B4F8623053B1E36E43B9A36ECF
:1084800033B90B4B13490C4840F2A64205F03CFFB0
:10849000E36E002BB1D1E36EB3FA83F35B095B4269
:1084A00023860023E37663E7204601F09BFA5FE72B
:1084B0003FFE000871FE000847F50008A5B900203E
:1084C000B0B90020ACB90020C0B90020A8B9002084
:1084D000A6B90020B2FE00088AFE0008DB68D5F8C5
:1084E00000805868FEF7D9F9A16EB1F808A0C968F4
:1084F00081468889FEF7CEF9A8EB0A0810F0030040
:1085000018BF0120A8EB0908A8EB0008B8F1000F7C
:108510003DDB2B68E26C9B1A002B38DCD4F86880BA
:10852000D8F80030A3660BB9A4F86430D8F804007A
:10853000B4F86290FEF770FF814506D2A74BA849B8
:1085400040F2D542584605F0DFFED8F80400FEF7A9
:1085500063FFB4F862303A881B1AA4F86230B8F8A6
:108560000830404613443B80FFF722F9B4F86230EC
:1085700053B1E36E43B9A36E33B9984B99499A4806
:1085800040F2DC4205F0C0FEA36E002BA6D1B4F889
:1085900060303A881344A4F86030636B002B40F0DD
:1085A0003581924F33683888626A002800F01D8355
:1085B000217D062900F21983A2EB030ABAF1010F0B
:1085C00000F15E81C3F10101091A1144002900F391
:1085D0005781DFF82C82D8F80450D14635B97F4B4B
:1085E0008349814840F23C5205F08EFE47F6FE7307
:1085F0009A4506DD794B7F497B4840F23D5205F0B4
:1086000083FED8F80400438953451FFA8AFB80F2A1
:108610002B810389534506DA704B7749724840F243
:108620003F5205F071FED8F804301B89A3EB0B0311
:108630009BB200216A894A45C0F21081C9F100014C
:1086400009B22846FEF742FD30B1644B40F24C526D
:108650006A49654805F058FEB8F808103368626A40
:1086600032600B449B1AA8F80830D8F80C305A60D6
:108670003168626A8B1A002BC0F2B182208D4B1CCC
:108680009B1A1B1A002B00F3AA82914240F0C6816C
:108690005B4DEB68B5F808809889FEF7FBF810F0A1
:1086A000030018BF0120228D08EB00039BB29A4201
:1086B0003B8042D2EB689889FEF7ECF8C2070FD5F1
:1086C000EB68B3F80C804046FEF7E4F800F03E009B
:1086D000FEF7E0F828F47C58EB6840EA080098813F
:1086E000238D2B81EB689889FEF7D4F8830748BF68
:1086F0002B89686844BF03F1FF332B812989FEF77A
:1087000027FEEB68B5F808809889FEF7C3F810F0EB
:10871000030018BF01203268616A08EB00039BB2B6
:108720003B801344228D0A44934206D02B4B35499B
:108730002D4840F27E5205F0E7FD236F002B00F03C
:10874000AE80EB689889FEF7A5F8C00700F1A48019
:10875000D4F8708030683B880344B8F1000F3AD0F9
:10876000D8F80CC0B8F80810DCF804201144591AE5
:10877000002980F2C1809B1A002B2CDDEB68121AB5
:108780002A819889FEF786F8830748BF2B89686895
:1087900044BF03F1FF332B812989FEF7D9FDEB6834
:1087A000B5F808909889FEF775F810F0030018BF27
:1087B0000120326809EB00039BB23B801344D8F8D8
:1087C0000C205268934206D0044B0F49064840F2F1
:1087D000AE5205F099FDC4F8708060E03FFE0008DD
:1087E0008AFE0008B2FE000847F50008A6B900207E
:1087F000D2FE0008E2FE0008F1FE000801FF0008BA
:10880000C4B9002014FF00084BFF0008A26B2968C0
:10881000521A002ABFF6C5AE9E4AB4F93C701588BC
:108820009BB2C7F3CF01EA1A521A10B20028BCBF9C
:108830005B1BC918B4F93E30B8BF08B2A3EBA30361
:1088400017FA82F2034412B29BB2E38703EBE2030E
:10885000A4F840300023A2876363A2E62B816981DC
:10886000A9EB02092D68E5E6CBF1000109B2FEF79C
:108870002DFC00283FF4F0AE874B40F25152E7E662
:108880009B1A002BBEBFA37E43F00203A376EFE644
:1088900003682367FEF78CFF206F0028F8D13A8821
:1088A000336813446362238D934206D27A4B7B492B
:1088B0007B4840F2B95205F027FD238D3A889B1A78
:1088C00023852046FEF70AFF6B681A891AB1754A9C
:1088D000136000236B60EB689889FDF7DBFFC50729
:1088E00004D5714A137843F0200313706A4FDFF800
:1088F000C081DFF8AC917CE0BCF80C00FDF7CAFF4A
:10890000C1071BD5EB689889FDF7C4FF820715D412
:10891000EB680120B3F80C90FDF7BCFFEB6849EA67
:108920000000988180B2B5F80890FDF7B3FF10F011
:10893000030018BF01208144A7F80090D8F80090E8
:108940004046FEF735FFC84604E733609089B5F826
:1089500008A0FDF79FFF636AB5F808B010F00300A8
:1089600018BF01209A445044EB6860629889B4F8BB
:1089700028A0FDF78FFF10F0030018BF0120584416
:10898000824506D23B4640F2DD524146484605F05C
:10899000BBFCEB68B5F808A09889FDF77BFF10F0E9
:1089A0000300238D18BF012050441B1A2385204645
:1089B000FEF794FE69680B8933B13A4B186838B3F7
:1089C000FEF74EFD00236B60EB689889FDF762FFB0
:1089D000C00709D5344A137843F020031370237D70
:1089E000042B04BF072323752B6823672846FEF753
:1089F000DFFE256F25B1EA68616A53688B42A4D017
:108A0000A37ED90706D523F0010343F0020303E058
:108A10001960D7E743F00103A37608E0204600F091
:108A2000E1FF256F35B92148FEF7D8FE206701B078
:108A3000BDE8F08F33684FF0000803F1FF3E03F10B
:108A4000010CE86842689A4217D118482B890289BC
:108A50009A42ECD9FEF7C2FE0028E8D0B8F1000F28
:108A600009D0C8F80000294601B0BDE8F04FFFF773
:108A7000DBBB0D46E5E72067F5E7B8F1000F19D13C
:108A8000991A00293EDA0948FEF7A8FE0028CED040
:108A90002067E8E798B900203FFE000886FF00083D
:108AA00047F50008A0B90020A4B90020C4B90020EF
:108AB000A5FF0008D8F80C104968AEEB01010029A9
:108AC00020DBACEB020100291CDC4E48FEF786FEE1
:108AD00004460028ABD0D8F80C3031685A68B8F892
:108AE000083013445B1A002B07DD891A89B2D8F8C5
:108AF0000400A8F80810FEF72BFCC8F8004029462F
:108B00002046B1E72968A8460029B2D19B1A002B5C
:108B10008DDD8089FDF7BEFEC20788D43948FEF797
:108B20005DFE2860002882D0EB6831685A682B8986
:108B300013445B1A002B05DD891A89B26868298104
:108B4000FEF706FC32683B881344626A9B1A228D4A
:108B50009B1A002B7FF76BAF2B68DB689889FDF7BA
:108B600099FEC30711D52B68DB68B3F80C8040462B
:108B7000FDF790FE00F03E00FDF78CFE2B6828F418
:108B80007C58DB6840EA080098813268218D2B68A8
:108B9000891A626A5868114489B21981FEF7D8FBB4
:108BA0002B681D89DB689889FDF774FE10F00300BF
:108BB00018BF01203268616A2B189BB23B801344B6
:108BC000228D0A4493423FF432AF0F4B0F491048B5
:108BD00040F27A6201B0BDE8F04F05F095BB204647
:108BE00001B0BDE8F04F00F0FDBE991A002906DB88
:108BF00001339B1A228D9B1A002B7FF718AFA37E9F
:108C000003E700BFC4B900203FFE000814FF0008BE
:108C100047F500080B4B0C4918680B885A1C10B517
:108C200092B218B1094C24889C4205D908480A80A0
:108C300000680344187D10BD1B1BDBB20A80C05CBA
:108C4000F9E700BFB8B90020B4B90020BCB90020D2
:108C5000C0B90020F8B5194B1D8806466DB3184CF5
:108C60000023238026E0FFF7D5FF012822D0022829
:108C700008D010B3FFF7CEFF01281ED92388023B8E
:108C80000344EEE7FFF7C6FF042816D1238801331B
:108C9000AB4212DAFFF7BEFF0702FFF7BBFFBFB21E
:108CA00040EA07039BB25A1EB2F5067F28BF4FF475
:108CB000067373862388AB42D5D3F8BDBEB90020B6
:108CC000B4B9002010B50D4B1B78044613F010000A
:108CD00012D0A37EDB0606D4D4F88C301BB12069F9
:108CE0006FF00E01984706482146FEF795FF0120D8
:108CF0002146FEF775F8012010BD00BFA4B9002081
:108D00008CB900202DE9F04FAC4E436885B033603C
:108D10004389132B054640F2CB81DFF8F082D8F867
:108D20000010D8F8140003F0FCFA0446002840F0C4
:108D3000BF81D8F8143003F0F003E02B00F0B881C5
:108D400033689889FDF7A6FD810A01F0FC0113291B
:108D500040F2AE812B898B42C0F0AA816A89DFF88C
:108D6000B092974FDFF8ACA23C60A1F114039BB224
:108D70008A42A9F8003056D349422846AAF8003062
:108D8000FEF7A4F93468DFF890B22088DFF88CA2EF
:108D90008C4FFDF77FFD208034686088FDF77AFDF9
:108DA000608034686068FDF778FD60603468CBF8F7
:108DB0000000A068FDF771FDA0603468CAF80000EB
:108DC000E089FDF767FD3368E0819889FDF762FD72
:108DD0007D4A3C6800F03F03137010F003002B89BC
:108DE00018BF01201844794B4FF000091880002C5F
:108DF00059D1774BDFF8E8911C68002C40F01481C2
:108E0000744BD8F814001A6833689146B9F1000F12
:108E100040F056819889FDF73DFD430700F14881F8
:108E2000336800F06BBC2B682BB96B4B6B496C48FB
:108E3000B22205F069FA6FF013012846FEF746F9F1
:108E40006C89AAF80040614209B22846B9F800A02E
:108E5000FEF73CF92868AAEB040943891FFA89F94F
:108E60004B45C0F02581A4EB0A0143683B608CB2FE
:108E700009B2FEF72BF92B891C446B892C812BB18D
:108E8000554B58495648CF2205F03EFA2B682A899F
:108E90001B899A423FF476AF4F4B53495048D0223A
:108EA00005F032FA6EE7237D2BB94B4B4F494C4806
:108EB000E22205F029FA237D0A2B05D1464B4C49C5
:108EC0004748E32205F020FA237D012B05D1424BD0
:108ED00048494348E42205F017FA3268218B138889
:108EE0009942E36867D1E18A5288914263D161680F
:108EF000D8F8102091425ED12168D8F81420914210
:108F000059D1A34240F0E383334B3B493448EC2230
:108F100005F0FAF9B9F1000F05D0E368C9F80C3093
:108F20003B68E3603C60E368A34205D12A4B3349C8
:108F30002B48F42205F0E8F931492A890A81326880
:108F4000CA60DFF8DC90DFF8DC802E4A4D60002339
:108F50000B60C9F8003088F8003013801A4B1B787A
:108F6000180742BF6B7B43F001036B73636F002BE9
:108F700000F022812046FEF763FF0D3008D0636FBA
:108F8000002B00F01981114B1B88002B00F014817D
:108F9000638D13B9204600F025FD194D1A4B686802
:108FA00000241C60C9F8004010B1FEF795F86C6011
:108FB00005B0BDE8F08FA1461C4618E7C0B90020F7
:108FC000B8B900208CB90020A5B90020A6B90020AE
:108FD00088B9002090B900203FFE0008CAFF0008B1
:108FE00047F50008DAFF0008E6FF00080500010861
:108FF0002C000108560001087D000108A8000108A6
:10900000C4B90020A8B900209CB900201882002013
:10901000BEB90020BCB90020B0B90020ACB9002016
:10902000A0B90020A4B90020237D0A2B05D09A4BBB
:109030009A49FE22484605F067F93368228B198861
:109040008A423BD15988E38A8B4237D16068D8F88D
:109050001010884232D12068D8F8141088422DD1DF
:109060008F490878410723D48E4987070E8812D587
:10907000DBF80010606A081A12D4278DC01B002884
:109080000EDCCDE90032884B31441A1DDAF80000BD
:1090900000F052FE0CE0C00742BF844B1B68236205
:1090A00036B1A37E43F00203A376204600F0CEFC47
:1090B000284605B0BDE8F04FFEF70EB8E4689CE620
:1090C000B9F816C059888C4507D1D9F800108142EB
:1090D00000F00283002900F0FF824C46D9F80C9082
:1090E00094E69307E4D599F81500FEF7D5FF82467C
:1090F00050B9D9F81830002BDAD001464FF0FF32C2
:10910000D9F810009847D3E7D8F8143032680360D4
:10911000D8F810304360B9F81630C382137852780B
:1091200043EA0223038303230375DBF80030013392
:109130004362C362FFF736F8DBF80030CAF8540028
:10914000013BCAF85030D9F81030CAF84C00CAF8C0
:109150004400CAF85800CAF81030CAF8789099F854
:10916000083003F00C038AF808303B68CAF80C306A
:10917000C7F800A000F080FF4D4B012250461A7046
:10918000FFF768FD3368BAF83200DB89AAF85C3073
:109190000AF10401AAF85E30FFF710F81221AAF8CC
:1091A0003200504600F06CFB20B121465046FEF7DD
:1091B000CBFE7DE7504679E7394B3E4D1B782C605E
:1091C00059073FD5217D022923D1E26CDAF800301E
:1091D0009A4209D198F8003043F0080388F800302B
:1091E000A37E23F00103A37698F80030190740F11D
:1091F0000882D4F88C301BB120696FF00D019847BC
:1092000021462D48FEF708FD21460120FDF7E8FD27
:10921000C3E6626ADBF800309A4209D09B1AE3D4B5
:10922000228D9B1A002BDFDCA37E43F00203DAE7DA
:109230000029CFD1184B2149214840F2E72205F0FF
:1092400063F8C7E713F00201A27E07D0207D023841
:10925000012803D942F00202A276C5E7D2065EBF1A
:10926000124A12682262002284F896202046CDE934
:109270000231FFF7EFFC227D023ADDE90231072AD5
:10928000B2D8DFE812F01F00A1000A010E0156015A
:109290000A016F01A50100BF3FFE0008D2000108CE
:1092A000A5B90020A6B900202882002098B9002086
:1092B00087B900209CB900208CB90020FF0001086C
:1092C00047F5000803F01202122A5FD1626CDAF847
:1092D000001001328A4259D1DBF800306264591C17
:1092E00032686162E162013BD28923650423A4F8FC
:1092F0005C20A4F85E202375E118608EFEF75EFF07
:1093000041F21C124300934238BF1346608680002E
:10931000834228BF0346A4F84830B4F8623033B91A
:10932000A04BA149A14840F21A3204F0EDFFB4F875
:109330006230E66E013BA4F86230FEB9A66E36B923
:10934000984B9B49994840F2223204F0DDFF336884
:10935000A3663046FEF72CFAE36E93B94FF6FF731F
:109360002386D4F88430002B3FF45EAF20690022BE
:10937000214698470D307FF457AF0EE63368E36619
:10938000E7E70023238684F84230EAE7DB067FF52F
:109390002BAF3368874ADBF8001010881A880192D7
:1093A0005B880093844B01441A1DDAF8000000F03A
:1093B000C3FC94F84230052B3FF616AF00232386FA
:1093C000204600F013FD0FE7DF0658D5636CDAF88E
:1093D0000000DB43C34243D4E36CC31A002B3FDCE1
:1093E00004232375A36F43B19B6933B96D4B734954
:1093F0006E484FF4547204F087FFA36F1BB92046E8
:10940000FEF71AFEC9E59B69002BF8D020690022FF
:109410002146984718B10D303FF4BFADEFE7204625
:10942000FEF73CFF664A13880BB1013B1380628E46
:1094300041F21C1153008B4238BF0B4692009342FD
:1094400028BF1346A4F8483098F800309E067FF5F0
:10945000CBAEA37E43F00203A37607232375C3E6B6
:109460003368544ADBF8001016881A8801925B882A
:109470000093514B31441A1D00F05EFCB4E6002904
:109480003FF4B2AE636ADBF80020013B93427FF405
:10949000ABAE204600F0C6FCA6E62046FEF7FEFE78
:1094A000D2E72046FEF7FAFE98F8003098062FD54E
:1094B000444AA37E1278D10643F0020325D5E16C1D
:1094C000DAF80020914220D1A26EF2B9A3762046AC
:1094D000FEF79AF93B689C4209D1E3683B6008E0DB
:1094E000DA68944202D1E268DA6002E01346002BA7
:1094F000F6D1354B01221A700A232375334B1A68B3
:10950000E2601C6000F0B8FD6EE6A3760823A5E7D4
:109510002C4B1B78DA067FF567AEE26CDAF8003088
:109520009A427FF461AEA36E002B7FF45DAE0623FA
:1095300094E72046FEF7B2FE98F800309B067FF5D0
:1095400053AEA37E43F00203A3762046FEF75CF9F8
:109550003B689C42C1D0002BCBD0DA689442C2D089
:109560001346F8E72046FEF799FE164B1B78DE06F9
:109570007FF53AAEE26CDAF800309A427FF434AE0E
:10958000A36E002B7FF430AE2046FEF73DF93B681A
:109590009C42A2D0002BACD0DA689442A3D01346F0
:1095A000F8E700BF3FFE00081F01010847F500086B
:1095B00035010108A6B900202882002048010108D1
:1095C000A8B90020A5B9002087B9002088B90020DB
:1095D0002046FEF763FE4F4B1B78D8067FF504AE9E
:1095E000E16CDAF8002098F8003091427FF4FCAD8D
:1095F000A26E002A7FF4F8AD43F0100388F8003023
:10960000F2E5454B1A8822B1E36FF3B9424A0023D1
:1096100013802046FFF756FB00287FF4BEACD9F834
:10962000003033B3636F33B13C4B3D493D484FF499
:10963000D27204F069FEA37ED9F8002013F0100363
:1096400009D01046FDF748FDD9E620692146984724
:109650000D30DBD1A1E4D4F8806006B32069214647
:10966000B04710F10D0F3FF498AC10B1D9F80030AD
:10967000636798F800309A0605D5636FABB15A7BE3
:1096800042F020025A73002320462B60FFF71AFB9A
:1096900000287FF482AC204600F0D8F97DE4334600
:1096A00021463046FEF7BAFBDBE7238DD4F8806015
:1096B000B3F5066F1CBF01332385002EE3D00023D2
:1096C00020691A462146B0470D30DCD165E4B9F176
:1096D000000F7FF422AC2FE43CB1D9F80C10E1600C
:1096E000C9F80C20104AC2F800900A4A12785107B3
:1096F0003FF5DEAC12F010043FF4F3AC0B4ADBF89C
:10970000001010881A8801925B880093084B01446E
:109710001A1DBBE4A5B90020A8B900203FFE00082F
:109720006601010847F5000890B90020A6B900209D
:1097300028820020024A137843F010031370704708
:10974000A4B900202DE9F047804603209DF8206051
:109750000F4615469A46FDF727FB4FEA86095FFA42
:1097600089F9044630B93846FDF7B6FC0024204696
:10977000BDE8F08700238672C0E900373B894B457E
:1097800005D21E4B1E491F48BA2204F0BDFD3B897D
:10979000A3EB0903384623811421FDF797FC074604
:1097A00018B12046FEF704F8E0E76368B8F8160041
:1097B000D3F80490C4F80C90FDF76CF8A9F80000F9
:1097C000B8F81800D4F80C90FDF764F8A9F8020076
:1097D0005046D4F80C80FDF760F80536F6B2C8F8AC
:1097E000040045EA063080B2D4F80C80FDF752F848
:1097F000E368A8F80C009F74DF74B8E780010108E3
:10980000C701010847F500081431F8B589B20546CB
:10981000174601200022FDF7C9FC064640B34389E4
:10982000132B05D8134B14491448722204F06CFD15
:10983000E88A7468FDF72EF82080288BFDF72AF857
:1098400067606080686AFDF728F8A06045F2100044
:10985000FDF720F8A081688DFDF71CF80023237424
:109860006374A374E3746A8D6B6AE0811344EB62E2
:109870003046F8BD80010108DC01010847F5000809
:109880002DE9F74311F0030804460E4606D13D4B7F
:109890003D493E4840F21A3204F036FDB4F86230D9
:1098A000082B0AD9F10708D4A37E43F08003A376DE
:1098B0004FF0FF3003B0BDE8F083C6F3400700224D
:1098C0004FEA870949461046FDF770FC0546002817
:1098D000EAD043894B4506D22A4B2D492B484FF4F9
:1098E000507204F011FD00972946A36D32462046C0
:1098F000FFF728FF05460028D6D0C3689A0706D090
:10990000204B2449214840F2493204F0FDFC2B89C8
:1099100033B11C4B20491D4840F24A3204F0F4FC9C
:10992000A36EDBB9A5660023A4F86430B8F1000F7C
:1099300008D0A36D0133A365F30742BFA37E43F0B4
:109940002003A3766868FDF767FDB4F86230184419
:1099500080B2A4F8620038B90020ABE71A461B6851
:10996000002BFBD11560DEE7E36E002BF4D1A36E74
:10997000002BF1D1034B094904484FF45B7204F00A
:10998000C3FCE9E7800101080A02010847F5000865
:109990005F02010898020108B0020108DA0201081A
:1099A000F8B5846E05464CB127462468002CFBD1DF
:1099B000FB689889FCF76EFF430705D02846012114
:1099C000BDE8F840FFF75CBFFB6801209E89FCF70B
:1099D00061FFFB6806439E81AB7E43F02003AB76BC
:1099E0002046F8BD7FB50446C06CFCF756FF002149
:1099F00002462046FFF708FF064640B9A37E6FF0F7
:109A0000010543F003032846A37604B070BD251D6D
:109A1000284602F0F7FA98B1062302900193637A80
:109A200000932A46A37A2146304602F069FC054697
:109A30003046FDF751FBA37E2DB143F00303E2E76F
:109A40006FF00305F4E703F0FC03DCE72DE9F04FCA
:109A5000037D012B85B0044606D1A44BA449A5483B
:109A60004FF47B7204F050FCA34B1B68A34252D00E
:109A7000B4F85C30B4F84870A56E9F4228BF1F460A
:109A8000A37E990710D52DB9204605B0BDE8F04F4B
:109A9000FFF7A8BFEB685868FCF7FFFE2B89626CE4
:109AA0009B1A0344BB42EFD8E66E26B133463668B4
:109AB000002EFBD11E4604F10409484602F0A2FA2A
:109AC0008046002800F0358123680BB94368236085
:109AD000CDB1EB685868FCF7E0FE2B89626C9B1AED
:109AE0000344BB4267D9002F65D0B4F85C30BB4259
:109AF00061D1E36E002B5ED194F895301BB94FF421
:109B00008073A4F89430A36E0BB9A4F86430A37EDC
:109B100003F07F03A3760020E4E02B68A366237D97
:109B2000022B1EBFA37E23F00303A376EB685868C5
:109B3000FCF7B3FEEB68B5F808A083469889FCF7FC
:109B4000A9FE10F003030BEB0A0218BF0123134414
:109B5000E26CB5F808A0D21A002AEA68B8BFE3643C
:109B60009089FCF797FE00F003005AEA000000F02D
:109B7000DC8000232B60E36E13B9E5662E4619E006
:109B8000EB685868FCF789FEF26882465068FCF77B
:109B900084FEAAEB0003002B80F2C58004F16C0A5E
:109BA000DAF80020002A40F0AD80DAF800202A60C0
:109BB000CAF80050A56E002DA5D0EB685868FCF7D8
:109BC0006CFE2B89626C9B1A0344BB429BD8EB68EA
:109BD0009889FCF75FFE420706D5444B4749454844
:109BE00040F2454204F090FBE36EB3B1A27E12F066
:109BF000440F12D1A36E2BB1196871B91989638E04
:109C000099420AD2B4F860303BB1B4F86230082B04
:109C100003D812F0A00F3FF476AF237D022B09D0BA
:109C2000EB681020B3F80CA0FCF734FEEA684AEAAF
:109C3000000393816A68D5F80CA0D289012A7FF4C9
:109C40006CAF606AFCF729FECAF80800608DD5F891
:109C50000CA0FCF71FFE628D636AAAF80E00134485
:109C6000E362AB7ADB070CD549464FF40670D5F8B2
:109C70000CA0FEF7A3FA40F00170FCF70EFECAF844
:109C80001400B4F93030002BBCBF00232386636B73
:109C90003BB91B4AEB68126862635868FCF7FDFD2C
:109CA000A0636868EA68436841894260D31A9BB23E
:109CB000C91A41810189CB1A03810023137453749B
:109CC0000623CDF808800193637A0093A37A4A466D
:109CD000214602F015FB00283FF41FAFA37E63F07E
:109CE0007F03A37605B0BDE8F08F00BF80010108B7
:109CF0000203010847F500089CB900202803010869
:109D000098B90020D2685068FCF7C7FDE96883461F
:109D10004868FCF7C2FDABEB0002002ABFF645AF76
:109D2000DAF800A03CE7356028E72846FDF740FD5B
:109D300040E76FF00300D5E72DE9F04F85B081468D
:109D40000E469046142100220120BDF838B0BDF81F
:109D50003CA01F46FDF72AFA054600283CD043895F
:109D6000132B06D81E4B1F491F4840F24C5204F0DB
:109D7000CBFA58466C68FCF78DFD20805046FCF706
:109D800089FD60804846FCF788FD60603046FCF73E
:109D900084FDA06045F21400FCF77CFD082300263A
:109DA000A3736023A081E37326746674A674E674BB
:109DB000384602F027F948B10623CDE90063029046
:109DC000FF233A464146284602F09AFA284605B053
:109DD000BDE8F04FFDF780B905B0BDE8F08F00BFDA
:109DE00080010108DC01010847F50008C26E10B4CB
:109DF000AAB1134619461B68002BFBD1846E0C6078
:109E0000C0E91A2390F84230FF2B1CBF013380F8C1
:109E1000423000235DF8044B4363FFF717BE5DF843
:109E2000044B7047F8B5C56E0446ADB12B68C366E8
:109E300000F16806336883B933682B6035602B689E
:109E40000BB9A4F8643094F84230FF2B1CBF0133E7
:109E500084F8423000236363F8BDDB685868FCF780
:109E60001CFDEB6807465868FCF717FD3F1A002FEA
:109E7000E2DA3668DEE738B5C36E0446FBB1857EAC
:109E800015F004051BD1FFF7CDFFB4F85C10B4F852
:109E900048302586994228BF1946638E5800B0EB9A
:109EA000510F4FEA6102034488BF02461344A4F8ED
:109EB0004830A37EA4F84A2043F00403A37638BDBB
:109EC0007FB50446C06C0138FCF7E7FC0021024670
:109ED0002046FFF799FC0546C8B1261D304602F022
:109EE00091F888B100230622CDE900320290A37ACE
:109EF00021463246284602F003FA04462846FDF77A
:109F0000EBF8204604B070BD6FF00304F6E74FF0A5
:109F1000FF34F6E72DE9FF41C46E064614B9846E9E
:109F2000002C42D0E3689889FCF7B4FC10F00105DE
:109F300018BF2589E3681CBFB5FA85F56D095A6815
:109F400085F001013046FFF75FFC074600283ED050
:109F5000D0F804806DB3B8F80C501120FCF79AFCCF
:109F600025F47C55ADB20543A8F80C50E368586859
:109F7000FCF793FCF36C01301B1A002B06F1040470
:109F8000B8BFF064204602F03DF8E8B10023062295
:109F9000CDE9003202902246B37A3146384602F0CB
:109FA000AFF904463846FDF797F8204604B0BDE8FF
:109FB000F0816068228903899B1A9BB2012208F113
:109FC0001401FDF717FBD1E76FF00304EAE74FF048
:109FD000FF34EAE72DE9F04106460A208846174695
:109FE000FCF7E2FE044638B9BDE8F0411D4B1E49BE
:109FF0001E48D42204F088B903F02EF81C4A1D4BE9
:10A0000015685DB918602B4600213344C4E9028706
:10A01000216063602DB91460BDE8F0811B68C31A2C
:10A02000F2E76B68B3420ED99B1B6B602560F2E7C9
:10A030005A68914208D2D21B02445A600EE06A6804
:10A04000324462600AE02B46586867689C461B6889
:10A05000391A6160002BEBD1B142F0D82360CCF803
:10A060000040D9E73F0301087303010847F50008E2
:10A07000DCB90020D8B90020084B1A6862B9084A38
:10A08000126812B9074A126832B101221A600649F1
:10A090000022FA20FFF79EBF704700BFD4B900200E
:10A0A0008CB9002088B90020ADA0000808B5FDF7E4
:10A0B00039FF084B1B6813B9074B1B6833B1BDE868
:10A0C000084006490022FA20FFF784BF044A1360C3
:10A0D00008BD00BF8CB9002088B90020ADA00008E1
:10A0E000D4B9002070B5084D084E012455F8080F6A
:10A0F00031462A460134FFF76DFF052CF6D102F0F8
:10A10000ABFF034B186070BD7411010815A1000866
:10A11000D8B9002010B50446436898472068034921
:10A120002246BDE81040FFF755BF00BF15A100084B
:10A130002DE9F84F234C244F05460E4622682AB9D4
:10A1400031462846BDE8F84F02F032BD02F084FFE8
:10A1500023683A685B68811A994205D81A44121A32
:10A1600027D12368002BE9D002F076FF3B68DFF8A7
:10A170005C80A0EB030B21680029DFD04B685B45B6
:10A18000DCD83A68D1E9029A1A44ABEB030B0A20F7
:10A190000B683A602360FCF723FEB9F1000FEAD0A8
:10A1A000404602F047FD5046C847404602F047FD92
:10A1B000E1E73146284602F0FBFC0130D1D0BDE892
:10A1C000F88F00BFDCB90020D8B900200882002039
:10A1D000704700002DE9F04F4389072B85B00446F6
:10A1E000894605D8204605B0BDE8F04FFCF774BF9E
:10A1F0003C4E456831687069DFF8FCA002F091F8C8
:10A2000003902888FCF746FB80466888FCF742FBF1
:10A21000DAF800E0D6E904B1002584467346284602
:10A220002BB90DBBD9F804308B421DD0DAE75A8A1E
:10A2300062452BD1039F1A6827B332B14F1C04D05B
:10A24000D9F808704A403A4220D11A7C520702D409
:10A25000002D08BF1D469A8A424517D15A680AB197
:10A260005A4513D1A8B91D466FF007012046FCF7E7
:10A270002DFFA8B11C4B1D491D4840F2551204F09A
:10A2800043F8AFE7002AE0D08A42DED01846DB6808
:10A29000C6E7DA68C260CAF80030C3F80CE0E2E74B
:10A2A00065B1AE69002E9DD0CDF80080114BE869F4
:10A2B00022462946B04705B0BDE8F08F039B002B2E
:10A2C00090D1736903F0F003E02B8BD0B189083192
:10A2D00009B22046FCF7FDFE0321204601F08AFE6C
:10A2E00080E700BF18820020B0030108DF030108E7
:10A2F00047F5000828820020E0B90020294B2DE90D
:10A30000F041002914BF0F461F46002847D0264EB3
:10A310003468214661B98AB1D7F800C02346002BC2
:10A3200030D13B6803604282002935D0002025E00F
:10A33000814201D0C968EDE70121ECE7DFF86CC08C
:10A34000BCF800304FF480424FF6FF7E73451ABFD1
:10A3500001339BB24FF4404325460DB91A4607E03E
:10A36000B5F8128098450BD1013A92B2002AEDD18E
:10A37000ACF80030002AD4D16FF00700BDE8F081BE
:10A38000ED68EAE7834205D05D8A954202D11D68F7
:10A390006545F1D0DB68C2E7C4603060C6E76FF0A6
:10A3A0000500EBE7A0110108E0B900202C00002017
:10A3B0002DE9F0430F4685B09046994606460028A1
:10A3C00050D0002A4ED0428A002A33D00821384685
:10A3D000FCF77CFE002837D13D466B89072B06D859
:10A3E000234B2449244840F2DB2203F08DFF708A7E
:10A3F0006C68FCF74FFA20804846FCF74BFA0023C4
:10A400006080A371E3712889FCF744FA0C9BA0805B
:10A41000029311230193737A0093B37A0D99424604
:10A42000284601F0F3FEBD42044609D02846FCF759
:10A4300053FE05E00146FFF761FF04460028C5D042
:10A44000204605B0BDE8F083002208210120FCF77A
:10A45000ADFE054648B13B89002BBED03946FDF71D
:10A4600039F8BAE76FF00504EAE74FF0FF34E7E7A1
:10A47000B0030108F303010847F5000873B5069C13
:10A4800090B18AB105681DB105F0F006E02E06D145
:10A49000251DCDE90045FFF78BFF02B070BD666852
:10A4A000B54204D10546F4E76FF00500F5E76FF01B
:10A4B0000300F2E770B50D4616460446E0B1D9B187
:10A4C000428A6AB12B680E4A6360237C1168A682B7
:10A4D00043F0040323740B4643B9E160146007E0C2
:10A4E0000146FFF70BFF0028ECD070BDA34201D15D
:10A4F0000020FAE7DB68EFE76FF00500F5E700BF43
:10A50000E0B90020C0E90612704700000A4A13684B
:10A510008342014604D1C36813600020FCF760BC8D
:10A52000002BFAD01A46DB68002BF6D08B42F9D10B
:10A53000CB68D360F1E700BFE0B9002010B5002080
:10A54000FCF732FC044628B12022002104F03CF83C
:10A55000FF23A372204610BD10B538B103682BB19C
:10A5600021B10B6813B1064B1B6803B910BD1C6801
:10A570000268944204BF0A681A60DB68F5E700BF0E
:10A58000E0B90020437A8B421FBF002341728372DF
:10A59000C382704738B5838A0233442B04460D4684
:10A5A00006D90A4B0A490B4840F2825203F0ACFE2E
:10A5B000A38A2269D118280A81F8F000991C013376
:10A5C00012FA83F3A18283F8F05038BD2104010808
:10A5D0005604010847F5000870B51546828AAB1C81
:10A5E00052FA83F3442B04460E4606D9094B0A4916
:10A5F0000A484FF4AE6203F087FEA38A2269D1189D
:10A6000081F8F060991C013312FA83F3A18283F878
:10A61000F05070BD210401089704010847F50008B7
:10A6200038B5838A432B04460D4606D9074B0849A3
:10A63000084840F27B5203F067FEA28A2369134464
:10A64000511CA18283F8F05038BD00BF21040108DD
:10A65000DF04010847F5000810B5044640B9BDE81D
:10A660001040164B1649174840F2827203F04CBE58
:10A67000036933B9114B1449124840F2837203F055
:10A6800043FEA38A432B06D90C4B10490D4840F2D8
:10A69000847203F039FEA38A2269591C1344A182F3
:10A6A000FF2183F8F0100021A38A432B00D910BDAD
:10A6B000581C1344A08283F8F010F5E72104010828
:10A6C0001A05010847F500083C050108680501085E
:10A6D00038B5838A0433442B05460C4606D9104B03
:10A6E0001049114840F28A5203F00EFEAB8A2A69E3
:10A6F000D118200E81F8F000591C12FA81F1200CBB
:10A7000081F8F000991C12FA81F1200A81F8F0001A
:10A71000191D033312FA83F3A98283F8F04038BD80
:10A7200021040108A705010847F500082DE9F041BB
:10A730000D469046064650B95E4B5F495F4840F271
:10A740001D7203F0E1FD6FF00F00BDE8F08149B923
:10A75000584B5B49594840F21E7203F0D5FD6FF02B
:10A760000500F2E7CB6833B1524B5649534840F2EB
:10A770001F7203F0C9FD2B6933B14E4B52494F484C
:10A780004FF4E46203F0C0FD00224FF49A711046CA
:10A79000FCF70CFDE860002800F089804389B3F5E0
:10A7A0009A7F06D2434B4949444840F2277203F04E
:10A7B000ABFDB8F1030F02D16B7A032B07D1AB7A53
:10A7C000434C13B903F0A0FC206023682B60EB68B6
:10A7D0005C682C61012323706370002796F8283091
:10A7E000A370E7702868FCF758F84FF4C8736060EE
:10A7F00023FA08F32C69DB0727726772A772E772E6
:10A8000027736773A773E77306D4B8F1030F05D1F5
:10A810006B7A043B012B01D87368E3602246002366
:10A8200023746374A374E37423756375A375E3756C
:10A8300023766376A37602F81B3F293616F8010CBF
:10A8400099B2884231D9052B2FD8F15C02F8011F4B
:10A850000133102BF4D14022002104F12C0003F02D
:10A86000B3FE8022002104F16C0003F0ADFE6FF016
:10A870007D0184F8ED1063220023532184F8EC203D
:10A8800084F8EE1004F8EF2FAB8204F8013F013397
:10A89000442BFAD1012235212846FFF79DFE284698
:10A8A0004146FFF7BDFE00204FE70021CEE74FF005
:10A8B000FF304AE721040108E705010847F50008D1
:10A8C0000606010824060108490601087006010869
:10A8D000E4B9002010B5044640B9BDE81040104B63
:10A8E0001049114840F26D7203F00EBDC36833B9D0
:10A8F0000B4B0E490C4840F26E7203F005FD2369C4
:10A9000033B9074B0A49084840F26F7203F0FCFC68
:10A91000E06808B1FCF7E0FB0023C4E9033310BD95
:10A9200021040108B006010847F50008CE06010819
:10A93000F306010873B5046A00230646A3620621E4
:10A940002046FFF71FFE012221463046FFF7EEFEAC
:10A95000054678BB022239212046FFF73DFEF18CE7
:10A960002046FFF717FE032237212046FFF734FE6B
:10A9700001212046FFF754FE03212046FFF750FE39
:10A980001C212046FFF74CFE2046FFF765FEA18AFA
:10A99000E068F03189B2FCF7DBFC134B1348144A32
:10A9A000CDE900634323E1680068FFF701FD20461D
:10A9B000FFF790FFA37AFF2B1CBF0133A372A27A8B
:10A9C000052A9DBF4FF47A7393409BB24EF66023E5
:10A9D0004FF4FA72284603F2F3139BB2B3FBF2F37F
:10A9E000E38202B070BD00BFA0110108ECB90020E5
:10A9F0009C11010838B5046A054608212046FFF776
:10AA0000C1FD002204F12801284601F0EFF8A37AE5
:10AA1000FF2B1CBF0133A3720123E38238BD00006A
:10AA200013B5044648B93D4B3D4940F2FE323D481E
:10AA300002B0BDE8104003F067BC006A20B9374B94
:10AA400039494FF48062F2E700230384436B5A1CB8
:10AA500006D01E33B3F5701F3FD34FF6FF73438408
:10AA6000836B591C0BD01E33B3F5701F3CD23B2BAC
:10AA70003DD93C22B3FBF2F39BB203838383C36BC8
:10AA80005A1C0BD01E33B3F5701F32D23B2B33D977
:10AA90003C22B3FBF2F39BB24383C383438B028B11
:10AAA0009A4202D30BB100230383C37A33B3C36A40
:10AAB000026B0093019222B9826A134043F08073C3
:10AAC00001930A21FFF75EFD6A4600F1280101AB00
:10AAD0002046FCF7CBF902B010BD3B2B8ABF3C22CD
:10AAE0000123B3FBF2F3BAE74FF6FF73C5E7012387
:10AAF000C3E74FF6FF73CFE70123CDE790F9282096
:10AB000090F82830002A06DABF2B4FF6FF7388BF73
:10AB10006FF07F43CCE7FF23CAE700BF21040108A1
:10AB20001A07010847F500083307010838B5154D25
:10AB30002B78F3B9144C23682BB1144B14491548E6
:10AB4000D92203F0E1FBFFF7F9FC2060B0B1027AF3
:10AB5000114942F0200202724422FFF7CFFB0E4956
:10AB600020684322FFF7A6FC0C4920680022FFF76B
:10AB7000C9FC2B7801332B70002038BD4FF0FF301B
:10AB8000FBE700BFE8B90020ECB900202104010870
:10AB90004B07010847F50008A011010805AE0008A1
:10ABA00038B50A4D2B782BB9094B0A490A48F322CC
:10ABB00003F0AAFB2C78013CE4B22C7024B9074DB9
:10ABC0002868FFF7A3FC2C6038BD00BFE8B900205F
:10ABD000210401087007010847F50008ECB90020BE
:10ABE00037B5046A032105462046FFF7CBFC0A4629
:10ABF00028462146FFF79AFD00283AD10222392142
:10AC00002046FFF7E9FC4FF410712046FFF7C2FC25
:10AC1000042232212046FFF7DFFCA06AFBF73DFE4D
:10AC200001462046FFF754FD032237212046FFF757
:10AC3000D3FC01212046FFF7F3FC03212046FFF758
:10AC4000EFFC1C212046FFF7EBFC2046FFF704FD3C
:10AC5000A18AE068F03189B2FCF77AFB12480095CE
:10AC6000124AE16800684323FFF708FC2046FFF71B
:10AC700031FEA37AFF2B1CBF0133A372A37A092BE9
:10AC80009FBFC3EB431203EB8203DB009BB288BF81
:10AC900042F210734FF4FA7203F2F3139BB2B3FB58
:10ACA000F2F3E38203B030BDECB900209C1101083F
:10ACB00038B5184D0023C0E90B33EB78044613B1C7
:10ACC000154BDB6843632B79DBB1134B1B69A36323
:10ACD0006B79CBB1104B5B69E36363681B69A3625B
:10ACE000AB792BB10C4B9869FBF7D7FD0123E062E0
:10ACF000E372EB7923B1084BD869FBF7CEFD2063F3
:10AD000038BD636B5B08E2E7636BC3EBC303DB082F
:10AD1000E2E700BFF0B90020F8B9002037B5046AB7
:10AD2000054601212046FFF72DFC03222146284637
:10AD3000FFF7FCFC002847D1022239212046FFF70B
:10AD40004BFCE98C2046FFF725FC042232212046EB
:10AD5000FFF742FCA06AFBF7A0FD01462046FFF783
:10AD6000B7FC042236212046FFF736FC606AFBF769
:10AD700094FD01462046FFF7ABFC03223721204615
:10AD8000FFF72AFC01212046FFF74AFC0321204659
:10AD9000FFF746FC1C212046FFF742FC2046FFF748
:10ADA0005BFCA18AE068F03189B2FCF7D1FA124B62
:10ADB0001248134ACDE900534323E1680068FFF7C6
:10ADC000F7FA2046FFF786FDA37AFF2B1CBF01335D
:10ADD000A372A27A052A9DBF4FF47A7393409BB267
:10ADE0004EF660234FF4FA7203F2F3139BB2B3FBF7
:10ADF000F2F3E38203B030BDA0110108ECB90020EA
:10AE00009C1101082DE9F04FAC4B5F6887B0D7F873
:10AE100020900092B9F1000F75D099F8083054686D
:10AE2000002B6DD0D9F8043033B1A54BA549A64805
:10AE30004FF4D56203F068FA009B5B892B2B5FD936
:10AE40002378022B5CD13A4604F11B0112F8280F3B
:10AE50000023DDB2A84201D9062B49D16068FBF777
:10AE60001CFDD9F8003098424AD1984A002313605B
:10AE70005360009A52892B2A42D9009A0193526852
:10AE8000C9F80420009AB2F808B04FF0F00ADDF8D3
:10AE90000080B8F1000F33D0B8F80A309A4538D2A4
:10AEA000D8F80430029355465D4580F09780029BA8
:10AEB0005C5DFF2C00F09280AB1C9BB2B8F80A20BE
:10AEC00003936B1C9BB29A422ED9029B2B445B7856
:10AED0003B2C09D8322C2ED8012C00F0A180032C59
:10AEE00000F0A580002C3FD04FF0FF36002440E05A
:10AEF00012F8016F11F8015FAE4203F10103A8D00F
:10AF00000023C9F80430009807B0BDE8F04FFCF703
:10AF1000E3B8AAEB0302ABEB0303D8F800801FFAF7
:10AF200082FA1FFA83FBB4E7D8F80030002BCFD0A9
:10AF30005B681B78CCE7333C082CD5D801A252F8CB
:10AF400024F000BF43B000084FB000086DB0000807
:10AF500079B00008E9AE0008E9AE0008E9AE0008E3
:10AF600085B0000891B00008013DADB223464FF016
:10AF7000FF36023513FA85F5ADB20CB30023072E68
:10AF8000059306D94E4B52494F4840F2366203F0C2
:10AF9000BBF94E4B9B5D9BB9039B224605A94046DE
:10AFA000FCF728FB8442ABD1042C40F0A380059829
:10AFB000FBF773FC454A01239355464B43F82600A3
:10AFC000B8F80A309D42FFF46FAFED1AABEB030304
:10AFD000ADB21FFA83FB5D45C0F08F803B4B1A7802
:10AFE000002A40F09880019A002A40F09C805A780C
:10AFF000002A85D037490A79052A40F0B08099F8AF
:10B000000930012B40F0A080386AFFF751FE97F815
:10B010002F301B07384640F19F80FFF7EBFC6FE7AE
:10B02000042B3BD0264B40F2F6522B4905E0032B74
:10B0300037D8234B294940F2FB52234803F064F9E7
:10B040005EE7042B30D01E4B40F20962EDE7012B86
:10B0500004D01B4B40F217622149EEE7BAF1F00F22
:10B0600025D0174B1F4940F21962E6E7012B3BD070
:10B07000134B40F21D62EFE7042B1BD0104B40F244
:10B080002162D2E7042B2FD00D4B40F22562CCE792
:10B09000042B2CD00A4B40F22962C6E71C46062638
:10B0A00067E70726042464E71C46032661E71C467D
:10B0B00000265EE71C4602265BE700BF18820020E0
:10B0C000210401089407010847F50008F0B90020A1
:10B0D000E2070108F8B90020A7070108B007010836
:10B0E000C2070108CB0701081C461E4641E71C4663
:10B0F00005263EE79DF814005CE7D8F80080B8F11B
:10B10000000F04D12F4B304940F2546295E7D8F834
:10B1100004300293C8E62D4A12680021012A1970F2
:10B120000DD0022A06D1002301934FF06C0B4FF093
:10B130002C0AACE6032A7FF456AF012301934FF0AB
:10B14000EC0B4FF06C0AA2E6033B022B3FF6D8AEA5
:10B15000386AFFF7ADFD3846FFF762FCD0E6062AF5
:10B1600015D199F80930DA1E022A02D9012B7FF491
:10B17000C7AE386A0C21FFF705FA154B38461A4658
:10B180001946FBF773FE3846FFF7D4FBB8E6022AF0
:10B190007FF4B6AE99F80920062A7FF4B1AE9B7809
:10B1A000019A3C6AA9F81620002B3FF4A9AE8868E2
:10B1B000FBF773FB636860621B69A3623846FFF7A5
:10B1C000ADFD9DE621040108F3070108F8B9002050
:10B1D000A011010837B5054648B9244B2449254834
:10B1E00040F27B3203B0BDE8304003F08DB8046A12
:10B1F000002C39D0637A082B36D10A68A36A9A42A8
:10B2000032D10C212046FFF7BDF904222146284601
:10B21000FFF78CFA08BB042232212046FFF7DCF945
:10B22000A06AFBF73AFB01462046FFF751FA204699
:10B23000FFF712FAA18AE068F03189B2FCF788F8CA
:10B240000D4B0E480E4ACDE900534323E1680068D8
:10B25000FFF7AEF82046FFF73DFBA37AFF2B1CBF9C
:10B260000133A3721423E38203B030BD210401082B
:10B270002507010847F50008A0110108ECB90020D6
:10B280009C11010873B5046A064605212046FFF7A4
:10B2900079F9032221463046FFF748FA054670BB8C
:10B2A000022239212046FFF797F9F18C2046FFF75B
:10B2B00071F9032237212046FFF78EF9012120463C
:10B2C000FFF7AEF903212046FFF7AAF91C2120461B
:10B2D000FFF7A6F92046FFF7BFF9A18AE068F03131
:10B2E00089B2FCF735F814480096E16800684323FA
:10B2F00004F12402FFF7C2F82046FFF7EBFAA37A25
:10B30000FF2B1CBF0133A372A37A092B9FBFC3EB92
:10B31000431203EB82031B019BB288BF44F62063F8
:10B320004FF4FA72284603F2F3139BB2B3FBF2F325
:10B33000E38202B070BD00BFECB9002010B540B987
:10B34000BDE810400E4B0F490F4840F2425202F048
:10B35000DBBF046A94B1636833B1094B0B490A48F7
:10B3600040F24F5202F0D0FF00212046FFF70AF9C9
:10B37000237A1BB1FFF714FC0023237210BD00BF1A
:10B38000210401082A08010847F50008940701086C
:10B3900038B5054648B9274B274940F2D6222748F9
:10B3A00002F0B2FF6FF00F0038BD90F82F30DB07CE
:10B3B00004D4204B224940F2D722F0E7C38C046A20
:10B3C000B3F5107F02D24FF0FF30EDE7D4B9402043
:10B3D000FBF7FEFB04460028F5D02862402200213E
:10B3E000204603F0F1F8FFF7A1FB0028EBD1012381
:10B3F00023722846FFF79EFA0028D5D02846FFF78B
:10B400009DFFE0E7E36833B10A4B0E490B484FF468
:10B410003C7202F079FF636833B1064B0A49074872
:10B4200040F2F12202F070FF237A002BD6D0FFF712
:10B43000B7FBD3E7210401082507010847F50008F9
:10B4400043080108640801089407010850B1006A24
:10B4500040B1407A0A2806D0043801288CBF002069
:10B460000120C0B270470120FBE700007FB5046AED
:10B470000646002C42D0636A0393FFF7E7FF0021E2
:10B4800005462046FFF77EF8C4E90711C4E9091113
:10B49000C4E90B11C4E90D11E16365B3072221462C
:10B4A0003046FFF743F90546F8B904223621204615
:10B4B000FFF792F80398FBF7F0F901462046FFF7F3
:10B4C00007F92046FFF7C8F8A18AE068F03189B291
:10B4D000FBF73EFF0B480096E1680068432303AA90
:10B4E000FEF7CCFF2046FFF7F5F9074B30461A462A
:10B4F0001946FBF7BBFC284604B070BD6FF00F0582
:10B50000F9E700BFECB90020A01101084F4B73B55B
:10B510001D680DB902B070BD2C6A7CB1637A6BB145
:10B52000618C69B1228C013292B29142228407D19E
:10B530002846FFF79BFF2846FFF7FCF92D68E8E750
:10B54000E68B002E66D0721E012EE28362D1013B93
:10B55000DBB2092BF2D840F2192222FA03F3DA0700
:10B56000ECD504212046FFF70DF80322214628469A
:10B57000FFF7DCF868BB022239212046FFF72CF8E0
:10B58000E98C2046FFF706F8032237212046FFF713
:10B5900023F831462046FFF743F803212046FFF702
:10B5A0003FF81C212046FFF73BF82046FFF754F8F0
:10B5B000A18AE068F03189B2FBF7CAFE2448009501
:10B5C000244AE16800684323FEF758FF2046FFF74E
:10B5D00081F9A37AFF2B1CBF0133A372A37A092B35
:10B5E0009FBFC3EB431203EB8203DB009BB288BF18
:10B5F00042F2107303F2F3134FF4FA729BB2B3FBEF
:10B60000F2F3228CE382638C9B1A012B96DD5B1094
:10B61000E38393E7A28B002A90D0511E012AA183D5
:10B620008CD1013BDBB2092B88D840F2112222FADF
:10B6300003F3DB0782D52846FFF724FE638B228CB9
:10B640009B1A012BC4BF5B10A38377E780B900204E
:10B65000ECB900209C110108264B10B51C6804B9F8
:10B6600010BD236A23B1DA8A012A03D9013ADA82AA
:10B670002468F4E7FCD10022DA825A7A013A0B2AD4
:10B68000F6D801A151F822F0B9B6000871B6000849
:10B69000E7B6000871B6000871B60008CBB600081E
:10B6A00071B60008D3B6000871B6000871B600087C
:10B6B00071B60008CBB600089B7A052B204602D84D
:10B6C000FFF72CFBD4E7FFF7D1FE2046FFF732F956
:10B6D000CEE79B7A012B204602D8FFF78BF9C7E70C
:10B6E000FFF79EF9C4E79B7A012B2046EED8FFF7BF
:10B6F00077FABDE780B9002070B51826074C46439D
:10B700000546A05918B1FBF7E7FC0023A351182305
:10B7100003FB05440023237570BD00BF1CBA002045
:10B720002DE9F347DDF82CA0884691461E460746D2
:10B7300030B92D4B2D492E484FF48B6202F0E4FDB9
:10B7400000221C210220FBF731FD0546002847D0CE
:10B7500043891B2B06D8244B2649254840F26342D7
:10B7600002F0D2FDBDF834006C68FBF793F8E0807E
:10B7700097F82830062B06D01B4B1F491C4840F277
:10B780006A4202F0C1FD3368A360B388A381DAF88E
:10B790000030C4F81230BAF80430E3820A9B1B6808
:10B7A000C4F80E300C9B1B68A3610123637008234F
:10B7B000A3700623237104230026637140F6060359
:10B7C0002670E6704246009329464B46384601F003
:10B7D00091F92846FBF780FC304602B0BDE8F087BF
:10B7E0004FF0FF30F9E700BF7C080108250701088A
:10B7F00047F50008B3080108E40801082DE9F74FF0
:10B80000474A019100230A2105468C46009199463A
:10B8100098469E460E4614460A2E92F814A030D141
:10B82000BAF1000F30D15EB201330A2B02F11802D7
:10B83000F2D1019B012B6FD1092E46DCF6B2092E05
:10B8400006D9384B3849394840F2851202F05CFD80
:10B85000182303FB06431B7D33B1324B3449334875
:10B860004FF4C37202F050FD25B1182303FB0643C9
:10B870002A685A60182303FB06440023638270B2CF
:10B8800008E0BAF1000FCFD03DB12F685068874271
:10B8900003D158B203B0BDE8F08FBAF1010FB2F88E
:10B8A00012B00CD1106820B1DE45BDD859B2DE46C9
:10B8B000BAE7D845B8D858B20090D846B4E7D945C9
:10B8C0009CBF4FFA83FCD946AEE7BCF1090F19DCE7
:10B8D0005FFA8CF618237343E35833B1114B1549C3
:10B8E000124840F26F1202F00FFD092E06D90D4BDF
:10B8F0000D490E4840F2811202F006FD3046FFF776
:10B90000FBFE9CE7009B092B02DC9DF80060ECE746
:10B91000092901DCCEB2E8E74FF0FF30BAE700BFFB
:10B920001CBA00207C0801083C09010847F5000802
:10B930004F0901082509010870B5084D0646002485
:10B940002B7D2BB1AB68B34202D12046FFF7D4FE6A
:10B9500001340A2C05F11805F2D170BD1CBA002083
:10B960002DE9F047074686B00C4649B94F4B504980
:10B9700050484FF4227206B0BDE8F04702F0C4BC54
:10B9800046683388B3F5807F08D13379062B05D11B
:10B990007379042B02D17388082B05D0384606B082
:10B9A000BDE8F047FBF798BB4D68D6F80E3005931D
:10B9B00006F10808B36915B94FF0020A03E09D4289
:10B9C0005BD10125AA4694F82830062B06D0374BC8
:10B9D0003949384840F2AB1202F096FC059800282D
:10B9E0003ED0214600F09DFC8146C8BB059B03F07C
:10B9F000F003E02B34D0514605A8FFF7FFFE0028E6
:10BA00002EDB2E4B182202FB00F103EB010C4FF052
:10BA1000020E8CF814E04FF00C0ECCF8084012FB2C
:10BA200000E2D8F80000985002EB030EB8F80420AA
:10BA3000AEF8042053F801A0ACF81290BAF1000F50
:10BA40000ED043F801904FF40063009304F12902F3
:10BA500043465146204601F04DF85046FBF73CFB6B
:10BA6000F388B3F5807F0AD0B3F5007F18D038464D
:10BA7000FBF732FB06B0BDE8F08700259CE7002D00
:10BA8000F5D00222039205AACDE9018204F129032F
:10BA9000221D0092194642462046FFF741FEE6E786
:10BAA00005A92046FFF796FBE1E700BF7C080108E7
:10BAB0002507010847F50008970901081CBA00206E
:10BAC0001FB502460124CDE9021400F129030549FE
:10BAD0000191043200921946034AFFF721FE04B097
:10BAE00010BD00BFA4110108AA11010838B5134CFC
:10BAF0000025227D6AB1638A01339BB2B3F5967F3C
:10BB0000638203D2012A0AD1042B0DD92846FFF7FC
:10BB1000F3FD01350A2D04F11804EAD138BD032ADA
:10BB200007D104232375F4E7A068211DFFF7C8FFA0
:10BB3000EFE7042AEDD10223F4E700BF1CBA00208E
:10BB40002DE9FF47244F182303FB027306461B7D94
:10BB5000012B8946144606D8204B214921484FF431
:10BB60003B7202F0D1FB182304EB440503FB047481
:10BB7000ED00237D05F10C08022BB84406F1290ADB
:10BB80000BD1638AB3F58E7F13D9291D3944304612
:10BB9000FFF796FF08B9032323754FF40063009362
:10BBA000524643464946304600F0A4FF04B0BDE883
:10BBB000F087B3F5877FF0D30123039304350A4B55
:10BBC00001932F44331D009302975346424651463A
:10BBD0003046FFF7A5FDDDE71CBA00207C08010810
:10BBE000BB09010847F50008A41101082DE9F34736
:10BBF000884606460146D8F80000154600F091FB3D
:10BC000000285DD1D8F8003003F0F002E02A57D0C8
:10BC1000002B55D001214046FFF7F0FD041E52DBFA
:10BC2000354F182303FB04731A7D002A4DD10122DE
:10BC30001A759E6041463046FFF742FF9DB11823BA
:10BC400003FB0472127D012A10D92C4A03FB0473F2
:10BC500014704FF4006200920C3306F12902294659
:10BC6000304600F047FF02B0BDE8F087FBD1DFF8B7
:10BC70009080DFF89090DFF890A02E46728933898B
:10BC80009A4208D1336833B143464FF47B72494638
:10BC9000504602F039FB337B012B1BD13668002E56
:10BCA000ECD12846FBF7C0FB2E46182505FB04F314
:10BCB000F85808B1FBF710FA654300207E51D2E72F
:10BCC0006FF00F00CFE72046CDE7002DB2D04FF048
:10BCD000FF30B4E7318900220220FBF767FA0646FD
:10BCE00038B12946FBF700FC0028DED03046FBF7D0
:10BCF000F3F94FF0FF30B6E71CBA002018BA002065
:10BD00007C080108EB09010847F50008F0B50E466C
:10BD100085B01546044630B93F4B4049404840F293
:10BD20001B3202F0F1FA36B93B4B3E493C484FF426
:10BD3000477202F0E9FA35B9374B3B49384840F2CF
:10BD40001D3202F0E1FA2868214600F0EAFA0028E4
:10BD50005CD12B6803F0F002E02A1CD10123ADF87E
:10BD600008305E238DF80A306B7803F07F038DF87E
:10BD70000B30AB788DF80C30EB788DF80D3002ABD2
:10BD80004FF400620092314604F12902204600F08F
:10BD9000B1FE05B0F0BD6268A1685A400A4208D001
:10BDA0009BB24FF6A962934203D0E36883B304F1D8
:10BDB0000C051E491E4B0A78182000FB0233187D23
:10BDC00001280AD928685B68984206D13146204686
:10BDD00005B0BDE8F040FFF7B3BE154B0022187D5B
:10BDE000012806D92F685868874202D1D2B20A705A
:10BDF000ECE701320A2A03F11803F0D13246294652
:10BE0000204605B0BDE8F040FFF7F0BE094BB7E7AC
:10BE10006FF00300BDE700BF7C080108250701089B
:10BE200047F500083AFA00087809010818BA002016
:10BE30001CBA0020AA110108F0B5044687B00F46CD
:10BE40001646242100220120FBF7B0F9054690B3E5
:10BE50004389232B06D8194B19491A4840F261121D
:10BE600002F052FA60686C68002323716371A37159
:10BE7000E37127706670034604F1080200F11C01AB
:10BE800053F8046B42F8046B8B42F9D1C3680593F5
:10BE900005A800F0B7F858B100210123A170E170A6
:10BEA00005AACDE900130290FF23284600F028FAE6
:10BEB0002846FBF711F907B0F0BD00BF050A0108DD
:10BEC0003A0A010847F500082DE9F043434FD7F837
:10BED000089099F8005005F00F05AD00132D85B0BE
:10BEE000044688462AD94389032B27D943681B78FF
:10BEF000082B23D1786900F0F003E02B1ED03968BD
:10BF000000F00FFA0646C8B92389072B16D905F1A8
:10BF10000E012046FBF7DAF800284FD0218929448A
:10BF2000324689B20220FBF741F9064630B1428918
:10BF300005F108039A4207D2FBF7CEF8204605B078
:10BF4000BDE8F043FBF7C8B8494640682A4602F00E
:10BF5000C0FB69423046FBF7B9F838B1204B2149A4
:10BF60002148AF2202F0D0F93046E5E721463046BD
:10BF7000FBF7BAFA0028F7D12046FBF7ADF83446B4
:10BF8000294620466668FBF7A1F802460028D5D16D
:10BF900060687B69C3603B6903610121FF233270E4
:10BFA000B270F27003728272C272CDE90021CDF8D4
:10BFB00008800E49204600F0A3F9BFE7C5F57F4190
:10BFC000F23109B22046FBF781F80028D8D0044BA3
:10BFD00007490548C02202F097F9AFE71882002010
:10BFE000050A0108660A010847F500082C820020AE
:10BFF0009B0A01080A460321FFF71EBF0A460B21D0
:10C00000FFF71ABF30B5134B0246186868B9124BD8
:10C010001B684BB193F82F2002F00502052A03D1CB
:10C020005A68002A18BF184630BD90F82F10CD0767
:10C030000DD54C070BD543684BB114688568634038
:10C040002B42F1D08B0702D4C3689C42ECD000682D
:10C05000DCE700BF80B900207CB900202DE9F84F53
:10C06000D0F8048098F800904FEA1913042B044686
:10C070000F4605D02046FBF72FF80020BDE8F88FCB
:10C08000B8F80200FAF706FC238909F00F09834289
:10C090004FEA8909054603D901462046FBF758F9BE
:10C0A00063894B45E6D32389AB42E3D3B9F1130F40
:10C0B000E0D9D8F81030534D6B6103F0F003D8F895
:10C0C0000C202A61E02B97F82F200CD1D20705D441
:10C0D00098F80930112B76D000261DE07B68002BE4
:10C0E000F6D03E4618E0DFF820B13E464FF0010A98
:10C0F00096F82F30DB0704D4BAF1000F56D136681A
:10C1000059E07368002BF7D06869834204D0314648
:10C1100000F007F90028EFD0286948B1394600F04F
:10C1200000F90028A6D12B6903F0F003E02BA1D081
:10C13000002E9FD0B8F8063023F0C0033BB1204654
:10C1400000F00EFA0446002897D0D0F80480C5F815
:10C150000880C5E9006798F8003003F00F039B00E2
:10C16000C9F100012046AB81FAF7B0FF98F8093019
:10C17000062B3CD0112B2ED0012B3DD068693146C7
:10C1800000F0CFF870B96B6903F0F003E02B09D031
:10C1900049462046FAF79DFFC4F804800221204654
:10C1A000FFF728FF2046FAF797FF18E02B7D7F2B3B
:10C1B0008ED0DBF80060BE4208BF36684FF0000A40
:10C1C000002E95D184E708EB09035B88B3F5884F0F
:10C1D00082D13E46AEE739462046FDF7FBFF0023FD
:10C1E000C5E90033C5E90433AB60AB8145E73946A7
:10C1F0002046FCF787FDF2E739462046FFF764FE4C
:10C20000EDE700BF1882002080B900202DE9F34738
:10C210009846C3890C9F012B05468946164606D0D1
:10C22000314B3249324840F2333202F06DF8002E81
:10C230004CD014212846FAF749FF002851D16B89C8
:10C240006C68132B06D8284B2A4929484FF458729A
:10C2500002F05AF89DF82C3084F808806372336835
:10C260002361452323709DF8283063702889DFF807
:10C270008CA0FAF70FFB4FF00008608084F806806E
:10C28000BAF8000084F80780FAF704FBBAF8003027
:10C29000A0800133AAF80030B9F1000F13D1164B7A
:10C2A0001B68E36084F80A8084F80B80FB8C93B1F0
:10C2B0002A899A420FD932463946284600F0ECFACC
:10C2C00002B0BDE8F087D9F80030EAE76B681B6977
:10C2D000019301AEEAE77B69324629463846984722
:10C2E000EEE76FF00100EBE7CD0A0108010B010852
:10C2F00047F500080D0B0108A01101080CBB002038
:10C30000F0B4069C9DF810509DF814601AB109B164
:10C310000F6807B9211DCDE905640495F0BCFFF74E
:10C3200075BF431E0333024612D891F82F3013F025
:10C33000020010D04B6893420CD0896853400B42E6
:10C3400008D1CB4322EA0102D31A58425841704720
:10C35000012070470020704738B50C4B1A688242A4
:10C3600004460D4607D102681A6021460420BDE844
:10C370003840FAF735BD31B9054B0649064840F259
:10C38000451201F0C1FF23682B60EEE710BB0020CF
:10C390003A0B0108730B010847F5000881422DE9AB
:10C3A000F84F04460E4605D12F4B30493048AB229A
:10C3B00001F0AAFF46B13368A34205D02A4B2D49AC
:10C3C0002B48AD2201F0A0FF67687B689A8892BB7A
:10C3D0001A68626004F11C0104F1080252F8040BAF
:10C3E00043F8040B8A42F9D101213846FFF706FED3
:10C3F0003846FBF711F805463846FAF76DFE6768D0
:10C40000DFF86480DFF87890DFF864A0AFB92046E9
:10C41000194C3146FFF7A0FF2388AB4205D2124BDF
:10C4200016491348D22201F06FFF23885B1B23803B
:10C430002846BDE8F88F0025E1E77B683846D3F849
:10C4400000B0FAF7E9FF0544B5F5803F05DB434648
:10C45000CC224946504601F057FF3846FAF73CFED9
:10C46000ADB25F46D2E700BF3A0B01088C0B010862
:10C4700047F50008980B01080EBB0020C70B010808
:10C48000AA0B01082DE9F041DFF8708005460F4640
:10C490000026D8F8003073B300242146A446204675
:10C4A000D5F80CE05A69724509D1D5F810E09A69BF
:10C4B000724504D1B3F80CE0AA88964508D001343F
:10C4C000B0B1C27F93F81FE096459CBF6146184605
:10C4D0001A689C4652B910B1FFF760FF0644BE428D
:10C4E00001DA012CD5DC3046BDE8F0811346D7E7F0
:10C4F00061461846ECE71C46F1E700BF10BB002080
:10C5000010B5044630B9084B084909484FF42E725B
:10C5100001F0FAFE606908B1FAF7DEFD2146052058
:10C52000BDE81040FAF75CBC3A0B0108E20B0108C9
:10C5300047F5000838B5094B1868002400B938BD24
:10C54000C37F056823B1013BC37704462846F5E75E
:10C550002146FFF723FF2046F7E700BF10BB00206E
:10C560002DE9F74F45682B7803F00F03052B07469D
:10C5700040F09180E888B04CFAF78CF9C0F30C08D1
:10C580006888FAF787F92B7803F00F03A0EB830094
:10C5900083B238460193FAF73FFF238803440A2BFE
:10C5A0004FEAC80882466DDCA44E3468002C77D16F
:10C5B0000420FAF7F9FB044658B951462846FFF71C
:10C5C00061FF824567DC0420FAF7EEFB0446002891
:10C5D00061D01C220021201D01F0F6FF0323E37728
:10C5E0003368236034602B4604F1080205F114011E
:10C5F00053F8040B42F8040B8B42F9D1B5F806B09E
:10C600001BF0200B08D1019B43449BB2984542D8B4
:10C610004FF6EB7293423ED87D686888FAF73AF994
:10C620002B7803F00F03A0EB8302E8881FFA82F94E
:10C63000FAF730F9C0F30C037E68D4F804E0DB00AD
:10C64000002509EB030235707570B570F570B38085
:10C650001FFA82FCF28070464FF00109002847D192
:10C66000002D00F0D680EA889A4206D9744B7549AD
:10C67000754840F2AB1201F047FE2F60EA88B3889C
:10C680009A4245E001462846FFF7FCFE18B1238890
:10C6900053440A2B88DD3846FAF71EFD0027A3E035
:10C6A000EB6862699A4207D12B69A2699A4203D169
:10C6B000A289AB889A4201D0246877E7E888FAF724
:10C6C000E9F8C0F30C00002898D1E089FAF7E2F805
:10C6D000C0F30C00002891D02B4604F1080205F1AC
:10C6E000140153F8040B42F8040B8B42F9D185E78F
:10C6F000426891888B427FD23060002D78D0EA88E2
:10C700009342C0F0A9808C4500F2A6802F6093422E
:10C7100001D04FF00009BBF1000F04D0A37F13F04C
:10C72000010300F0A480B9F1000F1DD06368002B55
:10C7300000F09D8059688B88002B40F0988033680A
:10C74000002B71D1B14206D13D4B40493E4840F2E9
:10C75000D51201F0D9FD336833B1394B3C493A4821
:10C7600040F2D71201F0D0FD334E3388534433806A
:10C77000BBF1000F07D1019B9844A37FA4F81C8054
:10C7800043F00103A377B9F1010F87D1A38B1433D1
:10C79000A38363685F683D6804F108033A4604F1C7
:10C7A0001C0153F8040B42F8040B8B42F9D1A08B07
:10C7B000FAF770F800237880BB71FB71BB72FB72D3
:10C7C0006768002D56D11D4B1B68A34202D01D4641
:10C7D000002B5DD129462046FFF7BEFD3846FAF70B
:10C7E0001BFE33881B1A3380384603B0BDE8F08F38
:10C7F0008C4531D867608EE72ED0D08898422BD8F0
:10C8000025B1E888884218BF4FF000091068154626
:10C8100024E7BEF1000FEDD0094B0E490A4840F263
:10C82000B31201F071FDE5E75A68F08893889842E9
:10C830001DD11368164683E70EBB002010BB0020F5
:10C840003A0B0108EE0B010847F50008430C0108FC
:10C85000500C01080C0C01083846FAF7DDFD0D4AB2
:10C8600013881B1A38461380FAF736FC13E74FF08B
:10C87000000979E7D5F804806FF013012846FAF72C
:10C8800025FC29463846FAF7EBFDD8F8005098E722
:10C890002B689AE70EBB00202DE9F04F8BB00646BF
:10C8A0000792CA8CB2F1140348BFA2F10D03DF1046
:10C8B000C3F3CF030693436802931B7803F00F037F
:10C8C000052B89460BD05F4B5F4940F2E1225F4860
:10C8D00001F01AFD6FF005000BB0BDE8F08F029B70
:10C8E000D888F9F7D7FFC0F30C0310F40054039372
:10C8F00004D0544B564940F2E622E8E73589BFB2EE
:10C90000143DFB00ADB205934FF014080DB9284655
:10C91000E2E7059BAB42A8BF2B469A4600229BB29A
:10C92000142102200493FAF741FC074610B94FF096
:10C93000FF30D1E77389132B06D8424B4549434852
:10C940004FF4427201F0E0FC029B7A681946143100
:10C9500053F8040B42F8040B8B42F9D1D7F804B01A
:10C96000BAF1000F5FD1039BC3F30C00B9F8263076
:10C97000133B9D42A8BF40F40050F9F78BFF049B86
:10C98000ABF8060003F1140080B2F9F783FF4FF013
:10C990000003079AABF802008BF80A308BF80B30D3
:10C9A0003946D9F81430484698473846FAF794FB88
:10C9B000049B069AEB1A9DB2039B1344A0449BB2BE
:10C9C0001FFA88F80393A1E70520FAF7EDF903466B
:10C9D00018B93846FAF780FBA9E701947268089005
:10C9E00042440092214602220420FAF741FB089BB0
:10C9F00020B919460520FAF7F3F9EAE7CDE908036B
:10CA00003046FAF711FD099B134A08995E61AAEBBB
:10CA1000040A1A6138461FFA8AFAFAF721FDBAF1B8
:10CA2000000F0BD19FE7DDF810A07489A4EB080478
:10CA3000A4B2544528BF5446002CC5D136684FF0E7
:10CA40000008F2E73A0B0108720C010847F50008EC
:10CA5000990C0108B30C010801C5000843890E2B8D
:10CA600070B504460D4614D9406803788689D90705
:10CA70000AD5012B11D1437833B983785E2B03D1CA
:10CA8000637B43F010036373082E10D0B6F5C16FBB
:10CA90001ED02046FAF720FB18E01549062201F0C7
:10CAA00083FD0028F0D1637B43F00803EBE795F8A2
:10CAB0002F301A07EDD56FF00D012046FAF706FB6F
:10CAC0000028E6D129462046FFF7C8FA002070BDAD
:10CAD00095F82F301B07DCD56FF00D012046FAF7D3
:10CAE000F5FA0028D5D129462046FEF739FFEDE7B3
:10CAF000AA1101082DE9F0410446BDF818000D46C1
:10CB000016461F46F9F7C6FE0E2180462846FAF75C
:10CB1000DDFAE0B96968A1F80C803B680B60BB885E
:10CB20008B803368C1F80630B3884B8194F8283085
:10CB3000062B06D0084B0949094840F22B1201F098
:10CB4000E3FBA36929462046BDE8F04118476FF092
:10CB50000100BDE8F08100BFD30C0108080D0108F9
:10CB600047F5000813B504230446009168460021E8
:10CB70000193F8F732FA2060B0FA80F040094042A1
:10CB800002B010BD38B504460D4620684FF0FF32A4
:10CB90002946F8F727FA0028F7D138BD08B5002252
:10CBA0000068F8F71FFA003818BF0120404208BD9E
:10CBB000F0B585B006460D461746F8F765F9044608
:10CBC00077B131683A4601A8F8F735FA019B102B86
:10CBD0000DD1029B2B60F8F757F9001B05B0F0BD93
:10CBE00031684FF0FF3201A8F8F725FAF1E74FF06E
:10CBF000FF30F3E70068003818BF012070470000DD
:10CC000008B50348F8F75FF9024B186008BD00BF8C
:10CC1000B011010814BB002013B50023044601A87D
:10CC20000193F8F750F92060B0FA80F040094042D3
:10CC300002B010BD00684FF0FF31F8F747B9006847
:10CC4000F8F76BB97FB5CDE901010899ADF80C1083
:10CC50000021CDE9041301A81146F8F71CF907B02B
:10CC60005DF804FB08B5044B4FF0FF311868F8F786
:10CC70002DF9012008BD00BF14BB0020014B18682E
:10CC8000F8F74BB914BB0020044B1B681B681A68EB
:10CC90001206FCD580B25860002070471CBB0020F3
:10CCA000014B1860704700BF1CBB0020FFF7ECBFB2
:10CCB0002DE9F74FDFF898A0DAF82C604FF0000864
:10CCC000B3680C46454640F2F45B2CB9204829462F
:10CCD000F3F7D6FF204604E03268002A0FDA6FF03F
:10CCE0000700DAF8003003F580535A69920641BF15
:10CCF00020225A6100225A6003B0BDE8F08F628999
:10CD000047464FF00009616807EB0208D84503EB7E
:10CD10000700494408D8CDE9002301F0DAFC009A65
:10CD20002468019B1544D0E7ABEB070201F0D1FC6E
:10CD3000F6683368002BD2DB09F2F45905F2F4559A
:10CD4000A9EB0709ED1BB368A8F2F4520027DAE754
:10CD500020BB00202DE9F74F8246354C20684FF06C
:10CD6000FF31F8F711F90028F8D1324E3148F3F7C6
:10CD7000F5FF04460028F0D1B18F376CF1B90025DA
:10CD8000336B0022B16B8A424BD30023B363336809
:10CD900003F580535A69120641BF80225A6100226E
:10CDA0009A60002DD9D0DAF81030514628469847BD
:10CDB0000028DBD02846FAF78FF9D7E703220420B2
:10CDC000FAF7F4F905460028D9D0D6F830B03B463A
:10CDD00007467A89A0464FF00009786808EB0204FC
:10CDE00040F2F45C6445484403EB080107D8019322
:10CDF00001F06FFC3F68019B002FEAD1C0E7C8F546
:10CE0000BE62043201F065FCDBF80CB009F2F459A3
:10CE1000A9EB0809DBF80830A4F2F4524FF000083F
:10CE2000DBE7196841F000411960DB680132A9E7CE
:10CE300068BB002020BB0020F0B502682D4B9A4251
:10CE400089B055D1A3F59043002400941A6B2A4869
:10CE500042F000721A631A6B02F000720092009A9C
:10CE600001941A6B42F080621A631A6B02F08062BE
:10CE70000192019A02941A6B42F000621A631B6BD2
:10CE8000059403F000630293022703260B25029BFF
:10CE900003A93223CDE90337CDE90665F4F77EF91E
:10CEA00086231648079503A9CDE90337CDE9054642
:10CEB000F4F774F94FF400531148079503A9CDE92D
:10CEC0000337CDE90546F4F769F94FF420530D48CF
:10CED000079503A9CDE90337CDE90546F4F75EF9D7
:10CEE0003D2022460521F3F7BBFB3D20F3F7EAFB8B
:10CEF00009B0F0BD0080024000080240000002407E
:10CF00000004024000180240014B1868F8F763B8AB
:10CF100068BB0020F0B504468BB030B9404B4149A6
:10CF2000414840F2472201F0EFF9404D404947F2B5
:10CF30007343012223863F4B6361C5E900123E4BD8
:10CF40003E49A36103910023662101932B82ADF832
:10CF50001010EB6103A94FF400032846C5E9051240
:10CF60002B62F3F7EFFF28B994F82F3043F0040356
:10CF700084F82F30324A33492C48334E0423F3F7D8
:10CF80000BFE324A324929480423F3F740FE0623B8
:10CF900084F828306B691A7884F829205A7884F844
:10CFA0002A209A7884F82B20DA7884F82C201A79B1
:10CFB00084F82D205B7984F82E3040F2DC53E38432
:10CFC00094F82F3043F00A0384F82F300027012112
:10CFD00002A80297F7F7C5FF1E4B18600FCE05ADEC
:10CFE0000FC533682B60214605A8F7F754FF0F489B
:10CFF000F4F79AF801AA0B210C48F3F732FF019AD3
:10D000000A4842F00B020B210192F3F764FF01AAD8
:10D010000B210648F3F725FF38460BB0F0BD00BFE3
:10D02000390D01082507010847F5000820BB00203D
:10D03000008002400DBD0008B1CC00080080E10076
:10D040006CBB00200CEB002014F100083CD3002046
:10D050008CEB002068BB0020F3F7D6BA08B5034973
:10D060000348F7F709FF034B187008BD0CEC0020CC
:10D07000CC11010810EC002030B5002185B0084625
:10D08000F9F7C8FB114B1249124A134D134C0020FB
:10D090001860086010600295114DCDE9000520462A
:10D0A000F9F700FF2046F9F73FFF94F82F305B07B0
:10D0B000204607D5F9F73EFF084805B0BDE83040E7
:10D0C000FEF766B9F9F744FFF6E700BF14EC00205D
:10D0D0001CEC002018EC00209567000820EC0020D4
:10D0E00015CF000807B500F04FFDFFF7B7FFFFF7BA
:10D0F000C3FF0C212348F5F7A1FA234800F0CBFC2D
:10D10000002201211420F8F7D7F8204B186010B93D
:10D110001F4800F0C0FC032200210120F8F7CCF8E2
:10D120001C4C206010B91C4800F0B5FC00231A46C6
:10D1300019462068F8F758FA00240323CDE9003493
:10D1400021462346A0221548F8F7BCFB144B019357
:10D1500001232146A022009312482346F8F7B2FB90
:10D16000114800F098FC114800F095FC04F180444F
:10D1700004F5013420460121F4F7F9F8C820F8F746
:10D1800023FEF7E770ED0020530D010864EC00204A
:10D19000860D010854EC0020A00D0108B1D1000853
:10D1A00068EC002009D20008BD0D01084E0F0108EF
:10D1B00008B5114E114D124C304600F06CFC0023A6
:10D1C00019464FF0FF322868F8F70EFA0D4800F0C4
:10D1D00062FC012280212046F4F7C4F84FF4FA7073
:10D1E000F8F7F2FD204600228021F4F7BBF840F268
:10D1F0005230F8F7E9FDDFE7E10D010854EC0020BB
:10D2000000040240FA0D01082DE9F743F8F776FC17
:10D210001C4FDFF88C801C4E01904FF47A7101A8EE
:10D22000F8F788FDF8F76AFC0146384600F033FC51
:10D230004FF480414046F4F79AF833681348596830
:10D24000134DDFF8609000F026FC002415F8011B58
:10D250004846013400F01FFC0A2CF7D10D4800F0BD
:10D260001AFC0D48002300681A460DF10301F8F777
:10D27000BBF90028D1D09DF80310084800F00BFC42
:10D28000CBE700BF130E0108D0EC00202D0E0108E3
:10D2900058EC00204E0F010864EC00204A0E0108F3
:10D2A00000040240460E010807B50A4B01A91868A0
:10D2B000F8F749F9019B4BB14FF0E0234FF0805252
:10D2C000C3F8042DBFF34F8FBFF36F8F03B05DF82A
:10D2D00004FB00BF54EC002070B594B0284B002133
:10D2E00001911A6C42F080521A641B6C03F0805357
:10D2F0000193019B234B02911A6842F440421A6049
:10D300001B6803F440430293029B01214FF4A023C6
:10D310000224CDE908134FF48003CDE90E4304261F
:10D32000A823CDE9106308A8072312941393F4F7F8
:10D3300093FC00B1FEE705904FF4A0524FF48053E8
:10D340000F25052103A8CDE90354CDE90623F4F701
:10D3500037FE044600B1FEE7F4F7CAFE4FF47A73D5
:10D36000B0FBF3F0F3F7BAF93046F3F7CBF9224606
:10D3700029464FF0FF30F3F773F914B070BD00BFCA
:10D38000003802400070004000B591B0904D00247C
:10D39000F3F714F9FFF7A0FF01942B6B8D4843F0CE
:10D3A00004032B632B6B03F004030193019B029492
:10D3B0002B6B43F080032B632B6B03F080030293F2
:10D3C000029B03942B6B43F001032B632B6B03F045
:10D3D00001030393039B04942B6B43F002032B6321
:10D3E0002B6B03F002030493049B05942B6B43F017
:10D3F00040032B632B6B03F040030593059B0694BE
:10D400002B6B43F008032B632B6B03F0080306938D
:10D41000224644F28101069BF3F7A4FF6E482246A0
:10D420004021F3F79FFF6D4B6D480B944FF4005272
:10D4300009A9CDE909230126F3F7B0FE44F28103DF
:10D44000644809A9CDE90936CDE90B44F3F7A6FEF6
:10D45000644B6148099609A9CDE90A36F3F79EFEA7
:10D4600040235D4809A9CDE90936CDE90B44F3F71E
:10D4700095FE802358480B9409A9CDE90934F3F7A8
:10D480008DFE224605210620F3F7EAF80620F3F781
:10D4900019F9224605212820F3F7E2F82820F3F7AE
:10D4A00011F900942B6B43F400132B632B6B4E4D3F
:10D4B00003F400132246052100930C20009BF3F790
:10D4C000CFF80C20F3F7FEF8052122460E20F3F7E3
:10D4D000C7F80E20F3F7F6F844492C614FF4E13316
:10D4E0000C262846C5E90013C5E90244C5E90564D0
:10D4F000EC61F5F703FA00B1FEE73D4C4AF2104348
:10D500004FF0804CC4E900C3A0604FF47A5E4FF442
:10D5100000732046C4E903E3F4F7C6FF00B1FEE759
:10D52000CDE9070007A92046F5F78AF800B1FEE724
:10D53000602140F6B833CDE909130B900D903246C7
:10D5400009A92046F4F7FAFF064600B1FEE7204697
:10D5500000F0CEF82846FFF7A3FB2648264C00F043
:10D560009AFA264800F097FA254800F03DFF254A30
:10D57000A6614FF00063C4E900234FF48063C4E95F
:10D58000043620464FF48073C4E90266C4E90736C6
:10D590006662F3F7D9F810B11B4800F07CFA2B68EB
:10D5A0006C63A563194D1A490F485B680A22F5F7A9
:10D5B000D3F90FCD09AC0FC42B682360002109A853
:10D5C000F7F769FC134B1860F7F759FCFEE700BF4B
:10D5D0000038024000040240001802400000111010
:10D5E000000802400000211030ED002000480040FB
:10D5F00070ED0020710E0108D0EC0020AB0E010888
:10D60000D20E010828600240FB0E010828F1000834
:10D6100058EC00206CEC00200268034B9A4201D1C8
:10D62000F2F7E6BF704700BF00100040FEE70000C1
:10D6300013B5234B002400945A6C42F480425A6480
:10D640005A6C02F480420092009A01941A6C42F0E3
:10D6500080521A641B6C03F0805301930320019BDA
:10D66000F2F7ECFF224621466FF00B00F2F7F8FFCD
:10D67000224621466FF00A00F2F7F2FF22462146C9
:10D680006FF00900F2F7ECFF224621466FF004002C
:10D69000F2F7E6FF224621466FF00300F2F7E0FFC3
:10D6A00022460F216FF00100F2F7DAFF22460F2128
:10D6B0004FF0FF3002B0BDE81040F2F7D1BF00BF1D
:10D6C000003802400368B3F1804F82B00BD10023D1
:10D6D0000193064B1A6C42F001021A641B6C03F0B2
:10D6E00001030193019B02B0704700BF0038024064
:10D6F0007FB50368B3F1804F0DD102234FF4006270
:10D70000CDE901230023CDE903330448012301A916
:10D710000593F3F743FD07B05DF804FB00040240F6
:10D7200070B50268304B9A4286B006465AD1002541
:10D7300003F5F83300951A6C42F480221A641B6CCE
:10D7400003F480230093009B4FF440700223CDE943
:10D75000010301240323CDE903432448244C072378
:10D7600001A90593F3F71AFDDFF894C04FF00063A9
:10D77000C4E900C320464FF48063C4E90255C4E9FC
:10D780000435C4E90655C4E90855F2F7DDFF18B1C0
:10D790001848C121FFF74AFF174A7463A663174C64
:10D7A0004FF00063C4E90023402100234FF480625E
:10D7B0002046C4E90213C4E90423C4E90633C4E9DA
:10D7C0000833F2F7C1FF18B10A48D321FFF72EFF43
:10D7D0003463272000220521A663F2F741FF2720AA
:10D7E000F2F770FF06B070BD00480040000C024028
:10D7F000D0EC0020230F01085860024070EC00209C
:10D800002860024030B5014689B000223620F2F788
:10D8100027FF3620F2F756FF0025154B02951A6CAC
:10D82000144C42F010021A641B6C03F010030293B4
:10D8300001A903A8029BF4F781FCF4F75FFC0E4BEF
:10D84000236040F2E733E36040000C4BB0FBF3F0A1
:10D850000138606020462561A560F4F70BFE20B911
:10D860002046F4F70AFD09B030BD0120FBE700BFF8
:10D8700000380240ACED00200010004040420F0094
:10D88000F7F713BC08B5024800F005F9FEE700BF42
:10D890003E0F01080120F3F76FBD00000148F3F7C8
:10D8A00021B800BFD0EC00200148F3F71BB800BF3F
:10D8B00070EC00200148F5F715B900BF30ED0020ED
:10D8C0004FF40050F3F758BD0148F4F7E5BC00BF32
:10D8D000ACED00200148F3F786BA00BF20BB002062
:10D8E0000148F3F74DBE00BFC0F100200C4A11689B
:10D8F000034609B90B4911604FF0E0211068D1F8D7
:10D90000081D09680344A1F500518B4289BF064BED
:10D9100013600C224FF0FF3088BF1A60704700BFC1
:10D92000E8ED0020A0F5002018BB00200120704782
:10D93000024B16221A604FF0FF30704718BB0020D0
:10D94000014B16221A60FEE718BB002070B50D4689
:10D9500014460E46731B9C4201DC204670BD16F82F
:10D96000010BFFF791F9F5E74FF0FF3070474FF4E7
:10D9700000534B6000207047012070470020704723
:10D9800070B50D4614460E46731B9C4201DC2046C2
:10D9900070BDAFF3008006F8010BF5E70F49D1F831
:10D9A000883043F47003C1F888300D4B1A680020AA
:10D9B00042F001021A6098601A6822F0847222F420
:10D9C00080321A60074A5A601A6822F480221A606C
:10D9D000D8604FF000638B60704700BF00ED00E03F
:10D9E000003802401030002410B5441E14F8010F16
:10D9F00000B910BDFFF75AF9F8E7F0B5002987B074
:10DA00003DDA0028C1F1000139DA40422D27002A11
:10DA1000BABF524230262026142A2EDC0025C9B275
:10DA2000B0FBF1FE01FB1E04E3B2092C88BF0733F3
:10DA300005F1180C88BFDBB2EC446C1C303381421A
:10DA4000E4B20CF8143C1CD947B104F118030DEBF7
:10DA5000030402352D2304F8143CECB2944223460F
:10DA600012DB651E01AB53FA85F5013CE4B215F8F3
:10DA70000109FFF71BF9002CF7D107B0F0BD002713
:10DA8000C5E770462546CBE718336B440134E4B252
:10DA900003F8146CE2E70FB437B506AB0A2553F868
:10DAA000044B0193207898B3252803D00134FFF765
:10DAB000FDF8F7E76378302B21D1A37801200334F8
:10DAC000002204E005FB021114F8013B0A44A3F113
:10DAD00030010929F6D900B152426C2B06BF14F867
:10DAE000013B01200020642B2ED00BDC83B1632B83
:10DAF0001AD0582B24D0622B0AD1022128E00234FC
:10DB00000020DDE7732B08D0752B1BD0782B17D0A6
:10DB100003B0BDE8304004B07047019B1A1D18687F
:10DB20000192FFF761FFBDE7019B1A1D1878019272
:10DB3000BDE7019B53F8040B01936FF009010BE063
:10DB4000102105E00A2103E00028F2D06FF009015E
:10DB5000019B181D01901868FFF74FFFA2E7000016
:10DB600004290BD0052902D0022904D07047054BA7
:10DB700003221A707047034B19707047014B012242
:10DB8000F7E700BFECED002010B5074C0749012274
:10DB90002046F6F775FB20460549F6F7AFFB204611
:10DBA000BDE81040F6F72CBCF0ED002061DB00086A
:10DBB0000400002010B50368B3F1A04F86B02ED149
:10DBC0004FF4E85202230024CDE901230323CDE9D9
:10DBD000034314480A2301A90593F3F7DFFA4FF42E
:10DBE00000731048039401A9CDE90134F3F7D6FA84
:10DBF0000D4B5A6B42F080025A6300945A6C42F407
:10DC000080425A645B6C03F48043009343202246B5
:10DC10000521009BF2F724FD4320F2F753FD06B0E7
:10DC200010BD00BF0000024000380240D0F894024E
:10DC3000F6F7E9BDD0F89402F6F7F3BDD0F89402F8
:10DC4000F6F70ABED0F89402F6F730BE10B590F899
:10DC5000BC33012B04461FD11048C4F8C0034FF059
:10DC6000A04202604FF0080C0322C0E902C2002269
:10DC700002610222C0E90623C0F89442F3F7CDFB0B
:10DC800018B10748E521FFF7D1FC0448F3F7DEFFA0
:10DC900001462046F6F7B4FD002010BDC0F100207B
:10DCA000500F010808B5D0F8C003F3F799FF18B179
:10DCB00002280CBF0120022008BD08B5D0F8C0031F
:10DCC000F3F7A4FF18B102280CBF0120022008BD01
:10DCD00008B5D0F8C003F3F7BCFF18B102280CBF99
:10DCE0000220012008BD08B5D0F8C003F3F7A0FF5B
:10DCF00018B102280CBF0120022008BDD0F8C003D3
:10DD0000F3F79FBF1FB5BDF8204002949DF81C405B
:10DD100001949DF818400094D0F8C003F3F738FB45
:10DD200018B102280CBF0120022004B010BD08B5B4
:10DD3000D0F8C003F3F75FFB18B102280CBF012035
:10DD4000022008BD1FB59DF824400394BDF8204073
:10DD50000294079C01949DF818400094D0F8C003E9
:10DD6000F3F799FB18B102280CBF0120022004B080
:10DD700010BDD0F8C003F3F75EBF08B590F8BC3310
:10DD8000012B02D1084600F0CBF8C820F2F742FC84
:10DD9000002008BDD0F8C033282000FB013191F8E5
:10DDA0003B301BB181F850200020704781F8512092
:10DDB000FAE7D0F8C033282202FB013191F83B305A
:10DDC00013B191F85000704791F851007047F2F785
:10DDD00021BC002070470000014608B50348F5F754
:10DDE000F7FEB0FA80F0400908BD00BFF0ED00205A
:10DDF00010B514468EB0032925D8DFE801F00D02D6
:10DE00000F19014601AA1148F5F7F3FE10B10120E0
:10DE10000EB010BD029B23600020F9E7014601AA65
:10DE20000A48F5F7E6FE0028F1D1BDF80C30F2E71C
:10DE3000014601AA0548F5F7DCFE0028E7D1BDF848
:10DE40000C305B0AE7E70420E2E700BFF0ED0020BA
:10DE500010B590B0044600930B4601460F48F5F705
:10DE6000E0FEB0B10D4803AA2146F5F7C2FE9DF8C9
:10DE70001930282B03D03A2B01D0042B0BD10848A2
:10DE800000F042FA074800F03FFA0A2000F04EFA8C
:10DE9000032010B010BD0120FBE700BFF0ED002013
:10DEA0009AF20008630F010810B590B00446009381
:10DEB0000B4601461648F5F7F6FE60B1144803AA72
:10DEC0002146F5F796FE9DF81930272B09D004D886
:10DED000042B11D0012010B010BD282B0CD03A2BF0
:10DEE000F7E70C4800F010FA0B4800F00DFA0A2092
:10DEF00000F01CFA0220EEE7064800F005FA074899
:10DF000000F002FA0A2000F011FA0320E3E700BF54
:10DF1000F0ED00209AF200087A0F0108630F010863
:10DF2000B0FA80F2520902484021F3F71BBA00BF51
:10DF300000180240DFF834D0002103E00C4B5B589E
:10DF4000435004310B480C4B42189A42F6D30B4A0B
:10DF500002E0002342F8043B094B9A42F9D3FFF751
:10DF60001DFD00F08FFBFFF70FFA70470000032044
:10DF7000F011010800000020900000209000002017
:10DF8000A0F50020FFF77EBCFEE70000024B014633
:10DF9000186800F02DB800BF40000020024B014679
:10DFA000186800F0C3BB00BF4000002070B50F4EE2
:10DFB0000C463168054611B900F042FB306021463D
:10DFC000284600F03DFB431C03D14FF0FF342046B0
:10DFD00070BDC41C24F00304A042F8D0211A2846C6
:10DFE00000F02EFB0130F2D1EFE700BF58F4002023
:10DFF0002DE9F843CD1C25F0030508350C2D38BF5D
:10E000000C25002D064601DBA94204D90C23336000
:10E010000020BDE8F883DFF8D48000F069F8D8F874
:10E0200000301C4644BB29463046FFF7BFFF431C67
:10E03000044658D1D8F800402746002F43D1002C81
:10E040004BD023683946304604EB030900F0F8FA58
:10E05000814542D121686D1A29463046FFF7A6FF57
:10E0600001303AD023682B442360D8F800305A6836
:10E0700062BBC8F800700FE02268521B20D40B2A44
:10E0800017D96119A342256018BF5960636808BF9A
:10E09000C8F8001062514B60304600F02FF804F1D0
:10E0A0000B00231D20F00700C21A1CBF1B1AA3502F
:10E0B000AFE76268A3420CBFC8F800205A60EBE7E4
:10E0C00023466468AEE73C467F68B6E71A465B685D
:10E0D000A342FBD100235360DEE70C2333603046BC
:10E0E00000F00CF894E70560D6E700BF5CF4002070
:10E0F000014800F0ECBA00BF9CF50020014800F098
:10E10000E7BA00BF9CF50020164B10B51C68236BC6
:10E11000B3B91820FFF73AFF0246206320B9124B2B
:10E120001248522100F0E4FA1149124BC0E90013E1
:10E13000114B83600B23838100210120C2E904017C
:10E14000216B0E480B694C690D4A584302FB0400D1
:10E15000A3FB0232013340EB0200C1E9043020F09E
:10E16000004010BD40000020970F0108AE0F0108CD
:10E170000E33CDAB34126DE6ECDE05002DF45158B4
:10E180002D7F954C002310B50446C0E90033C0E94B
:10E190000433836081814366C2818361194608220A
:10E1A0005C3000F011FA0D4B63620D4BA3620D4B16
:10E1B000E3620D4B23630D4B24629C4206D003F1B6
:10E1C0006802944202D0D0339C4205D104F1580039
:10E1D000BDE8104000F07ABA10BD00BFF9E30008B6
:10E1E0001BE4000853E4000877E4000860F4002012
:10E1F000024A0349034800F069B800BF3400002018
:10E2000065EE00084400002041680C4B994210B5AF
:10E21000044601D000F026FEA168094B994202D0C5
:10E22000204600F01FFEE168064B994204D02046CC
:10E23000BDE8104000F016BE10BD00BF60F4002025
:10E24000C8F4002030F5002010B50B4B0B4C0C4AE5
:10E250001A60204600220421FFF794FF04F16800B1
:10E2600001220921FFF78EFF04F1D0000222BDE850
:10E2700010401221FFF786BF98F5002060F40020BF
:10E28000F1E10008014800F022BA00BF9DF500202E
:10E29000014800F01DBA00BF9DF5002010B50446EE
:10E2A000FFF7F0FF236A1BB1BDE81040FFF7F0BF96
:10E2B000044B2362044B1B68002BF5D1FFF7C4FF0E
:10E2C000F2E700BF09E2000898F500202DE9F843C5
:10E2D0000746884614460026D4E90195B9F101099C
:10E2E00005D52468002CF7D13046BDE8F883AB890A
:10E2F000012B07D9B5F90E30013303D02946384632
:10E30000C04706436835E9E70FB407B5064904ABD3
:10E31000086853F8042B8168019300F07BFA03B07E
:10E320005DF804EB04B0704740000020024B01464A
:10E330001868826800F032BE40000020036A70B5A1
:10E34000846805460E460BB9FFF7A8FF636EDB072E
:10E3500005D4A389980502D4A06D00F0B8F9A3896B
:10E36000190702D52369002B35D12146284600F034
:10E37000C5F880B34FF0FF35636EDA0705D4A38983
:10E380009B0502D4A06D00F0A3F9284670BD002BB8
:10E3900004DAA2699A4217DC0A2915D023685A1CAC
:10E3A00022601970A36816F8011F013BA3600029C1
:10E3B000EDD1002B11DA22460A21284600F05FF841
:10E3C0000130D7D00A25D7E72246284600F057F873
:10E3D0000130E7D1CEE7013EE4E723685A1C226012
:10E3E0000A221A70EEE70000024B01461868FFF798
:10E3F000A5BF00BF4000002010B50C46B1F90E10BB
:10E4000000F00CF90028ABBF636DA3891B1823F43F
:10E410008053ACBF6365A38110BD2DE9F0411F4659
:10E420008B89DB0505460C46164605D5B1F90E105D
:10E430000223002200F0E0F8A389B4F90E1023F4BF
:10E440008053A38132463B462846BDE8F04100F0A8
:10E4500007B910B50C46B1F90E1000F0CDF8431C09
:10E46000A38915BF606523F4805343F48053A381CF
:10E4700018BFA38110BDB1F90E1000F0ADB8F8B50A
:10E480000E461446054618B1036A0BB9FFF706FF9E
:10E49000A369A360A3891A0701D5236943B921465B
:10E4A000284600F02BF818B14FF0FF373846F8BD7A
:10E4B00023682269981A6369F6B28342374605DCFD
:10E4C0002146284600F0CEFC0028EDD1A368013B90
:10E4D000A36023685A1C22601E706269431C9A4222
:10E4E00004D0A389DB07E1D50A2EDFD121462846D7
:10E4F00000F0B8FC0028D9D0D6E7000038B5294B89
:10E50000054618680C4618B1036A0BB9FFF7C6FE3A
:10E51000B4F90C30190722D4DA0607D409222A608C
:10E5200043F04003A3814FF0FF3033E0580712D58A
:10E53000616B41B104F14403994202D0284600F0D6
:10E54000F5F800236363A38923F02403A381002348
:10E55000636023692360A38943F00803A3812369CF
:10E560004BB9A38903F42073B3F5007F03D0214690
:10E57000284600F0D7FCB4F90C3013F001020AD0A1
:10E580000022A26062695242A261226942B913F07C
:10E590008000C5D138BD990758BF6269A260F4E711
:10E5A0000020F7E74000002010B5013902449042F6
:10E5B00001D1002005E0037811F8014FA34201D0FA
:10E5C000181B10BD0130F2E702440346934200D10C
:10E5D000704703F8011BF9E738B5064D00230446E0
:10E5E00008462B60FFF7C0F9431C02D12B6803B12A
:10E5F000236038BD18BB002038B5074D04460846D7
:10E60000114600222A601A46FFF7B8F9431C02D1CE
:10E610002B6803B1236038BD18BB002038B5074D07
:10E6200004460846114600222A601A46FFF7A8F958
:10E63000431C02D12B6803B1236038BD18BB0020F6
:10E6400038B5064D0023044608462B60FFF74EF907
:10E65000431C02D12B6803B1236038BD18BB0020D6
:10E6600038B5074D04460846114600222A601A466E
:10E67000FFF76CF9431C02D12B6803B1236038BD4E
:10E6800018BB002070B50D4D0D4C641BA410002666
:10E69000A64209D10B4D0C4C00F022FD641BA410C6
:10E6A0000026A64205D170BD55F8043B98470136B7
:10E6B000EEE755F8043B98470136F2E7E811010808
:10E6C000E8110108E8110108EC11010870477047D2
:10E6D00070470A44914200F1FF3300D1704710B5F2
:10E6E00011F8014B03F8014F9142F9D110BD000020
:10E6F0001FB514461A46094B1B680546D8684CB12D
:10E70000074B0091CDE9013406492B4600F0D2FBBE
:10E7100000F09AFC044B1C46F3E700BF40000020C9
:10E7200006100108131001084F0F010838B50546FF
:10E73000002941D051F8043C0C1F002BB8BFE4184D
:10E74000FFF7D6FC1D4A136833B96360146028468E
:10E75000BDE83840FFF7D2BCA34208D92068211891
:10E760008B4201BF19685B6809182160EDE71A4602
:10E770005B680BB1A342FAD911685018A0420BD1C3
:10E7800020680144501883421160E0D118685B682A
:10E79000536008441060DAE702D90C232B60D6E7F7
:10E7A000206821188B4204BF19685B68636004BF4E
:10E7B000091821605460CAE738BD00BF5CF400202E
:10E7C0009368013B002B10B4936008DA9469A3426C
:10E7D00001DB0A2903D15DF8044BFFF750BE136833
:10E7E000581C1060197008465DF8044B7047F8B566
:10E7F00006460F461446D518AC4201D1002007E06A
:10E8000014F8011B3A463046FFF7DAFF431CF3D1F8
:10E81000F8BD00002DE9F04F0D469DB01446984616
:10E82000064618B1036A0BB9FFF738FD6B6ED907BE
:10E8300005D4AB899A0502D4A86DFFF748FFAB89D0
:10E840001B0701D52B699BB929463046FFF756FEB9
:10E8500070B16B6EDC0704D54FF0FF301DB0BDE822
:10E86000F08FAB899805F7D4A86DFFF731FFF3E778
:10E870000023099320238DF82930CDF80C80302314
:10E88000DFF8AC818DF82A304FF0010923469A4613
:10E8900013F8012B0AB1252AF9D1BAEB040B0BD0DE
:10E8A0005B46224629463046FFF7A1FF013000F0C3
:10E8B000A780099A5A4409929AF80030002B00F078
:10E8C0009F8000234FF0FF32CDE905230AF1010AB2
:10E8D000049307938DF853301A935446052214F885
:10E8E000011B5348F1F784FC049AD8B9D10644BF00
:10E8F00020238DF85330130744BF2B238DF853305A
:10E900009AF800302A2B15D0079A544600204FF071
:10E910000A0C214611F8013B303B092B4BD9B0B111
:10E92000079214E0A0EB080309FA03F313430493DE
:10E93000A246D2E7039B191D1B680391002BBBBFA6
:10E940005B4242F0020207930793B8BF0492237818
:10E950002E2B0AD163782A2B32D1039B1A1D1B68F8
:10E96000039243EAE37302340593DFF8D4A02178DD
:10E9700003225046F1F73CFC38B1049BA0EB0A009F
:10E980004022824013430134049314F8011B2948A8
:10E990008DF828100622F1F72BFC00283FD0264BDB
:10E9A0001BBB039B073323F0070308330393099B27
:10E9B0003B4409936AE70CFB02320C460120A8E7AE
:10E9C00000230134059319464FF00A0C204610F835
:10E9D000012B303A092A03D9002BC6D00591C4E790
:10E9E0000CFB012104460123F0E703AB00932A4608
:10E9F000124B04A93046AFF300800746781CD6D1ED
:10EA00006B6ED90705D4AB899A0502D4A86DFFF7C0
:10EA10005FFEAB895B063FF51FAF09981EE703ABAE
:10EA200000932A46054B04A9304600F079F8E4E744
:10EA3000421001084C10010800000000EFE7000838
:10EA4000481001082DE9F047164698468A680B6978
:10EA5000DDF820909342B8BF1346336091F843200D
:10EA600007460C460AB1013333602368990642BF5A
:10EA7000336802333360256815F0060506D104F1CA
:10EA8000190AE36832689B1AAB4226DC94F84330DB
:10EA90002268003B18BF012392062BD404F14302E5
:10EAA00041463846C84701301ED02368226903F02A
:10EAB0000603042B02BFE5683368ED1AA3680CBF98
:10EAC00025EAE57500259342C4BF9B1AED18002680
:10EAD0001A34B5421AD1002008E0012352464146BB
:10EAE0003846C847013003D14FF0FF30BDE8F0870A
:10EAF0000135C6E7E1185A1C302081F84300224452
:10EB000094F8451082F843100233C7E701232246E8
:10EB100041463846C8470130E6D00136D9E7000003
:10EB20002DE9FF470F7E0C9E782F914680460C46BC
:10EB30009A4601F1430207D8622F0AD8002F00F04D
:10EB4000D180582F00F0B88004F1420684F842705A
:10EB50003AE0A7F16303152BF6D801A151F823F091
:10EB6000B9EB0008CDEB000849EB000849EB0008C1
:10EB700049EB000849EB0008CDEB000849EB000821
:10EB800049EB000849EB000849EB0008CBEC000812
:10EB9000F7EB000885EC000849EB000849EB00089A
:10EBA000EDEC000849EB0008F7EB000849EB000822
:10EBB00049EB00088DEC000833681A1D1B683260B1
:10EBC00004F1420684F8423001239CE03368206857
:10EBD000191D3160060601D51D6803E04506FBD509
:10EBE000B3F90050002D03DA2D236D4284F8433031
:10EBF00058480A2311E021683368080653F8045B7B
:10EC000002D4490648BFADB26F2F5248336014BFDB
:10EC10000A230823002184F843106668A660002EAA
:10EC200005DB21682E4321F0040121604BD01646FC
:10EC3000B5FBF3F103FB1157C75D06F8017D2F46C5
:10EC4000BB420D46F4D9082B0BD12368DF0708D54A
:10EC5000236961689942DEBF302306F8013C06F162
:10EC6000FF36921B2261CDF800A04B4603AA214635
:10EC70004046FFF7E7FE01304AD14FF0FF3004B0C5
:10EC8000BDE8F087236843F02003236032487827EB
:10EC900084F84570236831681F0651F8045B02D47C
:10ECA0005F0648BFADB23160D90744BF43F02003CF
:10ECB00023601DB11023ADE72648E9E7236823F060
:10ECC00020032360F6E71646BDE7336825686169CF
:10ECD000181D30602E061B6801D5196002E0680619
:10ECE000FBD51980002323611646BCE733681A1D43
:10ECF00032601E68626800213046F1F779FA08B187
:10ED0000801B606063682361002384F84330AAE7B6
:10ED10002369324649464046D0470130ADD023688A
:10ED20009B0713D4E068039B9842B8BF1846A6E738
:10ED30000123324649464046D04701309DD0013537
:10ED4000E36803995B1AAB42F2DCEBE7002504F1C0
:10ED50001906F5E75310010864100108B1F90C20F9
:10ED60002DE9F041160705460C4654D44B68002B9C
:10ED700002DC0B6C002B48DDE66A002E45D0002338
:10ED800012F480522F68216A2B6030D0626DA38903
:10ED9000590705D56368D21A636B0BB1236CD21A7D
:10EDA0000023E66A216A2846B047431CA38906D19E
:10EDB00029681D292BD82A4ACA40D60727D5002200
:10EDC0006260D9042269226004D5421C01D12B68FB
:10EDD00003B96065616B2F60B9B104F144039942D6
:10EDE00002D02846FFF7A2FC002363630DE0012355
:10EDF0002846B0470246501CC9D12B68002BC6D00C
:10EE00001D2B01D0162B1ED12F60002022E043F0D5
:10EE100040031BB21BE00F69002FF6D093070E686A
:10EE200008BF4B690F6018BF0023A6EB07088B6073
:10EE3000B8F1000FE9DD216AA66A43463A46284642
:10EE4000B047002808DCB4F90C3043F04003A3813C
:10EE50004FF0FF30BDE8F0810744A8EB0008E7E77A
:10EE60000100402038B50B6905460C4613B9002552
:10EE7000284638BD18B1036A0BB9FFF70FFAB4F989
:10EE80000C30002BF3D0626ED00704D4990502D465
:10EE9000A06DFFF71CFC28462146FFF75FFF636E5D
:10EEA000DA070546E4D4A3899B05E1D4A06DFFF7FA
:10EEB0000FFCDDE70EB403B5014603AB054853F87C
:10EEC000042B00680193FFF7A5FC02B05DF804EB8A
:10EED00003B070474000002070B50C46B1F90E1029
:10EEE000002996B015461E460DDAA38913F0800F4F
:10EEF0004FF0000114BF40234FF4806300203160C5
:10EF00002B6016B070BD6A4600F07CF80028ECDB80
:10EF1000019901F47041A1F50053594259414FF450
:10EF20008063EBE78B89F7B59D0706460C4607D54E
:10EF300004F14703236023610123636103B0F0BD43
:10EF400001AB6A46FFF7C8FF009F054639463046C9
:10EF5000FFF74EF848B9B4F90C309A05EED423F017
:10EF6000030343F00203A381E2E7A389206043F097
:10EF70008003A381019BC4E904075BB1B4F90E10BF
:10EF8000304600F051F828B1A38923F0030343F081
:10EF90000103A381A3891D43A581CFE770B50D4669
:10EFA0001446064618B1036A0BB9FFF777F9636E8A
:10EFB000D80705D4A389990502D4A06DFFF787FB74
:10EFC000A368013B002BA36005DAA269934212DB20
:10EFD000EBB20A2B0FD023685A1C22601D70EDB2D1
:10EFE000636EDA0705D4A3899B0502D4A06DFFF7F1
:10EFF0006FFB284670BD294622463046FFF73FFA90
:10F000000546EDE738B5074D00230446084611468E
:10F010002B60FEF7ACFC431C02D12B6803B12360CC
:10F0200038BD00BF18BB002038B5064D002304468C
:10F0300008462B60FEF7A0FC431C02D12B6803B1ED
:10F04000236038BD18BB002008B5062000F02CF85E
:10F050000120FEF775FC1F2938B505460C4604D97A
:10F06000162303604FF0FF3038BDC26B12B152F867
:10F0700021304BB9284600F031F822460146284697
:10F08000BDE8384000F018B8012B0AD0591C03D154
:10F09000162303600120E7E7002142F824102046F0
:10F0A00098470020E0E70000024B01461868FFF790
:10F0B000D2BF00BF4000002038B5074D00230446F2
:10F0C000084611462B60FEF733FC431C02D12B6827
:10F0D00003B1236038BD00BF18BB0020FEF726BC7B
:10F0E000F8B500BFF8BC08BC9E467047F8B500BF35
:08F0F000F8BC08BC9E46704705
:10F0F8000A00000002000000DAF40008E1470008F6
:10F108000000000000000000800000004D0D010814
:10F1180055CD000803000000000000005E0100005B
:10F12800170F0108E5D000080000000000000000EB
:10F138000004000000061016000610164C554E205C
:10F148002325643A2000496E7175697279205665E5
:10F158006E646F7220203A20257300496E717569BC
:10F1680072792050726F64756374203A2025730099
:10F17800496E71756972792056657273696F6E2070
:10F188003A202573004D5343204465766963652012
:10F198007265616479004D534320446576696365FF
:10F1A800204E4F54207265616479004D53432044CA
:10F1B8006576696365206361706163697479203A73
:10F1C80020256C7520427974657300426C6F636BFF
:10F1D800206E756D626572203A20256C7500426C50
:10F1E8006F636B2053697A652020203A20256C755F
:10F1F8000053656E7365204B657920203A20257889
:10F20800004164646974696F6E616C2053656E7344
:10F218006520436F6465203A20257800416464695D
:10F2280074696F6E616C2053656E736520436F64FB
:10F2380065205175616C69666965723A20257800A8
:10F248004E756D626572206F6620737570706F728F
:10F25800746564204C554E3A20256C75004445422F
:10F268005547203A200043616E6E6F742046696EE0
:10F27800642074686520696E7465726661636520D0
:10F28800666F7220257320636C6173732E004D5373
:10F2980043004552524F523A2000496E76616C69DC
:10F2A8006420486F73742068616E646C65004D61FA
:10F2B8007820436C617373204E756D62657220729D
:10F2C80065616368656400496E76616C69642043B2
:10F2D8006C6173732068616E646C65005377697440
:10F2E8006368696E6720746F20496E746572666121
:10F2F800636520282325642900436C6173732020EB
:10F3080020203A2025786800537562436C61737336
:10F31800203A202578680050726F746F636F6C20F4
:10F328003A202578680043616E6E6F742053656CCF
:10F33800656374205468697320496E7465726661E8
:10F3480063652E0055534220446576696365204104
:10F3580074746163686564005049443A202578688C
:10F36800005649443A202578680041646472657300
:10F37800732028232564292061737369676E656487
:10F388002E004D616E756661637475726572203A00
:10F39800202573004D616E756661637475726572C0
:10F3A800203A204E2F410050726F64756374203AE2
:10F3B800204E2F410053657269616C204E756D6255
:10F3C8006572203A2025730053657269616C204E7E
:10F3D800756D626572203A204E2F4100456E756D3D
:10F3E80065726174696F6E20646F6E652E00546873
:10F3F80069732064657669636520686173206F6E40
:10F408006C79203120636F6E666967757261746903
:10F418006F6E2E0044656661756C7420636F6E664E
:10F42800696775726174696F6E207365742E004E1A
:10F438006F20436C61737320686173206265656E29
:10F4480020726567697374657265642E0025732080
:10F45800636C61737320737461727465642E004405
:10F468006576696365206E6F7420737570706F724E
:10F4780074696E6720257320636C6173732E004E68
:10F488006F207265676973746572656420636C6167
:10F49800737320666F722074686973206465766977
:10F4A80063652E00496E76616C696420436C6173F4
:10F4B80073204472697665722E0055534220446564
:10F4C8007669636520646973636F6E6E65637465DE
:10F4D8006400555342485F54687265616400436F25
:10F4E8006E74726F6C206572726F720049444C457D
:10F4F800002E2E2F4D6964646C6577617265732FD9
:10F5080054686972645F50617274792F4C774950FE
:10F518002F7372632F6170692F74637069702E6323
:10F528000074637069705F7468726561643A206919
:10F538006E76616C6964206D6573736167650041FF
:10F548007373657274696F6E202225732220666159
:10F55800696C6564206174206C696E65202564207F
:10F56800696E2025730A00496E76616C6964206DA6
:10F57800626F78006661696C656420746F206372DD
:10F58800656174652074637069705F746872656121
:10F5980064206D626F78006661696C656420746FC1
:10F5A80020637265617465206C6F636B5F74637050
:10F5B80069705F636F72650074637069705F746807
:10F5C80072656164002E2E2F4D6964646C657761E5
:10F5D8007265732F54686972645F50617274792F11
:10F5E8004C7749502F7372632F636F72652F6D6567
:10F5F8006D2E63006661696C656420746F206372A8
:10F6080065617465206D656D5F6D75746578006DF5
:10F61800656D5F667265653A2073616E69747920FD
:10F62800636865636B20616C69676E6D656E7400F5
:10F638006D656D5F667265653A206C6567616C2003
:10F648006D656D6F7279006D656D5F667265653A9F
:10F65800206D656D2D3E7573656400706C75675F10
:10F66800686F6C65733A206D656D203E3D20726150
:10F678006D00706C75675F686F6C65733A206D65B7
:10F688006D203C2072616D5F656E6400706C7567FB
:10F698005F686F6C65733A206D656D2D3E75736597
:10F6A80064203D3D203000706C75675F686F6C6545
:10F6B800733A206D656D2D3E6E657874203C3D2053
:10F6C8004D454D5F53495A455F414C49474E454466
:10F6D800006D656D5F7472696D3A206C6567616C69
:10F6E800206D656D6F7279006D656D5F7472696DFF
:10F6F8002063616E206F6E6C7920736872696E6B1F
:10F70800206D656D6F7279006D656D5F6D616C6CF4
:10F718006F633A20616C6C6F6361746564206D651A
:10F728006D6F7279206E6F742061626F76652072DA
:10F73800616D5F656E642E006D656D5F6D616C6CEB
:10F748006F633A20616C6C6F6361746564206D65EA
:10F758006D6F72792070726F7065726C7920616C50
:10F7680069676E65642E006D656D5F6D616C6C6FA9
:10F77800633A2073616E69747920636865636B20EE
:10F78800616C69676E6D656E74002E2E2F4D69640D
:10F79800646C6577617265732F54686972645F5031
:10F7A800617274792F4C7749502F7372632F636F8E
:10F7B80072652F6D656D702E63006D656D705F6D80
:10F7C800616C6C6F633A206D656D702070726F703C
:10F7D80065726C7920616C69676E6564006D656D32
:10F7E800705F667265653A206D656D2070726F7026
:10F7F80065726C7920616C69676E6564006D656D12
:10F80800705F6D616C6C6F633A2074797065203C31
:10F81800204D454D505F4D4158006D656D705F66D8
:10F828007265653A2074797065203C204D454D50CD
:10F838005F4D4158002E2E2F4D6964646C657761C9
:10F848007265732F54686972645F50617274792F9E
:10F858004C7749502F7372632F636F72652F6E65F3
:10F868007469662E63004E6F20696E697420667530
:10F878006E6374696F6E20676976656E002E2E2F31
:10F888004D6964646C6577617265732F5468697239
:10F89800645F50617274792F4C7749502F7372638B
:10F8A8002F636F72652F706275662E6300696E63D1
:10F8B80072656D656E745F6D61676E697475646598
:10F8C800203C3D20702D3E6C656E006261642070A6
:10F8D800627566207479706500706275665F616C28
:10F8E8006C6F6365645F637573746F6D3A206261F2
:10F8F800642070627566206C61796572007062754B
:10F90800665F667265653A2073616E65207479700A
:10F918006500706275665F667265653A20702D3E97
:10F92800726566203E20300070632D3E63757374E7
:10F938006F6D5F667265655F66756E6374696F6E1D
:10F9480020213D204E554C4C00706275665F616CFD
:10F958006C6F633A206261642070627566206C6126
:10F9680079657200636865636B20702D3E706179FC
:10F978006C6F6164202B20702D3E6C656E20646F67
:10F988006573206E6F74206F766572666C6F772072
:10F99800706275660072656D5F6C656E203C206DE7
:10F9A80061785F7531365F7400706275665F616C8F
:10F9B8006C6F633A207062756620712D3E706179B4
:10F9C8006C6F61642070726F7065726C7920616C05
:10F9D80069676E656400706275665F616C6C6F6301
:10F9E8003A206572726F6E656F75732074797065F1
:10F9F80000706275665F7265616C6C6F633A207047
:10FA080020213D204E554C4C00706275665F726532
:10FA1800616C6C6F633A2073616E6520702D3E7463
:10FA280079706500706275665F7265616C6C6F6392
:10FA38003A207120213D204E554C4C006D656D5F7C
:10FA48007472696D2072657475726E6564207120B8
:10FA58003D3D204E554C4C007062756620726566BF
:10FA6800206F766572666C6F7700286820213D20CC
:10FA78004E554C4C2920262620287420213D204E06
:10FA8800554C4C29202870726F6772616D6D6572D4
:10FA98002076696F6C617465732041504929007044
:10FAA8002D3E746F745F6C656E203D3D20702D3E59
:10FAB8006C656E20286F66206C61737420706275A7
:10FAC8006620696E20636861696E2900702D3E6E3C
:10FAD800657874203D3D204E554C4C00706275662B
:10FAE8005F636F70793A20746172676574206E6F16
:10FAF800742062696720656E6F75676820746F206F
:10FB0800686F6C6420736F75726365006F666673E7
:10FB180065745F746F203C3D20705F746F2D3E6C80
:10FB2800656E006F66667365745F66726F6D203C04
:10FB38003D20705F66726F6D2D3E6C656E00705F64
:10FB4800746F20213D204E554C4C00706275665FE5
:10FB5800636F7079282920646F6573206E6F742035
:10FB6800616C6C6F77207061636B6574207175656B
:10FB78007565732100706275665F636F70795F7079
:10FB880061727469616C3A20696E76616C6964208F
:10FB980062756600706275665F636F70795F706129
:10FBA800727469616C3A20696E76616C696420646C
:10FBB800617461707472002E2E2F4D6964646C65D7
:10FBC80077617265732F54686972645F50617274EB
:10FBD800792F4C7749502F7372632F636F72652F9B
:10FBE8007463702E630070636220213D204E554C73
:10FBF8004C006E65775F7263765F616E6E5F776EDD
:10FC080064203C3D2030786666666600646F6E2727
:10FC1800742063616C6C207463705F7265637665D1
:10FC28006420666F72206C697374656E2D706362F0
:10FC380073007463705F7265637665643A206C65FF
:10FC48006E2077726170706564207263765F776E7C
:10FC5800640A007463705F736C6F77746D723A2016
:10FC6800616374697665207063622D3E7374617494
:10FC78006520213D20434C4F5345440A007463706E
:10FC88005F736C6F77746D723A206163746976651F
:10FC9800207063622D3E737461746520213D204C91
:10FCA800495354454E0A007463705F736C6F7774E0
:10FCB8006D723A20616374697665207063622D3EC7
:10FCC800737461746520213D2054494D452D574179
:10FCD80049540A007463705F736C6F77746D723A7D
:10FCE800206D6964646C652074637020213D207404
:10FCF80063705F6163746976655F706362730074D3
:10FD080063705F736C6F77746D723A206669727393
:10FD18007420706362203D3D207463705F6163747A
:10FD28006976655F70636273007463705F736C6F8C
:10FD380077746D723A2054494D452D5741495420E6
:10FD48007063622D3E7374617465203D3D20544993
:10FD58004D452D57414954007463705F736C6F773C
:10FD6800746D723A206D6964646C652074637020E8
:10FD7800213D207463705F74775F706362730074F1
:10FD880063705F736C6F77746D723A206669727313
:10FD98007420706362203D3D207463705F74775FE8
:10FDA8007063627300756E73656E74207365676D3A
:10FDB800656E7473206C65616B696E6700756E6142
:10FDC800636B6564207365676D656E7473206C651D
:10FDD800616B696E67006F6F736571207365676D1E
:10FDE800656E7473206C65616B696E670070636221
:10FDF8002D3E666C61677320262054465F52584337
:10FE08004C4F53454400646F6E27742063616C6CDB
:10FE1800207463705F61626F72742F7463705F61C6
:10FE280062616E646F6E20666F72206C69737465B0
:10FE38006E2D70636273002E2E2F4D6964646C659D
:10FE480077617265732F54686972645F5061727468
:10FE5800792F4C7749502F7372632F636F72652F18
:10FE68007463705F696E2E63007463705F7265639C
:10FE7800656976653A2077726F6E6720737461746E
:10FE880065007063622D3E736E645F71756575659C
:10FE98006C656E203E3D20706275665F636C656EB2
:10FEA800286E6578742D3E7029007463705F7265E2
:10FEB80063656976653A2076616C69642071756559
:10FEC8007565206C656E67746800696E7365672E6A
:10FED8007020213D204E554C4C00696E73616E6553
:10FEE800206F666673657421007062756620746F92
:10FEF8006F2073686F72742100706275665F686541
:10FF080061646572206661696C6564007463705F22
:10FF1800726563656976653A207365676D656E74A9
:10FF2800206E6F74207472696D6D656420636F72E2
:10FF3800726563746C7920746F207263765F776E74
:10FF4800640A007463705F726563656976653A2058
:10FF58007365676D656E74206E6F74207472696D59
:10FF68006D656420636F72726563746C7920746F59
:10FF7800206F6F7365712071756575650A0074630C
:10FF8800705F726563656976653A207463706C6545
:10FF98006E203E207263765F776E640A0074637029
:10FFA8005F726563656976653A206F6F7365712066
:10FFB8007463706C656E203E207263765F776E6442
:10FFC8000A00702D3E6E65787420213D204E554CF8
:10FFD8004C00702D3E6C656E203D3D203000702D2C
:10FFE8003E746F745F6C656E203D3D20702D3E6ED3
:08FFF8006578742D3E746F74EE
:020000040801F1
:100000005F6C656E007463705F696E7075743A2022
:10001000616374697665207063622D3E73746174E8
:100020006520213D20434C4F534544007463705F6D
:10003000696E7075743A20616374697665207063C7
:10004000622D3E737461746520213D2054494D45F5
:100050002D57414954007463705F696E7075743A2E
:1000600020616374697665207063622D3E737461EC
:10007000746520213D204C495354454E00746370F3
:100080005F696E7075743A207063622D3E6E65789C
:100090007420213D2070636220286265666F72655E
:1000A00020636163686529007463705F696E7075B1
:1000B000743A207063622D3E6E65787420213D2075
:1000C000706362202861667465722063616368658D
:1000D00029007463705F696E7075743A2054494DDD
:1000E000452D57414954207063622D3E73746174ED
:1000F00065203D3D2054494D452D574149540074DC
:1001000063705F696E7075743A207063622D3E7320
:100110007461746520213D20434C4F534544007069
:1001200063622D3E736E645F71756575656C656E97
:10013000203E2030006E6F207365676D656E742001
:10014000746F2066726565007063622D3E6C697322
:1001500074656E65722D3E61636365707420213D28
:10016000204E554C4C007063622D3E72656675736F
:1001700065645F64617461203D3D204E554C4C00C8
:100180002E2E2F4D6964646C6577617265732F54F0
:10019000686972645F50617274792F4C7749502F8F
:1001A0007372632F636F72652F7463705F6F757402
:1001B0002E63006E65656420756E636861696E65A7
:1001C00064207062756600702D3E746F745F6C659C
:1001D0006E203E3D206F70746C656E0063686563D1
:1001E0006B20746861742066697273742070627524
:1001F000662063616E20686F6C642073747275632F
:1002000074207463705F686472007463705F656EFD
:1002100071756575655F666C6167733A206E6565BB
:100220006420656974686572205443505F53594E69
:10023000206F72205443505F46494E20696E2066FD
:100240006C616773202870726F6772616D6D657283
:100250002076696F6C617465732041504929007480
:1002600063705F656E71756575655F666C616773F8
:100270003A20636865636B207468617420666972F4
:10028000737420706275662063616E20686F6C64A1
:10029000206F70746C656E007365672D3E746370BB
:1002A000686472206E6F7420616C69676E656400AB
:1002B0007463705F656E71756575655F666C6167A7
:1002C000733A20696E76616C6964207365676D6549
:1002D0006E74206C656E677468007463705F656E21
:1002E00071756575655F666C6167733A20696E76D6
:1002F000616C6964207175657565206C656E6774E5
:100300006800646F6E27742063616C6C2074637086
:100310005F6F757470757420666F72206C6973748A
:10032000656E2D7063627300525354206E6F74209B
:100330006578706563746564206865726521002E58
:100340002E2F4D6964646C6577617265732F5468F4
:100350006972645F50617274792F4C7749502F73C2
:1003600072632F636F72652F74696D656F75747337
:100370002E63007379735F74696D656F75743A20CD
:1003800074696D656F757420213D204E554C4C2C61
:1003900020706F6F6C204D454D505F5359535F5423
:1003A000494D454F555420697320656D707479002F
:1003B0002E2E2F4D6964646C6577617265732F54BE
:1003C000686972645F50617274792F4C7749502F5D
:1003D0007372632F636F72652F7564702E63007084
:1003E0006275665F686561646572206661696C65E7
:1003F000640A00636865636B2074686174206669D1
:1004000072737420706275662063616E20686F6C11
:100410006420737472756374207564705F686472AD
:10042000002E2E2F4D6964646C6577617265732FA1
:1004300054686972645F50617274792F4C774950C7
:100440002F7372632F636F72652F697076342F6418
:100450006863702E6300646863705F6F7074696FA7
:100460006E5F73686F72743A20646863702D3E6FBC
:100470007074696F6E735F6F75745F6C656E202B3F
:100480002032203C3D20444843505F4F5054494F58
:100490004E535F4C454E00646863705F6F707469C3
:1004A0006F6E3A20646863702D3E6F7074696F6E72
:1004B000735F6F75745F6C656E202B2032202B206C
:1004C0006F7074696F6E5F6C656E203C3D204448B0
:1004D00043505F4F5054494F4E535F4C454E00645C
:1004E0006863705F6F7074696F6E5F627974653A8C
:1004F00020646863702D3E6F7074696F6E735F6FF8
:1005000075745F6C656E203C20444843505F4F50CB
:1005100054494F4E535F4C454E00646863705F6FA3
:100520007074696F6E5F747261696C65723A206491
:1005300068637020213D204E554C4C006468637008
:100540005F6F7074696F6E5F747261696C65723A27
:1005500020646863702D3E6D73675F6F7574202132
:100560003D204E554C4C0A00646863705F6F707498
:10057000696F6E5F747261696C65723A206468635A
:10058000702D3E6F7074696F6E735F6F75745F6C02
:10059000656E203C20444843505F4F5054494F4EB5
:1005A000535F4C454E0A00646863705F6F707469F6
:1005B0006F6E5F6C6F6E673A20646863702D3E6F7C
:1005C0007074696F6E735F6F75745F6C656E202BEE
:1005D0002034203C3D20444843505F4F5054494F05
:1005E0004E535F4C454E00646863705F6372656193
:1005F00074655F6D73673A206E6574696620213D8E
:10060000204E554C4C00646863705F637265617482
:10061000655F6D73673A206468637020213D204EEA
:10062000554C4C00646863705F6372656174655F0C
:100630006D73673A20646863702D3E705F6F7574E8
:10064000203D3D204E554C4C00646863705F6372E2
:10065000656174655F6D73673A20646863702D3EF1
:100660006D73675F6F7574203D3D204E554C4C0097
:10067000646863705F6372656174655F6D73673A28
:1006800020636865636B20746861742066697273A7
:100690007420706275662063616E20686F6C6420E0
:1006A00073747275637420646863705F6D73670040
:1006B000646863705F64656C6574655F6D73673AE9
:1006C000206468637020213D204E554C4C006468C6
:1006D00063705F64656C6574655F6D73673A206411
:1006E0006863702D3E705F6F757420213D204E55FC
:1006F0004C4C00646863705F64656C6574655F6D25
:1007000073673A20646863702D3E6D73675F6F7521
:100710007420213D204E554C4C00646863705F622C
:10072000696E643A206E6574696620213D204E55DD
:100730004C4C00646863705F62696E643A20646860
:10074000637020213D204E554C4C00646863705FFF
:10075000696E635F7063625F726566636F756E7406
:1007600028293A206D656D6F7279206C65616B0088
:10077000646863705F7063625F726566636F756EF5
:100780007428293A20726566636F756E74206572ED
:10079000726F72007265706C79207761736E277466
:1007A000206672656564006C656E203D3D203400F6
:1007B0006C656E203E3D206465636F64655F6C65AB
:1007C0006E006C656E203D3D2031006F7665726C69
:1007D0006F616420696E2066696C652F736E616D50
:1007E0006500636865636B206465636F64655F695A
:1007F0006478006E65787420706275662077617326
:10080000206E756C6C006E6574696620616C726533
:1008100061647920686173206120737472756374F8
:1008200020646863702073657400646863705F732C
:10083000746F703A206E6574696620213D204E55B4
:100840004C4C006E65746966206973206E6F74206D
:1008500075702C206F6C64207374796C6520706FD8
:1008600072743F007062756620705F6F75742077D8
:1008700061736E2774206672656564002E2E2F4D9D
:100880006964646C6577617265732F54686972641A
:100890005F50617274792F4C7749502F7372632FB8
:1008A000636F72652F697076342F6574686172703A
:1008B0002E6300636865636B2074686174206669E9
:1008C00072737420706275662063616E20686F6C4D
:1008D0006420737472756374206574686172705FEC
:1008E000686472006E657469662D3E687761646441
:1008F000725F6C656E206D7573742062652074681C
:10090000652073616D65206173204554485F4857C9
:10091000414444525F4C454E20666F7220657468B6
:1009200061727021006172705F7461626C655B69F5
:100930005D2E71203D3D204E554C4C0069203C20E1
:100940004152505F5441424C455F53495A45006102
:1009500072705F7461626C655B695D2E7374617443
:1009600065203D3D204554484152505F5354415409
:10097000455F454D5054590069706164647220218F
:100980003D204E554C4C006574685F7265742021A3
:100990003D204E554C4C006E657469662D3E68775F
:1009A000616464725F6C656E203D3D204554485F14
:1009B0004857414444525F4C454E006172705F7429
:1009C00061626C655B6172705F6964785D2E7374DF
:1009D000617465203E3D204554484152505F535458
:1009E0004154455F535441424C45006E6F20706145
:1009F000636B65742071756575657320616C6C6FD0
:100A000077656421002E2E2F4D6964646C657761D3
:100A10007265732F54686972645F50617274792FC4
:100A20004C7749502F7372632F636F72652F697013
:100A300076342F69636D702E6300636865636B2085
:100A400074686174206669727374207062756620C0
:100A500063616E20686F6C642069636D70206D65E2
:100A600073736167650069636D705F696E7075743B
:100A70003A206D6F76696E6720722D3E7061796CD9
:100A80006F616420746F2069636D702068656164B4
:100A90006572206661696C65640A0069636D705FE8
:100AA000696E7075743A20726573746F72696E67DF
:100AB000206F726967696E616C20702D3E7061797C
:100AC0006C6F6164206661696C65640A002E2E2F6C
:100AD0004D6964646C6577617265732F54686972DF
:100AE000645F50617274792F4C7749502F73726331
:100AF0002F636F72652F697076342F6970342E639F
:100B000000702D3E726566203D3D203100636865B2
:100B1000636B2074686174206669727374207062FC
:100B200075662063616E20686F6C642073747275E3
:100B300063742069705F686472002E2E2F4D6964A3
:100B4000646C6577617265732F54686972645F5075
:100B5000617274792F4C7749502F7372632F636FD2
:100B600072652F697076342F6970345F66726167C1
:100B70002E630073616E69747920636865636B200E
:100B80006C696E6B6564206C697374007072657655
:100B900020213D2069707200707265762D3E6E6571
:100BA0007874203D3D206970720070627566735FD5
:100BB0006672656564202B20636C656E203C3D2069
:100BC0003078666666660069705F72656173735F30
:100BD00070627566636F756E74203E3D20636C6550
:100BE0006E0070637220213D204E554C4C006368AE
:100BF00065636B20667261676D656E747320646FE8
:100C00006E2774206F7665726C6170006E6F207055
:100C1000726576696F757320667261676D656E7453
:100C20002C2074686973206D75737420626520745C
:100C3000686520666972737420667261676D656E9F
:100C400074210073616E69747920636865636B0059
:100C500076616C69646174655F6461746167726117
:100C60006D3A6E6578745F70627566213D4E554CC5
:100C70004C006970345F66726167282920646F6573
:100C800073206E6F7420737570706F72742049508A
:100C9000206F7074696F6E730069705F6672616750
:100CA00028293A204D4620616C7265616479207371
:100CB00065740074686973206E65656473206120D3
:100CC0007062756620696E206F6E6520706965635D
:100CD0006521002E2E2F4D6964646C657761726505
:100CE000732F54686972645F50617274792F4C7706
:100CF00049502F7372632F6E657469662F6574682F
:100D000065726E65742E63006E657469662D3E684B
:100D100077616464725F6C656E206D7573742062B8
:100D200065203620666F722065746865726E657422
:100D30005F6F757470757421002E2E2F5372632FA0
:100D400065746865726E657469662E6300457468C3
:100D50004966006372656174696E672061646469E5
:100D600074696F6E616C207461736B732C20717584
:100D7000657565732C20616E642073656D70687293
:100D8000732E2E2E0A004572726F723A206C6F6FAE
:100D9000705175657565206973204E554C4C0A007D
:100DA0004572726F723A2073656D5F4558544920E1
:100DB0006E6F7420637265617465640A00656E7499
:100DC0006572696E672053746172744465666175FB
:100DD0006C745461736B206D61696E206C6F6F7001
:100DE0000077616974696E6720666F722073656D44
:100DF0005F455854492E2E2E0A0073656D5F455885
:100E0000544920736572766963696E67204558544A
:100E1000490A0043757272656E7420737973746940
:100E20006D652069733A20253035640A00256420F9
:100E3000636861727320746F2066696C6C206275E0
:100E4000666665720A00256320005A206B6F6C6528
:100E50006A6B69206C6F6F705175657565206F6482
:100E6000656272616E6F207A6E616B3A2025630A4B
:100E7000001B5B303B34356D0A4E75636C656F2D1E
:100E800031343420463432395A49206E75636C65EA
:100E90006F2D62617369632D76332070726F6A659E
:100EA00063741B5B303B34396D0A001B5B313B3391
:100EB000336D46756E6B636A6120787072696E740B
:100EC0006620647A69616C612E1B5B303B33396D3F
:100ED0000A001B5B303B33326D46756E6B636A6193
:100EE000207072696E74662074657A20647A696114
:100EF0006C612E1B5B303B33396D006572726F7213
:100F00002073657474696E67207570205541525462
:100F10003320444D410A0064656661756C74546108
:100F2000736B002E2E2F5372632F73746D333266E2
:100F30003478785F68616C5F6D73702E63006465F0
:100F40006661756C742068616E646C6572210A005C
:100F50002E2E2F5372632F757362685F636F6E66F8
:100F60002E6300555342204469736B206973206ED1
:100F70006F74207265616479210055534220446981
:100F8000736B2069732057726974652070726F7477
:100F9000656374656421005245454E54206D616C53
:100FA0006C6F6320737563636565646564002F62AD
:100FB00075696C642F676E752D746F6F6C732D6619
:100FC0006F722D73746D33325F31332E332E726531
:100FD0006C312E32303234303932362D31373135B2
:100FE0002F7372632F6E65776C69622F6E65776CF5
:100FF00069622F6C6962632F7374646C69622F720B
:10100000616E642E63002C2066756E6374696F6E6A
:101010003A2000617373657274696F6E20222573C4
:1010200022206661696C65643A2066696C652022DD
:101030002573222C206C696E652025642573257329
:101040000A00232D302B2000686C4C006566674534
:101050004647003031323334353637383941424330
:1010600044454600303132333435363738396162E1
:1010700063646566000000003C110108301101083E
:1010800024110108181101080C11010800110108B0
:10109000F4100108E8100108DC100108D010010864
:1010A000C4100108B8100108AC100108600210005B
:1010B000988800209488002010001000A0AE002026
:1010C0009CAE002010000500A8AF0020A4AF0020B7
:1010D0001000080000B00020FCAF00201000080045
:1010E00088B0002084B000202C00040010B1002043
:1010F0000CB1002010000200C8B10020C4B10020D3
:1011000018000F00F0B10020ECB100202000050015
:1011100060B300205CB300201000100008B4002071
:1011200004B400201C00080010B500200CB50020FD
:1011300098000500F8B50020F4B500202000040058
:10114000F8B80020F4B8002036220E00000000009D
:1011500090B9002094B900208CB9002088B90020F3
:1011600003060C1830607801020304050607070720
:1011700007070707FA000000257F0008E8030000C2
:1011800035C50008E8030000EDBA000860EA000079
:101190000DB50008F401000059B60008FFFFFFFF7D
:1011A00000000000000000000000FFFFFFFFFFFF45
:1011B0000000000000000000010203040000000025
:1011C000000000000102030406070809D3DD00083F
:1011D000D9DD000851DE0008A9DE0008F1DD0008B5
:0811E00010F0FE7F0100000089
:0411E800D501000825
:0411EC00B101000845
:1011F0000100000096F2000808000000D93900083C
:101200008D39000811390008E5350008E13500087E
:1012100000000000AAAAAAAA6E19000000C00000DF
:101220000024F400000000000300000060F400202F
:10123000440000200000000060F40020C8F40020FA
:1012400030F5002000000000000000000000000059
:10125000000000000000000000000000000000008E
:10126000000000000000000000000000000000007E
:10127000000000000000000000000000000000006E
:040000050800DF35DB
:00000001FF
