:020000040800F2
:1000000000000320110001086100010861000108DF
:1000100061000108610001086100010800000000A2
:1000200000000000000000000000000081800008C7
:100030006100010800000000118100085DF900085E
:100040006100010861000108610001086100010808
:10005000610001086100010861F900086100010800
:1000600061000108610001086100010861000108E8
:1000700069F900086100010875F9000861000108CC
:1000800061000108610001086100010861000108C8
:1000900061000108610001086100010861000108B8
:1000A00061000108610001086100010861000108A8
:1000B0006100010861000108610001086100010898
:1000C0006100010861000108610001086100010888
:1000D00061000108610001086100010881F9000860
:1000E0008DF9000861000108610001086100010844
:1000F0006100010861000108610001086100010858
:100100006100010861000108610001086100010847
:10011000610001086100010895F90008610001080B
:100120006100010861000108610001086100010827
:1001300061000108A1F900086100010861000108DF
:10014000610001086100010861000108ADF90008C3
:1001500061000108610001086100010861000108F7
:1001600061000108610001086100010861000108E7
:100170006100010861000108610001080000000041
:1001800061000108610001086100010861000108C7
:1001900061000108610001086100010861000108B7
:0C01A00061000108610001086100010815
:1001B00010B5054C237833B9044B13B10448AFF3A1
:1001C00000800123237010BD980000200000000073
:1001D0006816010808B5034B1BB103490348AFF388
:1001E000008008BD000000009C0000206816010887
:1001F000034613F8012B002AFBD1181A0138704767
:1002000001F0FF01102A2BDB10F0070F08D010F8C7
:10021000013B013A8B422DD010F0070F42B3F6D1CB
:10022000F0B441EA012141EA014122F007047FF0E4
:1002300000070023F0E80256083C85EA010586EA3B
:10024000010685FA47F5A3FA87F586FA47F6A5FA77
:1002500087F68EB9EED1F0BC01F0FF0102F0070283
:1002600032B110F8013B013A83EA010313B1F8D12E
:100270000020704701387047002D06BF354603380F
:10028000073815F0010F07D1013015F4807F02BF48
:10029000013015F4C03F0130F0BC0138704700BF99
:1002A00053B94AB9002908BF00281CBF4FF0FF31DD
:1002B0004FF0FF3000F06EB9ADF1080C6DE904CEDF
:1002C00000F006F8DDF804E0DDE9022304B0704731
:1002D0002DE9F047089D04468C46002B40F08380B2
:1002E0008A42174647D9B2FA82F242B1C2F12000DF
:1002F00024FA00F09140974040EA010C94404FEA04
:100300001748230CBCFBF8F61FFA87FE08FB16C142
:1003100043EA014306FB0EF1994209D9FB1806F1A5
:10032000FF3080F01981994240F21681023E3B4431
:100330005B1AA4B2B3FBF8F008FB103344EA0344A1
:1003400000FB0EFEA64509D93C1900F1FF3380F0F1
:100350000581A64540F2028102383C4440EA06404D
:10036000A4EB0E0400261DB1D4400023C5E90043D0
:100370003146BDE8F08702B9FFDEB2FA82F2002A08
:1003800050D1CB1B4FEA174E1FFA87F80126B3FB5B
:10039000FEFC210C0EFB1C3341EA034108FB0CF36D
:1003A0008B4207D979180CF1FF3002D28B4200F250
:1003B000E9808446C91AA3B2B1FBFEF00EFB10110E
:1003C00043EA014408FB00F8A04507D93C1900F1B5
:1003D000FF3302D2A04500F2D9801846A4EB0804EE
:1003E00040EA0C40BFE78B4209D9002D00F0B180F4
:1003F0000026C5E9000130463146BDE8F087B3FA72
:1004000083F6002E4AD18B4202D3824200F2B8809A
:10041000841A61EB030101208C46002DA8D0C5E9A8
:10042000004CA5E7C2F1200320FA03F6974001FA39
:1004300002F04FEA174ED9403043030CB1FBFEF6F1
:100440001FFA87F80EFB161143EA014306FB08F179
:10045000994204FA02F409D9FB1806F1FF3C80F036
:100460008D80994240F28A80023E3B445B1A81B201
:10047000B3FBFEF00EFB103341EA034100FB08F32F
:100480008B4207D9791800F1FF3C73D28B4271D9A6
:1004900002383944CB1A40EA064678E7C6F1200C08
:1004A00003FA06F422FA0CF31C4320FA0CF701FAC3
:1004B00006F34FEA144E21FA0CF11F433B0CB1FB3B
:1004C000FEF91FFA84F80EFB191143EA014109FBFA
:1004D00008FA8A4502FA06F200FA06F308D961180A
:1004E00009F1FF3048D28A4546D9A9F102092144D1
:1004F000A1EB0A01BFB2B1FBFEF00EFB101147EAFF
:10050000014700FB08F8B84507D9E71900F1FF31AA
:100510002ED2B8452CD90238274440EA0940A7EB2F
:100520000807A0FB02894F45C64649461AD317D093
:100530005DB1B3EB0E0267EB010707FA0CFCF2406A
:100540004CEA0202F740C5E9002700263146BDE823
:10055000F0872E4628460BE70646E9E61846FDE6F4
:100560004345E5D2B8EB020E69EB04010138DFE741
:100570000846D2E760468DE78146B9E7664675E7EB
:1005800030464AE7ACF1020C394413E702383C44E8
:1005900024E700BF704700BF08B50B4B1A6842F450
:1005A00000721A601A6842F480621A601A6842F493
:1005B00080721A60032000F02FF800200FF090F9ED
:1005C0000FF0A4F8002008BD003C0240034A044B91
:1005D00011681B780B441360704700BFF0A3002024
:1005E00000000020014B1868704700BFF0A30020F6
:1005F00038B50446FFF7F6FF631C1CBF054B1B789C
:10060000054618BFE418FFF7EDFF431BA342FAD3DA
:1006100038BD00BF000000200749CA6822F4E0622C
:100620000302120403F4E063120C134343F0BF63AC
:1006300043F40033CB60704700ED00E0164B30B55B
:10064000DC68C4F30224C4F10705231D042D28BF70
:100650000425062B4FF0FF338CBF033C002403FA24
:1006600005F521EA0501A34022EA0302A140002882
:1006700041EA0203ACBF00F16040084A4FEA0313AD
:10068000B8BF00F00F00DBB2AABF00F56140135401
:1006900080F8003330BD00BF00ED00E014ED00E055
:1006A0004209012300F01F0003FA00F0014B43F858
:1006B0002200704700E100E00138B0F1807F0AD2EB
:1006C000064B074A5860F02182F8231000200722C9
:1006D00098601A6070470120704700BF10E000E08A
:1006E00000ED00E0044B1A6804280CBF42F004023D
:1006F00022F004021A60704710E000E0036810B5B1
:10070000084C0246D9B210391820B1FBF0F0205C39
:10071000D06523F47F7020F003005F2988BF043088
:10072000906510BDC416010870B50446FFF75AFF66
:100730000546002C73D0002384F83430226802234D
:1007400084F83530136823F00103136021680B68C7
:10075000D8072FD40B68334DA0691D40D4E901237D
:100760001343E26813432269134362691343E26946
:1007700003431343226A1343626A042A43EA0503CC
:1007800002BFD4E90B5635432B430B604B69042A57
:1007900023F0070343EA020333D1A26AE56A134355
:1007A0007DB390B9012A21D032F0020229D1EA01A9
:1007B00027D51EE0FFF716FF401B0528C6D92023CA
:1007C0006365032084F8350070BDB0F5005F14D177
:1007D000032A16D801A050F822F000BFF307000842
:1007E000AF070008F3070008ED070008B5F1C07F68
:1007F00007D1402363650120E4E7022AF9D9032ADF
:10080000D5D04B612046FFF779FFE26D3F2393403F
:10081000836000200123606584F83530D4E701202F
:10082000D2E700BF3F8010F090F83530022B03D0A4
:1008300080234365012070470268052380F8353026
:10084000136823F00103136000207047F7B50023FD
:1008500001935C4B856D1F68C36D2E6808229A401A
:10086000324204460CD001680868400708D5086881
:1008700020F004000860AA60626D42F00102626527
:1008800001229A40324208D021684969090641BFD5
:10089000AA60626D42F00202626504229A4032420E
:1008A00008D021680968880741BFAA60626D42F0DC
:1008B0000402626510229A40324210D023681968FF
:1008C00009070CD5AA601A68500337D51B681903AD
:1008D00001D4236C00E0A36C0BB120469847E16D76
:1008E00020228A4032423AD023681868C60636D59C
:1008F000AA6094F83520052A1A6827D122F016023A
:100900001A605A6922F080025A61226C0AB9A26CFC
:100910001AB11A6822F008021A603F238B40AB60BC
:10092000002384F83430012384F83530236D002B04
:1009300045D0204603B0BDE8F04018471A68D205FC
:100940005EBF1A6822F008021A60C2E7500327D57A
:100950001B68190331D4636C0BB120469847636D53
:100960006BB3636DDA0719D522684FF41653B7FBE2
:10097000F3F7052384F83530136823F0010313607F
:10098000019B0133BB42019302D81368DB07F7D404
:10099000002384F83430012384F83530E36CC6E753
:1009A0001A6812F4807208D1196821F010011960D8
:1009B000012384F8342084F83530E36BCCE703B0AE
:1009C000F0BD00BF30000020074B82B01B684FF421
:1009D000FA52B3FBF2F3019300BF019B5A1E01923E
:1009E000002BF9D102B070473000002007B500237A
:1009F000019341F2180103685A5842F480125A5088
:100A00005B580193FFF7E0FF019A03685A5003B067
:100A10005DF804FB70B5044629B14FF480434FF4F0
:100A20000062C0E90232E3692268002BD4E9023592
:100A30000CBF4FF4806100212B4310680B432D49FC
:100A400001400B4343F40073136001201568FFF766
:100A5000CFFD236840221D6001205A605D68FFF7CA
:100A6000C7FD23685D6000259D60DD609A6922F006
:100A7000BE021204120C42F080029A6101209E69AB
:100A8000FFF7B6FD236801209E61DD61DD69FFF798
:100A9000AFFD2268184BD56141F21805012051596C
:100AA0000B4043F0087343F0040353515659FFF7CA
:100AB0009FFD2368114A5E5103F5805301201A609F
:100AC0001D68FFF795FD226802F580531D60A3693C
:100AD000012B07D141F21C01535843F4803343F0FA
:100AE000400353506369064A998811601A68054BA0
:100AF0001A6070BD0F8120FF233FDEF88020C10205
:100B000040800240448002402DE9F04190F8454089
:100B1000012C4FF0020431D0012580F8455080F8B7
:100B20004440C1620C4600254FF4801740F2F45C4B
:100B300003F1FF3E9D420CD1026841F21003D150F7
:100B4000012380F84430002380F845301846BDE882
:100B5000F0810CFB0526A660C66927601EB92668D1
:100B600046F44006266004F12006AE4594BF884650
:100B7000B046C4F80C8001353446DBE72046E6E792
:100B80002DE9F04390F84540012C4FF002042FD09E
:100B9000012580F8455080F8444081620C460025CC
:100BA0004FF0004744F2F45C40F2F45E03F1FF388A
:100BB000AB420CD1026841F20C03D150012380F802
:100BC0004430002380F845301846BDE8F0830EFB22
:100BD0000526A66004F12006A84594BF8946B146C3
:100BE0002760C4F804C0C4F80C9001353446DFE730
:100BF0002046EAE7F0B590F84530012B4FF00203AC
:100C000068D0012280F8452080F8443029B980F866
:100C1000442080F845101046F0BDC36A1C68002CC3
:100C200006DA122380F84430002380F84530F2E7DA
:100C300040F2F454A1422ED9B1FBF4F204FB121499
:100C40003CB30132244C01F2F45104FB0211C1F314
:100C50000C01002440F2F456571E1D6825F0405543
:100C60001D601CB91D6845F080551D60A74208BF76
:100C70001D685E6004BF45F000551D601D6808BF1B
:100C80005960013445F0004594421D60DB68E4D1B1
:100C90000DE0012AD6D11A6842F040521A601A6853
:100CA000C1F30C0142F0004259601A60DB68C36274
:100CB00041F2140203689958490705D50421995057
:100CC00041F2040200219950012380F844300023AE
:100CD00080F8453018469FE70CFAFFFF70B590F892
:100CE0004530012B4FF002033BD0012280F8452014
:100CF00080F8443005241146836A1A68002A01DB13
:100D0000013C06D10123002280F8443080F84520C0
:100D100027E01A68DD6802F44072B2F5007F03D163
:100D2000036381638562E7E71E68826B16F4407F88
:100D300002F1010201D18263F4E7012A08BF0363D3
:100D4000C0E90D321B68C3F30D43043BC363036B5F
:100D50009B680364012380F844300023856280F897
:100D60004530184670BD7047704770B5026841F253
:100D700014060446955915F0400521D00EF01AF9D5
:100D8000236840229A51012384F84430002384F8D8
:100D90004530236841F214054FF480325A515B59B3
:100DA0001B040CD52046FFF7DFFF23684FF40042F9
:100DB0005A51012384F84430002384F8453070BD33
:100DC0009359DA07E5D5FFF7CEFF22680123935147
:100DD00084F8443084F84550DBE7F8B590F84430A7
:100DE000822B0646154631D0822380F84430348A5F
:100DF0000368E4021869890101F4F861A4B200F003
:100E00001C000C43044344F001041C61FFF7EAFB9F
:100E1000074614F0010408D133685B699BB22B606C
:100E2000012386F8443020460CE0FFF7DBFBC01BB3
:100E3000B0F5803F07D3012386F84430002386F8BD
:100E400045300320F8BD33681C69E2E70220F9E76A
:100E500070B590F84430422B05462FD0422380F8DD
:100E600044302C8A0368E4021869890101F4F861AE
:100E7000A4B200F01C000C43044392B244F00304FB
:100E80005A611C61FFF7AEFB064614F0010404D161
:100E9000012385F8443020460CE0FFF7A3FB801BBC
:100EA000B0F5803F07D3012385F84430002385F84F
:100EB0004530032070BD2B681C69E6E70220F9E786
:100EC000F7B5002300930446002800F0DF8090F877
:100ED000443003F0FF021BB980F845200EF002F801
:100EE000002301936A4B5A6C42F480425A645B6C53
:100EF00003F480430193019B664B5A6822F400027D
:100F00005A605A68216A0A435A60236803F580537D
:100F10001A6842F001021A60FFF764FB0546236875
:100F200003F580521268D0071DD41D6901F08CF8BA
:100F3000594B5A4A0344934225F01C0522D245F0EE
:100F4000080523684FF400421D6100212046FFF789
:100F50007FFF054668B3012120460125FFF75AFDB2
:100F600084F844500BE0FFF73DFB401BB0F5FA7FDF
:100F7000D5D90325002384F8445084F84530284609
:100F800003B0F0BD464B474A0344934202D845F0B4
:100F90000C05D6E7444B454A03449342D1D3444B16
:100FA000444A0344934294BF45F0040545F01005BC
:100FB000C7E7FF20FFF71CFB6368002B54D0FFF747
:100FC00011FB41F2883706466A4601212046FFF7A9
:100FD00004FFFFF707FB801BB8420BD90121204615
:100FE000FFF718FD012384F84430002384F84530CE
:100FF0000325C4E7009B5907E6D54FF48052002132
:101000002046FFF725FF0028A5D1FFF7EBFA41F2B4
:10101000883706466A4601212046FFF7DEFEFFF7C5
:10102000E1FA801BB842D9D8009B9A06F2D56A46ED
:1010300010212046FFF7D1FE00288CD1009B13F031
:10104000040218BF4FF400629B0758BF4FF480435F
:10105000E2604CBFA060A36000212046FFF7DAFCED
:10106000012384F844308AE7D4E902325B0843EA7A
:10107000D20292B229462046FFF7EAFE00287FF40A
:101080006AAF40F6FF70FFF7B3FAE5E7012576E7B0
:10109000003802400038014000D3CEFEC0E1E40039
:1010A00040F1E9FD3F787D0100796CFC005A620255
:1010B000001F0AFA7FF0FA0237B590F84530012B8D
:1010C0004FF002042FD080F844400368002401252B
:1010D00080F8455001941A6842F008021A601B68B3
:1010E0000193FFF771FC0368019A1A6000941A6873
:1010F00042F004021A601B680093FFF765FC036866
:10110000009A1A60FFF772FC41F218030268D15886
:1011100041F40051D150D15841F00201D15080F832
:10112000445080F84540204603B030BD2DE9F04FD3
:10113000744ADFF8D881DFF8D89185B000230C68B5
:1011400001279F4007EA040537EA040440F0C18004
:101150004C6824F0100ABAF1020F16D14FEAD30EF0
:1011600000EB8E0E03F0070BDEF820604FEA8B0BCE
:101170004FF00F0C0CFA0BFC26EA0C0C0E6906FA69
:101180000BF646EA0C06CEF82060D0F800B04FEA25
:10119000430E4FF0030C0CFA0EFC6FEA0C062BEA20
:1011A0000C0B04F0030C0CFA0EFC0AF1FF3A4CEAAB
:1011B0000B0CBAF1010F0196C0F800C015D8D0F899
:1011C00008C006EA0C0CCE6806FA0EFA4AEA0C0CC5
:1011D000C0F808C0D0F804C02CEA0707C4F3001C0C
:1011E0000CFA03FC4CEA07074760C768019E3740CA
:1011F0008E6806FA0EF63E43C660E60069D54FF0EB
:10120000000BCDF80CB0D8F844703F4E47F480473F
:10121000C8F84470D8F8447007F480470397039FD8
:1012200023F0030707F1804707F59C3703F0030E0F
:10123000D7F808A04FEA8E0E4FF00F0C0CFA0EFCF8
:10124000B0422AEA0C0C4BD006F58066B04249D079
:1012500006F58066B04247D006F58066B04245D0BC
:1012600006F58066B04243D0484543D006F5006697
:10127000B04241D006F58066B0423FD006F58066A8
:10128000B0423DD006F58066B0420CBF09260A2662
:1012900006FA0EF646EA0C06BE601668EF4314F432
:1012A000803F0CBF3E402E431660566814F4003F4A
:1012B0000CBF3E402E435660966814F4801F0CBF4E
:1012C0003E402E439660D668A40254BF3E402E4353
:1012D000D6600133102B7FF432AF05B0BDE8F08F3C
:1012E0005E46D5E70126D3E70226D1E70326CFE7FE
:1012F0000426CDE70526CBE70626C9E70726C7E77C
:101300000826C5E7003C01400000024000380240CA
:10131000001402400AB1816170470904FBE7436988
:101320005940416170477047044A5169014208B50C
:1013300002D05061FFF7F7FF08BD00BF003C01403D
:101340002DE9FF4105469DF828C095F890429DF88B
:101350002CE0BDF83080012C23D0012485F8904288
:10136000282404FB0154D00902F07F0684F83830A9
:1013700084F8391084F83FE084F83A6084F83B0040
:1013800084F83CC0A4F840802868CDF800C0CDE9BE
:1013900001E801F0C7FF002385F8903204B0BDE8F2
:1013A000F0810220FAE710B590F89032012B044644
:1013B00009D0012380F89032006801F07EFC002003
:1013C00084F8900210BD0220FCE72DE9F0410746A9
:1013D0008AB0A0B303233C4680F891320EF048FC5B
:1013E00054F8100B01F060FE0FCC6D460FC50FCC0A
:1013F0000FC594E8030085E8030007F104083E46A2
:1014000098E80E00386801F00FFE56F8100B012125
:1014100001F050FE0FCE6D460FC50FCE0FC594E8FC
:10142000030085E8030098E80E00386801F0FAFE32
:10143000012387F8913200200AB0BDE8F081012035
:10144000FAE72DE9F0419DF818C0079EBDF820503D
:101450009DF82470282404FB010EBCF1000F14BF7A
:101460004FF002084FF003088EF83B208EF83F3013
:101470008EF84280032B19D8DFE803F0025533447D
:10148000BCF1010F12D18AB9282303FB010315BB5C
:1014900083F851C00222282303FB010383F8422072
:1014A00093F85C20022A01D083F83D70282404FBC5
:1014B0000103002283F8391083F85C2083F85D2053
:1014C0001946C3E91165DA64BDE8F041027C0068A1
:1014D000383101F0ABBA93F85120002A18BF02222C
:1014E000D9E704FB0104B2B994F85120002A18BFCF
:1014F0001A4694F85C3084F84220022BD6D084F847
:101500003D70D3E704FB01042AB994F8513043B984
:1015100084F84220CAE794F8503013B984F8423076
:10152000C4E70223FAE704FB01040023F6E7000006
:101530002DE9F04F066887B00546304601F01AFEE7
:10154000012840F0EA80286801F010FE002800F031
:10155000E480286801F00AFE800248BF2B682868F2
:1015600044BF4FF400125A6101F000FEC10248BFAF
:101570002B68286844BF4FF480125A6101F0F6FDD1
:10158000420148BF2B68286844BF4FF080625A610F
:1015900001F0ECFD830748BF2B68286844BF022296
:1015A0005A6101F0E3FD870010D5D6F8403423F0EE
:1015B0002E03C6F8403428460EF09EFB2868012111
:1015C00001F0DCFD2B684FF000525A61286801F0F1
:1015D000CDFDC40140D52C68D4F840340493D4F830
:1015E00040340593059B23F02E030593049B980735
:1015F0000DD5049BD90706D5A36923F00053A36139
:1016000028460EF075FB059B43F002030593049BEF
:101610001A0717D5059B43F008030593049B5B0746
:1016200040F18680A96902297AD1049B286803F4D5
:10163000C023B3F5802F18BF012101F09FFD28467C
:101640000EF056FB049B9F0642BF059B43F0200310
:101650000593059BC4F84034286801F087FD000716
:1016600005D528460EF040FB2B6808225A612868F1
:1016700001F07CFD810112D5286801F00FFB06F511
:10168000A06301904FF000084FF001090293282752
:10169000AB682868434557D84FF00073436128680A
:1016A00001F064FDC30638D52C68A36923F010034C
:1016B000A361276AC7F34343022B29D1C7F30A1852
:1016C000B8F1000F24D007F00F07282606FB0756B5
:1016D000716CE9B14246204601F03AFD04F5A06480
:1016E000736CF26C04EB4714434442447364F26439
:1016F000BA4B226913405BB1236823F0804343F067
:101700000043236096F8503083F0010386F8503090
:101710002A68936943F01003936107B0BDE8F08F26
:10172000EB68032B04BF4EF66022C4F8042486E75E
:10173000D4F840342A6823F02E03C4F84034936967
:1017400043F0005393617DE7019A09FA08F31342CD
:1017500000F08380029A4FEA48135FFA88F699589E
:1017600000F5A06A0A044FEA461B0AEB461440F152
:10177000FA80A1684B0713D50421A160E16841F00C
:101780000201E160A168880539D5E368286843F063
:101790000203E360314601F090FA4FF400731AE15E
:1017A000A168890602D52021A160EBE7A1680A079C
:1017B00011D5E16841F00201E16007FB06514FF0ED
:1017C000050C81F85DC01021A1600821A16031469F
:1017D00001F073FAD6E7A1684B05D3D5E16841F073
:1017E0000201E160314601F068FA1021A16007FBB7
:1017F0000651082081F85D004FF48061D4E7A168AC
:10180000C9073DD5296949B107FB065C2069DCF8A9
:101810004810C0F31200091ACCF84C1007FB06510F
:101820000020886581F85D90C4F8089091F83F0029
:1018300010F0FD0F14D1E368286843F00203E36061
:10184000314601F03AFA1023A36007FB065696F8DA
:10185000503083F0010386F8503008F1010817E793
:101860000328F2D15BF80A0040F000504BF80A0060
:10187000012281F85C90284631460EF041FAE4E7F7
:10188000A1688A0734D5E16807FB065021F0020100
:10189000E16090F85D1001290CD180F85C10022302
:1018A000A36007FB0653314693F85C2028460EF0F0
:1018B00027FAD2E70529F0D0062901D00829EED170
:1018C00007FB0651886D032800F1010388BF002043
:1018D0008B6592BF02208865042081F85C005BF86C
:1018E0000A1021F0804141F000414BF80A10D6E780
:1018F000A1680B0611D5E36807FB065243F002030B
:10190000E360936D01339365062382F85D302868A8
:10191000314601F0D2F980235DE0A168C8069CD56C
:1019200007FB065191F83F10032907D1E1682868A9
:1019300041F00201E160314601F0BFF907FB0656B4
:10194000032186F85D101021A16096F83F1011F078
:10195000FD0F82D15BF80A1021F0804141F0004177
:101960004BF80A1079E7A368590706D50423A3604A
:10197000E36843F00203E3606FE7A36813F020031A
:1019800018D02023A36007FB065393F83D20012ABB
:101990007FF463AF042283F85D20E268039342F092
:1019A0000202E260314601F088F9039B022283F8CB
:1019B0005C2052E7A268520612D507FB06520421AA
:1019C00082F85D109365E36843F00203E3603146FB
:1019D00001F073F94023A3603FE700BF0000F81F48
:1019E000A36813F4007305D0E36843F00203E360D7
:1019F0003146D0E6A268D10710D507FB0652314622
:101A00009365E368039243F00203E36001F055F944
:101A1000039AC4F8089082F85D901EE7A3681A073D
:101A20000ED50823A360E36843F00203E360314668
:101A300001F043F907FB0656052386F85D300CE7F5
:101A4000A368DB0611D507FB065300229A65E268FE
:101A5000039342F00202E260314601F02EF9039B4B
:101A6000032283F85D201023B5E7A36819060CD57F
:101A7000E36843F00203E360314607FB065601F0DA
:101A80001CF9062386F85D3045E7A16811F48061F2
:101A90000FD0E36843F00203E360314601F00DF933
:101AA0001023A3604FF48063A36007FB065608234E
:101AB000C3E7A3689A077FF5D0AEE36823F002037B
:101AC000E36007FB065393F85D20012A0DD183F8EC
:101AD0005C2093F83F20022A7FF4E1AE93F8512076
:101AE00082F0010283F85120D9E6032A4FF0020068
:101AF00002D183F85C00D2E6042A04D183F85C00AA
:101B000083F83D10CBE6052A02D183F85C20C6E6B7
:101B1000062A02D0082A7FF4C2AE07FB06539A6D4C
:101B2000032A02F1010188BF0022996592BF0222B7
:101B30009A650422E9E700BF38B590F89032012B8E
:101B400004460DD0012580F89052006801F0A6FAF5
:101B50002068294601F048FB002084F8900238BD37
:101B60000220FCE710B590F89032012B044609D012
:101B7000012380F89032006801F0BAF9002084F85F
:101B8000900210BD0220FCE7006801F014BB28237E
:101B900003FB010090F85C007047282303FB010061
:101BA000C06C7047006801F0B8BB006801F0ACBBC6
:101BB0002DE9F341044618B9012002B0BDE8F081D7
:101BC0000368DD0710D4236898075BD423681A07DD
:101BD00000F19D8023685B0700F1BB80A269002AA9
:101BE00040F01C810020E8E7A54B9A6802F00C0247
:101BF000042A07D09A6802F00C02082A0AD15A680F
:101C0000510207D59E4B1B689A03DCD56368002BF5
:101C1000D9D1D1E76268B2F5803F11D11A6842F498
:101C200080321A60FEF7DEFC954E054633689B0352
:101C3000C9D4FEF7D7FC401B6428F7D90320BCE7C2
:101C40008F4DB2F5A02F2B6807D143F480232B6072
:101C50002B6843F480332B60E4E723F480332B605C
:101C60002B6823F480232B60002ADBD1FEF7BAFC1B
:101C700006462B689F03A6D5FEF7B4FC801B64289C
:101C8000F7D9DBE77E4B9A6812F00C0F07D09A6801
:101C900002F00C02082A11D15B685E020ED4784B68
:101CA0001A68950702D5E268012A85D11A68216968
:101CB00022F0F80242EAC1021A6087E7E268714B3B
:101CC000B2B101221A60FEF78DFC6D4D06462B68FD
:101CD000980707D52B68226923F0F80343EAC2036B
:101CE0002B6073E7FEF77EFC801B0228EFD9A5E787
:101CF0001A60FEF777FC624E0546336899077FF558
:101D000065AFFEF76FFC401B0228F6D996E76269C3
:101D10005D4B7AB101221A60FEF764FC584E05460D
:101D2000736F9F073FF556AFFEF75CFC401B022820
:101D3000F6D983E71A60FEF755FC514E0546736FDE
:101D400098077FF547AFFEF74DFC401B0228F6D9F8
:101D500074E74B4B1A6C12F0805228D101921A6C26
:101D600042F080521A641B6C03F080530193019B74
:101D70000127464D2B68D9051BD5A368404D012B83
:101D800027D12B6F43F001032B67FEF72BFC3C4E52
:101D9000054641F28838336F9B0739D5002F3FF451
:101DA0001DAF374A136C23F08053136416E70027E6
:101DB000DFE72B6843F480732B60FEF713FC0646C5
:101DC0002B68DA05D9D4FEF70DFC801B0228F7D961
:101DD00034E7052B04D12B6F43F004032B67D0E7C6
:101DE0002A6F22F001022A672A6F22F004022A6772
:101DF000002BCAD1FEF7F6FB41F2883806462B6F5E
:101E00009807CBD5FEF7EEFB801B4045F7D915E7C9
:101E1000FEF7E8FB401B4045BDD90FE7184DAB6806
:101E200003F00C03082B3FF4C7AE194E0023022A1F
:101E3000336035D1FEF7D6FB07462B68990129D4CC
:101E4000D4E907321343626A43EA8213E26A43EA3F
:101E50000263A26A5208013A43EA02436B6001231B
:101E60003360FEF7BFFB064D04462B689A013FF531
:101E7000B9AEFEF7B7FB001B0228F6D9DEE600BFBD
:101E80000038024000004742800E47420070004088
:101E900060004742FEF7A6FBC01B0228CDD9CDE665
:101EA000FEF7A0FB04462B689B017FF59BAEFEF777
:101EB00099FB001B0228F6D9C0E600BF134908B5FC
:101EC0008B6803F00C03042B1CD0082B1CD14A6830
:101ED0004B68496813F4800314BF0D480D48C1F3E3
:101EE000881118BF002302F03F02A1FB0001FEF79A
:101EF000D7F9064B5B68C3F3014301335B00B0FBCA
:101F0000F3F008BD0248FCE70248FAE70038024057
:101F100000127A000024F4002DE9F0410D46044639
:101F200010B90120BDE8F081434B1A6802F00F029E
:101F30008A4227D3226897072CD4D00740D43E4B3F
:101F40001A6802F00F02AA4265D8226851076BD4C2
:101F5000130707D5394A2169936823F4604343EA9C
:101F6000C1039360FFF7AAFF344B354A9B68C3F364
:101F70000313D35CD840334B186000200DF0B0FC45
:101F80000020CFE7CAB21A701B6803F00F038B4220
:101F9000C7D1CFE7294B12F0040F1EBF996841F457
:101FA000E0519960160742BF996841F46041996019
:101FB0002249A0688B6823F0F00303438B60BCE7E1
:101FC00062681E4B012A1CD11B6813F4003FA8D085
:101FD0001A4EB36823F003031343B360FEF702FB0A
:101FE00041F288380746B368626803F00C03B3EB2C
:101FF000820FA4D0FEF7F6FAC01B4045F3D90320A8
:1020000090E7911E01291B6802D813F0007FDEE7DC
:1020100013F0020FDBE7EAB21A701B6803F00F033C
:10202000AB427FF47EAF90E70449E0688B6823F40D
:10203000E05303438B608BE7003C024000380240D2
:10204000C13B010830000020014B1868704700BFF9
:1020500030000020044B054A9B68C3F38223D35C05
:10206000034A1068D840704700380240D13B01084D
:1020700030000020044B054A9B68C3F34233D35C15
:10208000034A1068D840704700380240D13B01082D
:10209000300000200F2303600B4B9A6802F003020C
:1020A00042609A6802F0F00282609A6802F4E0529C
:1020B000C2609B68DB0803F4E0530361034B1B68B9
:1020C00003F00F030B60704700380240003C0240F1
:1020D000036A23F001030362036A70B544688269EE
:1020E0000D6822F073022A438D6823F002032B430C
:1020F0000C4DA84203D005F58065A8420BD1CD68F0
:1021000023F008032B43D1E9055624F440743543EA
:1021100023F004032C43446082614A6842630362F3
:1021200070BD00BF00000140036A23F480730362A6
:10213000036A70B54468C2690D6822F073022A43CD
:102140008D6823F4007343EA05230D4DA84203D0A4
:1021500005F58065A8420DD1CD6823F4006343EAFC
:102160000523D1E9055624F44054354323F4806314
:1021700044EA05144460C2614A68C263036270BDE8
:1021800000000140036A23F480530362036A30B500
:102190004468C2690D6822F4E64242EA05228D686D
:1021A00023F4005343EA0533084DA84203D005F554
:1021B0008065A84204D14D6924F4804444EA851422
:1021C0004460C2614A680264036230BD000001409D
:1021D00070470368DA6842F00102DA601A6842F078
:1021E00001021A60002070477047704770477047BF
:1021F00003681A69910710B504460ED5DA6892078C
:102200000BD56FF002021A61012202769B699B07CF
:1022100077D0FFF7EAFF0023237623681A69500777
:1022200010D5DA6851070DD56FF004021A61022249
:1022300022769B6913F4407F204668D0FFF7D5FFD4
:102240000023237623681A6912070FD5DA6810076E
:102250000CD56FF008021A6104222276DB69990717
:1022600020465AD0FFF7C1FF0023237623681A695E
:10227000D20610D5DA68D0060DD56FF010021A61BB
:1022800008222276DB6913F4407F20464BD0FFF70B
:10229000ACFF0023237623681A69D10708D5DA68D2
:1022A000D20705D56FF001021A6120460DF022FA1F
:1022B00023681A69100608D5DA68110605D56FF08B
:1022C00080021A61204600F07EF923681A695206DE
:1022D00008D5DA68500605D56FF040021A6120462D
:1022E000FFF785FF23681A69910622D5DA689206FE
:1022F0001FD56FF0200220461A61BDE8104000F0A3
:1023000061B9FFF771FF2046FFF770FF83E7FFF722
:102310006BFF2046FFF76AFF92E7FFF765FF204655
:10232000FFF764FFA0E7FFF75FFF2046FFF75EFFC0
:10233000AFE710BD2E4A0368904212D0B0F1804F33
:102340000FD0A2F57C4290420BD002F58062904201
:1023500007D002F58062904203D002F578429042A5
:1023600019D14A6823F070031343214A904229D0BF
:10237000B0F1804F26D0A2F57C42904222D002F5E7
:10238000806290421ED002F5806290421AD002F51F
:102390007842904216D0174A904213D002F58062DC
:1023A00090420FD002F5806290420BD0A2F5983295
:1023B000904207D002F58062904203D002F580621D
:1023C000904203D1CA6823F44073134303608B68BF
:1023D000C3620B688362064B984203D003F58063A7
:1023E000984201D10B69036301234361704700BF29
:1023F000000001400040014010B50446A0B190F833
:10240000393003F0FF021BB980F83820FFF7E0FEF7
:102410000223206884F83930211DFFF78BFF012348
:1024200084F83930002010BD0120FCE710B50446C7
:10243000A0B190F8393003F0FF021BB980F83820C2
:102440000DF0AEF90223206884F83930211DFFF722
:1024500071FF012384F83930002010BD0120FCE712
:10246000036A23F010030362036A70B5446882694B
:102470000D6822F4E64242EA05228D6823F020032B
:1024800043EA05130D4DA84203D005F58065A84227
:102490000DD1CD6823F0800343EA0513D1E9055639
:1024A00024F44064354323F0400344EA8504446047
:1024B00082614A688263036270BD00BF0000014010
:1024C00038B590F83830012B04464FF0020010D098
:1024D0000123082A84F8383084F839003FD009D81D
:1024E000DAB1042A2AD00123002084F8393084F894
:1024F000380038BD0C2AF6D12068FFF743FE236868
:102500000969DA6942F40062DA61DA6922F4806208
:10251000DA61DA6942EA012230E02068FFF7D8FD8B
:10252000236809699A6942F008029A619A6922F05F
:1025300004029A619A690A439A61D4E72068FFF716
:102540008FFF236809699A6942F400629A619A6967
:1025500022F480629A619A6942EA0122ECE72068DB
:10256000FFF7E2FD23680969DA6942F00802DA61DF
:10257000DA6922F00402DA61DA690A43DA61B2E761
:1025800010B590F83830012B4FF0020318D080F8C6
:10259000393003680C685A68496822F070025A6042
:1025A0005A6822435A609A6822F080029A609A68B8
:1025B0000A439A60012380F83930002380F83830CC
:1025C000184610BD704770470368DA6822F49072AD
:1025D000DA605A6922F001025A61202380F83A3009
:1025E000704700002DE9F8430368C1681A69044682
:1025F00022F440520A431A612569A268D968C06969
:102600002A43656921F416412A4321F00C01024353
:102610000A43DA605A69A16922F440720A43B0F5AC
:10262000004F5A61774A79D1934203D002F5806214
:10263000934243D1FFF71EFD636819254FF06408EC
:1026400068435B00B0FBF3F3B3FBF8F31F01FFF744
:1026500011FD636868435B00B0FBF3F6FFF70AFD0A
:10266000636868435B00B0FBF3F3B3FBF8F308FB6C
:102670001363DB003233B3FBF8F35B0003F4F8764B
:10268000FFF7F8FC626868435200B0FBF2F9FFF70D
:10269000F1FC6368226868435B00B0FBF3F3B3FBB3
:1026A000F8F308FB1393DB003233B3FBF8F303F0CA
:1026B00007033B4433449360BDE8F883FFF7CAFC4B
:1026C000636819254FF0640868435B00B0FBF3F3BF
:1026D000B3FBF8F31F01FFF7BDFC636868435B00C1
:1026E000B0FBF3F6FFF7B6FC636868435B00B0FB32
:1026F000F3F3B3FBF8F308FB1363DB003233B3FBF4
:10270000F8F35B0003F4F876FFF7A4FC6268684313
:102710005200B0FBF2F9FFF79DFCBAE7934202D0FA
:10272000394A93423FD1FFF7A5FC636819254FF062
:10273000640868439B00B0FBF3F3B3FBF8F31E019E
:10274000FFF798FC636868439B00B0FBF3F7FFF763
:1027500091FC636868439B00B0FBF3F3B3FBF8F3B1
:1027600008FB13731B013233B3FBF8F303F0F007DC
:10277000FFF780FC626868439200B0FBF2F9FFF754
:1027800079FC6368226868439B00B0FBF3F3B3FBFA
:10279000F8F308FB13931B013233B3FBF8F303F098
:1027A0000F033B4386E7FFF755FC636819254FF09D
:1027B000640868439B00B0FBF3F3B3FBF8F31E011E
:1027C000FFF748FC636868439B00B0FBF3F7FFF733
:1027D00041FC636868439B00B0FBF3F3B3FBF8F381
:1027E00008FB13731B013233B3FBF8F303F0F0075C
:1027F000FFF730FC626868439200B0FBF2F9FFF724
:1028000029FCBEE7001001400014014010B5044649
:1028100040B390F8393003F0FF021BB980F838203C
:102820000CF0ECFF2268242384F83930D36823F4B9
:102830000053D3602046FFF7D5FE23681A6922F4BF
:1028400090421A615A6922F02A025A61DA6842F407
:102850000052DA6000202023E06384F8393084F8E5
:102860003A3010BD0120FCE77047704710B590F872
:102870003A30222B2FD181680469836A0268B1F54E
:10288000805F1FD15268CCB9C2F3080223F8022B33
:102890008362C48D013CA4B2C4856CB90368DA6854
:1028A00022F49072DA605A6922F001025A61202300
:1028B00080F83A30FFF7D9FF00200DE0D2B223F8BC
:1028C000012BE5E7591C526881620CB91A70E0E7E8
:1028D00002F07F02FAE7022010BD704703681A6811
:1028E000D96870B516075D69044607D1960659D5B3
:1028F0008D0657D5BDE87040FFF7B8BF05F0010061
:1029000001F4907505434DD0D60705D5CD0542BFDE
:10291000E36B43F00103E363530704D518B1E36BA2
:1029200043F00203E363960704D518B1E36B43F069
:102930000403E363150704D518B1E36B43F0080300
:10294000E363E36B4BB3900604D5890602D52046BA
:10295000FFF78CFF23685B69E56B03F0400305F02C
:1029600008051D43204619D0FFF72EFE23685A693B
:1029700052060FD55A69606B22F040025A6148B185
:10298000254B0365FDF750FF38B1606BBDE8704023
:10299000036D18472046FFF7A0FF70BDFFF79DFFAE
:1029A000E563FAE7160628D50D0626D594F83920F2
:1029B000212AF2D1A168226AB1F5805F18D111886D
:1029C000C1F308015960216981B902322262E28CA7
:1029D000013A92B2E284002ADFD1DA6822F0800262
:1029E000DA60DA6842F04002DA60D6E70132EDE7F9
:1029F000511C216212785A60E9E75006CDD54A068B
:102A0000CBD5DA6822F04002DA60202384F839302E
:102A10002046FFF729FFC0E71D2A000808B5806B94
:102A20000023C385C384FFF758FF08BD80B58AB073
:102A300002AFF860B9601346FB7100237B77002377
:102A40007B830023FB834FF480733B8300237B61F4
:102A5000FB68B3F1A04F2AD0BB681B79002B26D1AD
:102A6000FB79002B0BD1BB685B79012B07D1BB68CD
:102A70005B781946F86800F001FA002308E1FB7959
:102A8000012B14D1BB685B785A01FB68134403F532
:102A9000A063DB68BA6852785101FA680A4402F50B
:102AA000A06223F06003D360BB6800225A71BB6848
:102AB0001B69002B19D0BB681B69BA6812891344C3
:102AC000013BBA681289B3FBF2F3FB83FA8B3B8BB1
:102AD0009A420CD93B8BFB83FB8BBA68128902FBB1
:102AE00003F31A46BB681A6101E00123FB83BB684C
:102AF000DB78002B07D0FB8BBA68128902FB03F34B
:102B00001A46BB681A61BB681B69C3F31202FB8BD0
:102B1000DB041946604B0B401A43BB689B7A5B078A
:102B200003F0C043B96849784801F968014401F5E8
:102B3000A06113430B61FB79002B0AD0BB68D968F5
:102B4000BB685B785A01FB68134403F5A0630A462F
:102B50005A61FB6803F580639B6803F00103002B57
:102B60000CBF01230023DBB27B77BB685B785A0183
:102B7000FB68134403F5A0631B68BA6852785101DF
:102B8000FA680A4402F5A06223F000531360BB68A0
:102B90005B785A01FB68134403F5A0631B687A7FD6
:102BA00052071046BA6852785101FA680A4402F591
:102BB000A06203431360BB685B785A01FB6813444F
:102BC00003F5A0631B687B617B6923F080437B6115
:102BD0007B6943F000437B61BB685B785A01FB680B
:102BE000134403F5A0631A467B691360FB79002B3D
:102BF0004DD1BB68DB78002B49D1BB681B69002B2A
:102C000045D0BB68DB79032B30D801A252F823F002
:102C1000212C0008452C0008212C0008452C000818
:102C2000BB681B6903339B087B837A8BFB68DB6A79
:102C30009BB29A421CD9FB689B6943F02002FB6857
:102C40009A6115E0BB681B6903339B087B837A8B11
:102C5000FB6803F580631B699BB29A420AD9FB6843
:102C60009B6943F08062FB689A6103E000BF02E069
:102C700000BF00E000BFBB68D968BB685A78BB687A
:102C80001B699BB200200090F86800F04DFA002309
:102C900018462037BD4680BD0000F81F80B483B0C1
:102CA00000AF78607B6803F580635B699BB2184670
:102CB0000C37BD465DF8047B704780B485B000AF2B
:102CC00078600B46FB700023FB60FB785A017B6841
:102CD000134403F5A0631B689B0C03F00303002B54
:102CE0000BD0FB785A017B68134403F5A0631B6883
:102CF0009B0C03F00303022B5CD1FB785A017B6829
:102D0000134403F5A0631B68FA7851017A680A44FA
:102D100002F5A06243F0804313607B68DB6A03F432
:102D20007F03002B33D1FB785A017B68134403F5F2
:102D3000A0631B68FA7851017A680A4402F5A06220
:102D400023F000431360FB785A017B68134403F5BA
:102D5000A0631B68FA7851017A680A4402F5A06200
:102D600043F000431360FB680133FB60FB68B3F57D
:102D70007A7F1DD8FB785A017B68134403F5A06362
:102D80001B6803F00043B3F1004FECD06FE0FB7819
:102D90005A017B68134403F5A0631B68FA7851015C
:102DA0007A680A4402F5A06243F0004313605EE0D3
:102DB00000BF5CE0FB785A017B68134403F5A06315
:102DC0001B68FA7851017A680A4402F5A06243F060
:102DD000804313607B6803F580631B699BB2002B03
:102DE00033D1FB785A017B68134403F5A0631B6859
:102DF000FA7851017A680A4402F5A06223F0004390
:102E00001360FB785A017B68134403F5A0631B68C9
:102E1000FA7851017A680A4402F5A06243F000434F
:102E20001360FB680133FB60FB68B3F57A7F1DD844
:102E3000FB785A017B68134403F5A0631B6803F019
:102E40000043B3F1004FECD011E0FB785A017B68EE
:102E5000134403F5A0631B68FA7851017A680A44A9
:102E600002F5A06243F00043136000E000BF0023BE
:102E700018461437BD465DF8047B704780B485B0B2
:102E800000AF78600B46FB700123FB730023BB602F
:102E9000FB7BDB041A46154B1340FA7851017A6824
:102EA0000A4402F5A06243F000431361FB785A0123
:102EB0007B68134403F5A0631B68BB60BB6823F009
:102EC0008043BB60BB6843F00043BB60FB785A01A2
:102ED0007B68134403F5A0631A46BB6813600023A4
:102EE00018461437BD465DF8047B70470000F81F94
:102EF00080B586B000AF786000233B61786800F051
:102F0000D3F81021786800F0EDF8786800F0FCF84C
:102F10000023FB751FE0FB7D5A017B68134403F51A
:102F2000A0631B68FB60FB6843F08043FB60FB68A9
:102F300023F00043FB60FB6823F40043FB60FB7D50
:102F40005A017B68134403F5A0631A46FB681360BB
:102F5000FB7D0133FB75FB7D0F2BDCD90023FB755B
:102F600034E0FB7D5A017B68134403F5A0631B68C2
:102F7000FB60FB6843F08043FB60FB6843F0004369
:102F8000FB60FB6823F40043FB60FB7D5A017B6818
:102F9000134403F5A0631A46FB6813603B690133D1
:102FA0003B613B69B3F57A7F0CD8FB7D5A017B68A6
:102FB000134403F5A0631B6803F00043B3F1004F13
:102FC000ECD000E000BFFB7D0133FB75FB7D0F2BD8
:102FD000C7D97B6803F580631A464FF0FF3353610E
:102FE0007B684FF0FF325A61786800F057F8002391
:102FF00018461837BD4680BD0A4B013B0FD0026909
:10300000002AFADA0369074A43F001030361013A2F
:1030100005D0036913F00103F9D118467047032066
:10302000704700BF410D030084B038B505AD85E899
:103030000E000A9B012B044626D1836B23F48033B8
:103040008363C36823F4840323F04003C360C3682D
:1030500023F44013C360119B012B02BFC36843F4E8
:103060008013C360FFF7C8FF089B012B07D1A3683B
:1030700043F00603A360A36843F02003A360BDE808
:103080003840002004B07047C36843F04003C36079
:10309000FFF7B2FF4FF48033A363E5E7836843F0A3
:1030A0000103836000207047836823F0010383607D
:1030B0000020704708B5C368012923F0C043C360EE
:1030C00008D1C36843F00053C3603220FDF790FA83
:1030D000002008BD0029F8D1C36843F08043C360D5
:1030E000F3E70000890141F02001064A0161013A3D
:1030F00005D0036913F02003F9D118467047032067
:10310000704700BF410D03001023064A0361013AD6
:1031100005D0036913F01003F9D118467047032056
:10312000704700BF410D030010B59DF808404CB931
:10313000033300F580509B0800EB023201EB830360
:10314000994201D1002010BD51F8040B1060F7E73F
:103150000332920801EB820200F58050914201D1C6
:1031600008467047036841F8043BF7E74269806905
:1031700010407047406900F001007047D0F80034FB
:1031800023F0030310B5C0F80034D0F8004401F078
:1031900003032343012900F58062C0F8003404D101
:1031A0004BF680335360002010BD022904BF41F26A
:1031B00070735360F7E713B5D0F840340193019B67
:1031C00023F02E030193019B43F480730446C0F85F
:1031D00040340A20FDF70CFA019B002023F4807391
:1031E000C4F8403402B010BD82B0D0F8403401932E
:1031F000019B23F02E030193019BDA0406D40129DD
:1032000002BF019B43F48053C0F84034019BDB04B0
:1032100005D521B9019B23F48053C0F84034002028
:1032200002B0704784B038B5044605A880E80E00A7
:103230000023C4F8003EA36B23F48023A363A36B95
:1032400023F40023A363A36B43F40013A363079B3E
:10325000032BD4F800343CD1B4F1A04F39D043F063
:103260000403C4F8003410212046FFF73BFF20463A
:10327000FFF74AFF0023069904F5A0624FF0FF30E4
:103280001D4699422AD101212046FFF7ADFFC820F3
:10329000FDF7AEF90023A361B4F1A04F4FF0FF3367
:1032A000636120D18023636203F5C003A362134BE3
:1032B000C4F80031089B1BB9A36943F01003A36154
:1032C000A2690F4B1343A361BDE83840002004B04E
:1032D000704723F00403C4F80034C4E7906001335E
:1032E000D5602032CDE74FF40073636203F1807341
:1032F000A362044BC4F80031DCE700BFE0004000EB
:10330000080020A30003E00082B0D0F8403401930D
:103310000198C0F3414002B0704700F580608068BA
:1033200080B270472DE9704100F5A06404EB4114B0
:103330009DF818504FF0FF36A66056B2032D19D8ED
:10334000DFE805F00258025140F29D4C002EC4F80F
:103350000CC006DAD4F80CC04CF4807CC4F80CC065
:1033600008E0B0F1A04F05D0D4F80CC04CF0600CD0
:10337000C4F80CC0D0F818844FF0010C9B05D202A1
:103380000CFA01F103F0FE5302F4F04241EA0801A5
:103390001A439DF81430C0F818148169022BBDF847
:1033A0001C3041F00071C3F30A03816143EA020358
:1033B00006F400414FEA854243EA010302F4402249
:1033C00000F5806E43EA02030CBF4FF4003000208A
:1033D00003432360032D02BF236843F0005323609F
:1033E0000020BDE8708140F29D6C002EC4F80CC036
:1033F000C0DAAFE740F2252CC4F80CC0002EBEBFE7
:10340000D4F80CC04CF4C07CC4F80CC0B2E7002067
:1034100070470000F8B5D0F87433DC69227B0546AC
:103420001AB1501E18BF0120F8BDB4F8F810236877
:1034300099424FF0010780F05C81342606FB01437E
:1034400083F8917093F89030082B72D8DFE813F06E
:10345000090071005100AB001B00F1007100710008
:103460004D01AB480CF000FF0A200CF015FFB4F83A
:10347000F830342202FB0343042283F89020D5F86D
:10348000B833C4F8FC30B4F8F810342606FB014217
:103490009F32C9B2284600F0DFFC002840F0C1800E
:1034A000B4F8F8109B4806FB0141A2310CF0DCFE99
:1034B0000A200CF0F1FEB4F8F810974806FB014121
:1034C000AB310CF0D1FE0A200CF0E6FEB4F8F81097
:1034D000924806FB0141BC310CF0C6FE0A200CF0FC
:1034E000DBFEB4F8F83006FB0344022384F8903086
:1034F0001FE0C9B200F056FC30BBB4F8F8303422FB
:1035000002FB034393F89220DAB10122844883F846
:10351000C1200CF0A9FE0A200CF0BEFEB4F8F83071
:10352000342202FB03440323A4F89030002384F8E0
:103530009230D5F8C8030022042103F063FC012077
:1035400072E783F8C120E9E7022820D1B4F8F83007
:10355000342202FB034393F89220022A13D0012263
:10356000704883F8C1200CF07FFE0A200CF094FE16
:10357000B4F8F830342202FB034440F20513A4F8F7
:1035800090300223D3E7002283F8C120F0E704281B
:10359000CFD1B4F8F830342202FB034440F20123C7
:1035A000A4F89030C5E706FB01429432C9B200F09E
:1035B0001CFCB0BBB4F8F83006FB034393F8C12001
:1035C000012A22D1B3F89820D3F8941056485143D9
:1035D0000CF04AFE0A200CF05FFEB4F8F8305348B5
:1035E00006FB0343D3F894100CF03EFE0A200CF0C7
:1035F00053FEB4F8F8304E4806FB0346B6F8981070
:103600000CF032FE0A200CF047FEB4F8F8303422F9
:1036100002FB03420121A2F890100B44A4F8F830F9
:1036200087E7022859D1B4F8F83006FB0344052394
:103630005CE706FB01429C32C9B200F073FC002833
:103640003DD1B4F8F83006FB034696F89C1001F023
:10365000FB02022A0BD1D4F8FC00D5F8B8331B1AB0
:1036600042F20F70834202D886F8902061E7314819
:103670000CF0FAFD0A200CF00FFEB4F8F8302E48DA
:10368000342606FB034393F89D100CF0EDFD0A2051
:103690000CF002FEB4F8F830284806FB034393F818
:1036A0009E100CF0E1FD0A200CF0F6FDB4F8F830A5
:1036B00006FB0346012286F890201344AEE7022859
:1036C0000BD118480CF0D0FD0A200CF0E5FDB4F841
:1036D000F83006FB0344082308E704287FF429AFE9
:1036E000B4F8F83006FB034458E70131A4F8F810A9
:1036F0001FE72773A4F8F8200421D0F8C80303F0CB
:1037000081FB2846D5F8C4330221984738468BE61A
:10371000CC160108D6160108EB160108001701089F
:1037200015170108261701083B1701085B17010848
:103730006E1701088117010891170108AC170108DD
:1037400070B5D0F87423D469A27B022A034602D054
:10375000032A27D062BB2146184600F008FA032846
:1037600015D10023236021781248013121600CF02B
:103770007BFD0A200CF090FD0023226834200225F6
:103780001E46591CDBB29A4204D8002001E00028F2
:10379000E9D070BD00FB034383F8925083F8C16009
:1037A0000B46EEE7002101F009FA08B9E37BA373A9
:1037B0000120EEE7D017010838B5D0F87433DD6981
:1037C0006979044639B101F073FA6979204601F04C
:1037D0008CFA00236B71297941B1204601F068FA17
:1037E0002979204601F081FA00232B71D4F8743333
:1037F000D86928B10CF062FCD4F874330022DA6185
:10380000002038BDF0B5D0F8741385B00979502385
:103810000622054600F00EFDFF2801460ED13E4867
:103820000CF022FDD5F874333C4819680CF01CFDEF
:103830000A200CF031FD022005B0F0BD284600F052
:10384000B5FC4FF48070D5F874630CF02FFCF06178
:1038500095F81F231A2303FB0251044691F948638C
:1038600091F84803B1F84A1303FB0253002EB3F852
:103870005223B4BF6181218193F8501393F95033DF
:10388000ACBFA071E071002BACBFA171E1714FF032
:103890000006A179B8BF62812846A8BF2281C4F87A
:1038A000F860A681A67301F008FAE17960712846F4
:1038B00001F003FA2071284600F062F968223146CF
:1038C00004F190000CF01EFC23890293022795F866
:1038D0001D33A27961790093019795F81C3328462E
:1038E00001F0D7F96389E2792179CDE9017395F87F
:1038F0001D330093284695F81C3301F0CAF921794D
:10390000324628460CF0B5FA6179324628460CF06A
:10391000B0FA304690E700BFED170108F61701082E
:10392000D0F87433F7B5DC69342707FB0145064648
:1039300095F89030062B07D0072B16D0052B27D0F3
:103940000124204603B0F0BD002300931A4600F086
:103950006EFB044678B9012385F89030D6F8C80389
:103960000022042103F04EFAEBE7002300931A46ED
:1039700000F020FBEDE7022804D1052385F8903004
:103980000124EBE70428FBD1082385F8903021E0DF
:1039900007FB01429C3200F0C5FAE8B995F89C108B
:1039A00013480CF061FC0A200CF076FC95F89D1091
:1039B00010480CF059FC0A200CF06EFC95F89E1093
:1039C0000D480CF051FC0A200CF066FC40F201237B
:1039D000A5F890300224C1E7022806D107480CF070
:1039E00043FC0A200CF058FCCAE70428CBE700BFD0
:1039F0008117010891170108AC1701082617010863
:103A000003780A2B01BFD0F87433DB69342202FB40
:103A1000013103BF91F89100B0FA80F04009002015
:103A2000704710B503780A2B11D1D0F874033423F2
:103A3000902413FB0141C369194401F1340351F887
:103A4000040B42F8040B9942F9D1002010BD02206A
:103A5000FCE72DE9F74390F81E53DDF82880044673
:103A60000E46BDB305780A2D34D1D0F87453ED69F4
:103A7000342707FB015797F890C0BCF1010F29D1FB
:103A80004FF0060C85F80CC087F890C0A5F8FA1026
:103A9000CDF8008000F0CBFA42F21077D4F8B8935A
:103AA00007FB08F731462046FFF73AFF012805D00B
:103AB00001232B73002003B0BDE8F083D4F8B833A2
:103AC000A3EB0903BB4203D894F81E33002BE9D1C2
:103AD00001232B730220EEE72DE9F74390F81E53E4
:103AE000DDF8288004460E46BDB305780A2D34D192
:103AF000D0F87453ED69342707FB015797F890C04D
:103B0000BCF1010F29D14FF0070C85F80CC087F8E4
:103B100090C0A5F8FA10CDF8008000F04BFA42F200
:103B20001077D4F8B89307FB08F731462046FFF723
:103B3000F7FE012805D001232B73002003B0BDE858
:103B4000F083D4F8B833A3EB0903BB4203D894F84D
:103B50001E33002BE9D101232B730220EEE74FF631
:103B600021710022C0E90412114600F0E5BD4FF4B6
:103B700080324FF6A16CC0E904C2012200F0DCBD26
:103B8000D0F874330549DB69054AC3E915120122EF
:103B900083F8502083F85220002070475553424349
:103BA00050403020F7B5D0F87433DC6994F85050A9
:103BB0006B1E06460A2B3FD8DFE813F00B001B00F4
:103BC00040004A00670073009900A100C500D000C2
:103BD000E9000223012284F8611084F8503004F1D6
:103BE0005401637900921F2201F02CF8284603B09B
:103BF000F0BD61790CF02CF90128054611D1E36D77
:103C0000002B37D094F96030002BB4BF0323052379
:103C100084F85030D6F8C8030022022103F0F2F8ED
:103C2000E4E702285DD1012784F85070D6F8C80374
:103C30000022022103F0E6F80125D7E72379628903
:103C4000D4F88C1001F015F8042384F85030F3E711
:103C500021790CF0FDF80128054612D1E36D628947
:103C6000934237D9D4F88C109B1A1144C4F88C10A5
:103C7000E3650BB90723CBE72379304600F0F9FF62
:103C8000B4E70528D8D109232EE0012563792289DC
:103C90000095D4F88C1000F0D5FF062384F850303E
:103CA000A4E761790CF0D4F80128054615D1E36D3D
:103CB000228993420ED9D4F88C109B1A1144C4F86F
:103CC0008C10E365002BD5D063790090304600F06E
:103CD000B9FF9FE70023E365CCE7022801D1052364
:103CE00002E0052DA8D10A2384F850309EE72379FD
:103CF0000D2204F1780100F0BCFF0823A5E721792B
:103D00000CF0A6F801281CD184F8500084F8520069
:103D1000D6F87433DC69304621790CF055F80D285B
:103D20000DD1A26F1E4B9A4209D1E26FA36D9A4248
:103D300005D194F88450002D18BF02256AE70225AA
:103D400068E705289EE7E17900F038FF08B9072306
:103D50007BE704287FF470AF0B2376E7A17900F0AE
:103D60002DFF054688B9617930460CF091F8C0F115
:103D70000100C2B2617930460CF07BF821792A4605
:103D800030460CF076F809235FE70428E2E7FFF7F6
:103D9000E6FE054600287FF429AF01237EE700BF39
:103DA0005553425338B5D0F87433DC6994F8525007
:103DB000012D04D0022D14D00225284638BD002143
:103DC000E16584F86010102204F163000CF09AF9A8
:103DD0000A23A4F86230022384F8505084F8523049
:103DE000EBE7BDE83840FFF7DDBE70B5D0F87433BF
:103DF000DC6994F85250012D164604D0022D1BD0D8
:103E00000125284670BD0823E365802384F86030CF
:103E10001022002104F163000CF074F942F20A53FD
:103E2000A4F86230022384F8523004F1100384F8BD
:103E30005050C4F88C30E4E7FFF7B4FE0546002884
:103E4000DFD1D4F88C2013681BBA33609179D37911
:103E500043EA0123B380D4E770B51646D0F8742343
:103E6000D46994F85250012D0B4604D0022D23D072
:103E70000225284670BD5B01242284F864304FF48B
:103E80001053E265A4F866308022022384F8602093
:103E900041F20A21002284F8523004F11003C4F8E0
:103EA0006920A4F8621084F8652084F8682084F8FA
:103EB0005050C4F88C30DCE7FFF774FE054600284C
:103EC000D7D10146222230460CF01CF9D4F88C30B0
:103ED0001B7803F01F037370D4F88C301B785B09D8
:103EE0003370D4F88C305B78DB09B370D4F88C2055
:103EF00052F8083FC6F803305368C6F80730D4F8C4
:103F00008C3006F10C0103F11002203352F8040B3F
:103F100041F8040B9A42F9D1D4F88C301B6AC6F8E8
:103F20001D30A6E770B5D0F87433DC6994F85230D0
:103F3000012B0E46154604D0022B27D0022318462B
:103F400070BD0E22E265802284F860200022C4F851
:103F5000672040F20A31C4F86B20C4F86F2084F85F
:103F6000652084F868200222A4F8621076014FF4DC
:103F7000606184F8522004F1100284F86460A4F8AF
:103F8000661084F85030C4F88C20D8E7FFF70AFE9A
:103F900003460028D3D1D4F88C20927802F00F0287
:103FA0002A70D4F88C20127B6A70D4F88C20527B53
:103FB000AA70C4E72DE9F0419846D0F87433069F03
:103FC000DC6994F85260012E154605D0022E2AD0E5
:103FD00002263046BDE8F0817B020021E36584F8CB
:103FE0006010102204F163000CF08CF842F60A23F2
:103FF000A4F86230C5F3076384F86530C5F307435E
:1040000084F86630C5F3072384F867307FBA02234B
:1040100084F86850A4F86A7084F8506084F85230CC
:10402000C4F88C80D5E7BDE8F041FFF7BBBD2DE9B2
:10403000F0419846D0F87433069FDC6994F85260DA
:10404000012E154605D0022E2BD002263046BDE8A3
:10405000F0817B02E365802384F860301022002128
:1040600004F163000CF04EF842F60A03A4F8623043
:10407000C5F3076384F86530C5F3074384F86630F9
:10408000C5F3072384F867307FBA022384F86850A9
:10409000A4F86A7084F8506084F85230C4F88C80B8
:1040A000D4E7BDE8F041FFF77DBD00F55F7300F593
:1040B0006E72002143F8041B9342FBD100F58E720F
:1040C00000F54771002302F8013B8A42FBD10370DF
:1040D0004370C0F8B8334023012283714FF48073DA
:1040E00082700283A0F81C330020704770B50D4623
:1040F00088B0044658B919480CF0B6F818480CF0C6
:10410000B3F80A200CF0C8F8022008B070BD0023F4
:10411000C0E9DD3380F8BC23FFF7C7FF0DB1C4F859
:10412000C453104D95E8030001AB83E80300002160
:10413000184602F061FE0835C4F8C8030FCD03AE7F
:104140000FC62B683360214603A802F0A3FDC4F814
:10415000CC0320460BF0D8FD0020D6E72E1801082E
:10416000361801088016010808B5A1B1D0F87833D7
:1041700033B90122C0F87823C0F87013184608BD7F
:1041800007480CF071F807480CF06EF80A200CF0A4
:1041900083F80220F3E702480CF066F80248F3E7E0
:1041A0002E1801084A1801086318010838B590F85C
:1041B00036338B4205460C4624D980F81F13174826
:1041C0000CF052F80A200CF067F81A2101FB045495
:1041D000134894F841130CF047F80A200CF05CF8EF
:1041E00094F842130F480CF03FF80A200CF054F8F2
:1041F00094F843130C480CF037F80A200CF04CF8F4
:10420000002038BD09480CF02FF809480CF02CF8B4
:104210000A200CF041F80220F3E700BF78180108EB
:1042200095180108A4180108B31801082E180108F0
:10423000C218010830B5002490F841538D4201D0D6
:10424000FF290FD190F84253954201D0FF2A09D19E
:1042500090F843539D4203D1E0B230BD0124EBE717
:10426000FF2BF9D01A30002CF8D0FF20F5E710B55D
:1042700004460BF075FD012120460BF0EDFD0020FA
:1042800010BD000070B588B002238DF81F30037890
:1042900004460A2B00F28380DFE813F00B00810054
:1042A0001E00CB01810055008C013B0145015501E9
:1042B000C30190F81E33002B71D001250570C82072
:1042C0000BF0F4FD20460BF071FD00220121D4F823
:1042D000C80302F097FD62E0BD480BF0C5FF0A205D
:1042E0000BF0DAFF64200BF0E1FD20460BF054FDEB
:1042F0000523237084F81D030021204600F0DDFC17
:1043000080216071204600F0D8FCA379029300253B
:1043100094F81D33207101460093802294F81C33D9
:104320000195204600F0B5FCA3796179CDE90153F0
:1043300094F81D3300932A4694F81C33204600F06D
:10434000A8FC2A46C2E74378072B28D8DFE803F009
:10435000042A42585F678AA7082100F0FFFA054641
:10436000E8B994F82733A37101226270CDE90153B3
:1043700094F81D3321790093802294F81C33204651
:1043800000F087FCA3796179CDE9015394F81D33DE
:1043900000932A4694F81C33204600F07AFC002053
:1043A00008B070BD122100F0D9FA0028F7D1B4F896
:1043B0002A1388480BF058FF0A200BF06DFFB4F861
:1043C000281385480BF050FF0A200BF065FF0223ED
:1043D0006370E4E7012100F0D7FB05460028DED139
:1043E00002200BF063FD012184F81C137B480BF0C5
:1043F0003BFF0A200BF050FF03236370A379B5E75E
:10440000092100F004FB0028C9D10423E0E7B0F83B
:10441000341300F0FCFA0028C1D10523D8E790F846
:104420002E1391B100F58E76FF23324600F085FB06
:104430000028B4D131466A480BF016FF0A200BF071
:104440002BFF0623637000220AE0664805910BF0FB
:104450000BFF0A200BF020FF0623059963700A4624
:10446000052134E790F82F1381B100F58E75FF23F5
:104470002A4600F062FB002891D129465A480BF0E9
:10448000F3FE0A200BF008FF0723A1E75748059128
:104490000BF0EAFE0A200BF0FFFE0723DDE790F8A1
:1044A000301329B300F58E75FF232A4600F045FB33
:1044B00000287FF474AF4E4829460BF0D5FE0A2041
:1044C0000BF0EAFE4B480BF0CFFE0A200BF0E4FEA7
:1044D000002384F81F3394F83133012B17D1464859
:1044E0000BF0C2FE0A200BF0D7FE0823237056E71C
:1044F000424805910BF0B8FE0A200BF0CDFE05995D
:10450000D4F8C8030A46052102F07CFCDAE7072349
:10451000ECE7D0F8C433002B3FF441AF01219847BA
:10452000082323708FE790F8371300F03AFB002838
:104530007FF435AF0923237031480BF095FE0A2034
:104540000BF0AAFE2BE7D0F878331BB92D480BF0FF
:104550008BFE27E00023C0F87433D0F8703390F856
:1045600041231979914218BF0023C0F87433EBB18D
:104570009B689847D4F8743370B906222270196882
:1045800021480BF071FE0A200BF086FED4F8C433EC
:1045900003212046984756E70C22227019681B48D1
:1045A0000BF062FE0A200BF077FE4CE70C23037041
:1045B0001748CCE7D0F8745365B32B6998478DF84A
:1045C0001F009DF81F30002B7FF4E9AE0A238DE712
:1045D000E0180108F4180108FD180108061901087F
:1045E0001E19010830190108F316010843190108C2
:1045F00051190108781901088A190108641901087C
:10460000B0190108CB190108E9190108FB190108C3
:104610001B1A01080C2303700D480BF025FE0D48F2
:1046200095E7D0F87433002B3FF4B9AE5B69984737
:10463000B5E6FFF73AFDD4F87433002B3FF4AFAE84
:10464000DB68204698470023C4F87433A7E600BF10
:104650002E180108401A01081FB50446D4F8C813E3
:104660004FF0FF3201A802F0F5FB019B102BF5D1B2
:104670002046FFF707FEF1E7C0F8B8137047D0F8FF
:10468000B8230132C0F8B82302780A2A04D1D0F83E
:1046900074330BB19B691847704710B50378044613
:1046A0007BB9012380F81E33D0F8C4330BB1042149
:1046B0009847D4F8C8030022012102F0A3FB002090
:1046C00010BD0378012B04BF02230370F1E7000043
:1046D00010B504460BF052FB2179204600F005FB93
:1046E0006179204600F001FB002384F81E33D4F8E2
:1046F000C43313B105212046984709480BF0B4FD97
:104700000A200BF0C9FD20460BF02AFB0323D4F846
:10471000C80323700022012102F074FB002010BDA9
:10472000561A010808B500220221D0F8C80302F089
:1047300069FB002008BD000073B58578012D044693
:1047400003D0022D0FD001250AE00223816082816F
:1047500005768370D4F8C8030022032102F052FBCF
:10476000284602B070BD067E731E0A2BEBD8DFE828
:1047700003F0060F253043507D87A1ADB800427984
:1047800000F1100100F027FA022323763546E7E70F
:1047900041790BF05DFB012805462AD1E28A94F9A4
:1047A00010302AB1002BB4BF032305232376D1E7B1
:1047B000002B01DA0923F9E70723F7E7D0F8B8332C
:1047C000C38182890379816800F02CFA042323765F
:1047D000B9E701790BF03CFB01280546EAD0052832
:1047E00007D1D4F8C8030022032102F00BFB0325F4
:1047F000B6E7042DA7D157E00125009543798289BA
:10480000816800F0F8F9D4F8B833E3810623237601
:10481000A6E741790BF01CFB0128064608D10723C7
:10482000D4F8C80323760022032102F0EBFAADE7A7
:10483000052802D10C232376D3E7022808D10523CB
:10484000D4F8C80323760022032102F0DBFA7AE7CA
:1048500004287FF478AF0B23D4F8C8032376002212
:10486000032102F0CFFA0123A37079E70022037934
:10487000114600F0D7F9D4F8B833E3810823A6E74E
:1048800001790BF0E5FA01280CD10D232376D4F839
:10489000C8030022032102F0B5FA00250123A3700A
:1048A00025765DE7042801D10B23C9E705287FF4AD
:1048B0004AAF96E70125009500224379114600F0A2
:1048C0009AF9D4F8B833E3810A23A0E741790BF0D1
:1048D000BFFA0128D9D0022801D10923B0E7042862
:1048E00088E7437E0133DBB2022B437605D80125EE
:1048F0000BF044FA2576A57032E70621D0F8C433D0
:1049000098470023637605480BF0AEFC04480BF093
:10491000ABFC0A200BF0C0FCA5E700BF2E18010875
:104920006E1A010830B40C4619468378BDF8085059
:10493000012B0FD164F07F04047402F47F4406233A
:10494000B4F5407F437440F2094318BF002342820C
:104950008382C5822A4630BCFFF7EEBE37B500F52C
:104960008E730D4600914FF4807200210446FFF7CC
:10497000D9FF002849D194F81C3184F8203394F8E9
:104980001D3194F81F2184F8213394F81E3103EB74
:104990000223A4F8223394F8203184F8243394F8C5
:1049A000213184F8253394F8223184F82633082DF8
:1049B00094F8233184F8273327D994F8252194F8E3
:1049C000243103EB0223A4F8283394F8272194F828
:1049D000263103EB0223A4F82A3394F8292194F812
:1049E000283103EB0223A4F82C3394F82A3184F8FD
:1049F0002E3394F82B3184F82F3394F82C3184F82B
:104A0000303394F82D3184F8313303B030BD2DE9C3
:104A1000F34700F11C040F46009123464FF4007247
:104A200000210546FFF77EFF60BB2B7F85F8323300
:104A30006B7FAE7F85F83333EB7F06EB032695F86B
:104A4000203085F8363395F8213085F8373395F8DE
:104A5000223085F8383395F8233085F83933B6B2EB
:104A600095F82430A5F83463092F85F83A3309D92D
:104A70002B46844609224FF01A08BCF1020F01D0E0
:104A8000964202D802B0BDE8F08721780C440A446F
:104A90006178042992B2F0D1217883F83C136178CF
:104AA00083F83D13A17883F83E13E17883F83F1330
:104AB000217983F84013617983F84113A17983F850
:104AC0004213E17983F84313217A83F8441308FBF6
:104AD0000CF9002193F84073B94201DA964203D8E9
:104AE0000CF1010C1A33C8E727783C443A44677844
:104AF000052F92B2EED14F1C09EBC701294494F85F
:104B000000E081F83EE394F801E081F83FE394F897
:104B100002E081F840E394F803E081F841E394F87F
:104B200005A094F804E00EEB0A2EA1F842E394F8F5
:104B300006E081F844E379B2CCE7F7B500F58E766C
:104B400015461F46009341F4407233460021044647
:104B5000FFF7E8FE78B994F81D31032B0BD194F8D8
:104B60001C41A11EB942A8BF394689B20446A142E0
:104B700003D800232B7003B0F0BD331902349B78A7
:104B800005F8013BA4B2F2E78378012B05D14FF47D
:104B9000A063038200234182436100221146FFF794
:104BA000CBBD8378012B05D14FF410630382002322
:104BB0004182436100221146FFF7BEBD8378012B7D
:104BC00005D14FF48173036100238182C3820022E7
:104BD0001146FFF7B1BD1FB500240B461146082250
:104BE000CDE90224CDE90043224623460BF016F915
:104BF000204604B010BD30B585B090F81D530C466A
:104C0000002D19469DF82030019418BF0023CDE9EE
:104C100002230123009300231A460BF0FFF8002023
:104C200005B030BD30B5002485B0CDE902240D4675
:104C3000012219460195009223460BF0EFF8204619
:104C400005B030BD30B585B090F81D530C46002D31
:104C500019469DF82030019418BF0023CDE90223A6
:104C600001230093002202230BF0D8F8002005B0A6
:104C700030BD30B5002485B0CDE902240D460122B7
:104C800019460195009202230BF0C8F8204605B0A2
:104C900030BD1FB5BDF8204002949DF81C40019422
:104CA0009DF8184000940BF093F8002004B010BD5C
:104CB00008B50BF0A5F8002008BD30B5002300F5BD
:104CC0005F7454F8045B2D04DAB208D400EB83005F
:104CD00041F4004192B2C0F87C13D0B230BD013330
:104CE0000B2BEED14FF6FF72F7E70A2998BF00EBC6
:104CF00081014FF000009EBFD1F87C33C3F30E0357
:104D0000C1F87C3370470000034B1A1803EB800096
:104D10004368107A5B681847DC000020064B1A5C79
:104D200042B901221A541A1803EB8003107A5B6807
:104D30001B68184700207047DC00002030B4054C89
:104D4000251804EB800040688468287AA44630BCAB
:104D5000604700BFDC00002030B4054C251804EB90
:104D600080004068C468287AA44630BC604700BF11
:104D7000DC000020054B10B41C1803EB80004368D6
:104D8000207A1B695DF8044B184700BFDC00002047
:104D900042884378007843EA022340EA03207047C0
:104DA0000B0A017043700B0C090E8370C1707047C1
:104DB000024400F8011B9042FBD170471B4A136864
:104DC00030B563B104689C4207D1546883689C4243
:104DD00003D1946843699C4220D0002400E0012460
:104DE0001369CBB10568AB4207D1556983689D4211
:104DF00003D1956943699D4215D06CB902290CBF56
:104E00000020122030BD02EB03129389B3F5807F9E
:104E100014BF00201020F5E70020F3E7002300294D
:104E2000F1D01020EEE70123F9E700BFB800002021
:104E30001F4AF0B5136806689E4207D1556884681A
:104E4000A54203D145699468A5421BD01469B442B8
:104E500007D157698568AF4203D197694569AF4269
:104E600019D00BB1ACB901231D0102EB031456514B
:104E700085684069A06000206560A08169B14FF439
:104E800080710FE0002341B102EB031189890029F1
:104E9000F5D000200AE00123F5E702EB0311898930
:104EA000013189B202EB0312581C9181F0BD00BFA1
:104EB000B80000200138012815D80C4A010102EB86
:104EC00000108389B3F5807F04D100238381002003
:104ED00050507047002BFAD0013B9BB28381002BCE
:104EE000F5D0002070470220704700BFB8000020B6
:104EF000C3690239023B8B4283BF4389006B01FBCC
:104F0000030000207047C36A026804335289490ACB
:104F1000B1FBF2F1186830B1814202D3091A0833AB
:104F2000F8E758680844704700F10B010022D301EC
:104F300043EA520310F8012B52FA83F38842DAB2A3
:104F4000F5D110467047026810B552B111460B46B4
:104F500011F8014B1F2C0CD93A2CF8D1511C8B4263
:104F600002D04FF0FF3005E01278302AF9D101333A
:104F70000360002010BD01380A4411F8013B00F81D
:104F8000013F9142F9D17047CA7E8B7E032843EAE4
:104F9000022301BF487D0A7D42EA002243EA024320
:104FA00018467047C2F307238A76CB760378032B23
:104FB00001BF120C0A75120A4A7570472DE9F041BB
:104FC000466B00F1380804460123407832464146DA
:104FD000FFF7C2FE0546A8B9A36A226AE070F31A79
:104FE000934202D2A778012F02D82846BDE8F0816B
:104FF000236A60781E44324601234146FFF7ACFE27
:10500000013FF0E70125F0E7C3780BB1FFF7D6BF0A
:105010001846704738B5436B8B4205460C4610D096
:10502000FFF7F2FF60B922466878012305F13801E5
:10503000FFF784FE00281CBF4FF0FF3401206C6393
:1050400038BD0020FCE70000002310B5C3704FF00E
:10505000FF3343630446FFF7DDFF014630BB94F89E
:10506000372294F8363243EA02234AF65522934215
:105070001ED194F83830E92B05D0A36B0E4A03F00B
:10508000FF13934216D104F16E00FFF781FE0B4B24
:1050900020F07F40984207D004F18A00FFF778FEA5
:1050A000074B984218BF0221084610BD0421FBE7B8
:1050B0000321F9E70221F7E7EB0090004641540095
:1050C0004641543301292DE9F04706460C46174660
:1050D00073D9C3698B4270D90378022B3FD0032B5D
:1050E00050D0012B69D101EB5108816A01EB5821A5
:1050F000FFF790FF054638BB06F1380908F1010AB1
:10510000C8F3080814F001041FBF19F8083003F0B1
:105110000F023B0103F0F00314BF1343FBB209F885
:105120000830B16A0123F37001EB5A213046FFF7D2
:1051300071FF054640B9CAF3080A44B1C7F307171F
:1051400009F80A700123F3702846BDE8F08719F8C2
:105150000A30C7F3032723F00F031F43F0E7816AE8
:1051600001EB1421FFF756FF05460028ECD164003F
:1051700006F1380304F4FF7418191F55C7F3072705
:105180004770DFE7816A01EBD411FFF743FF054663
:105190000028D9D1A40006F1380304F4FE741C449D
:1051A0002046FFF7F5FD27F0704700F0704047EA12
:1051B00000012046FFF7F4FDC4E70225C4E70129FA
:1051C000F8B505460C4652D9C36999424FD20378C7
:1051D000022B29D0032B38D0012B48D101EB5106EB
:1051E000816A01EB5621FFF715FF10B14FF0FF3038
:1051F000F8BD771CA96AC6F308062E4401EB5721B7
:10520000284696F83860FFF705FF0028EED1C7F36F
:1052100008073D44E30795F8380046EA00204CBFF4
:105220000009C0F30B00E3E7816A01EB1421FFF7EB
:10523000F1FE0028DAD16400383504F4FF742B192C
:10524000285D5B7840EA0320D2E7816A01EBD41144
:10525000FFF7E0FE0028C9D1A40005F1380004F4EE
:10526000FE742044FFF794FD20F07040C0E7012059
:10527000BEE7B1F5001FF8B506460C4601D3022083
:10528000F8BDCA06FBD1826805684161CAB92B78AE
:10529000022B01D9EB6A9BB92B89B3EB541FEED9D2
:1052A000EB6AF361F369B261002BE8D003EB54239E
:1052B0003835C4F308042C44F36134620020DFE77E
:1052C0001A466F897F02BC42114604D22846FFF776
:1052D0000FFEF061E6E73068FFF771FF431C0246FE
:1052E00006D00128CBD9EB698342C8D9E41BEAE791
:1052F0000120C5E72DE9F041056880460F4671B9E8
:105300006E69EEB1EB69B34298BF01263446EB6992
:105310000134A34217D8012E14D8002406E02846F1
:10532000FFF74DFF0128044603D801242046BDE8BD
:10533000F081431C30D0EB698342F7D83E46E5E765
:105340000126E3E70224D8F800002146FFF737FFE3
:1053500030B10128E9D001301ED0B442D7D1DCE70A
:105360004FF0FF3221462846FFF7ACFE90B957B9FF
:10537000D5E90632023A93426C6110D92B7943F099
:1053800001032B71D2E7224639462846FFF79AFEE1
:105390000028EDD00128C8D14FF0FF34C6E7013B0B
:1053A000AB61EBE773B50C46012C05680646114668
:1053B0002CD9EB69A34229D92AB14FF0FF322846F4
:1053C000FFF780FE40B9214630680194FFF7F7FEF1
:1053D0000199044610B9002002B070BD012815D013
:1053E000431C15D000222846FFF76CFE0028F3D19D
:1053F000D5E90632911E8B4205D20133AB612B7980
:1054000043F001032B71A242DDD8E4E70220E3E779
:105410000120E1E740B1A1F10B03012B04D90F29D1
:1054200002D0006901F028BC7047F8B50446FFF7C8
:10543000EBFD0546002842D12378032B37D127798D
:10544000012F34D104F1380601464FF40072304682
:10545000FFF7AEFC552384F83632AA2384F837329E
:1054600052234122722184F8383084F83930612384
:1054700084F83A3084F83B2084F81E2284F81F32E6
:1054800084F81C1284F81D1204F50870A169FFF756
:1054900087FC616904F50970FFF782FC626A607835
:1054A000013262633B463146FFF756FC257100220C
:1054B00060781146FFF75EFC003818BF0120F8BD88
:1054C00043692DE9F04703F12008C36905468A4680
:1054D00093B1B8F5001F0FD2C8F308090468B9F1F9
:1054E000000F4DD181690133C36139B92389B3EB11
:1054F000581F45D80023EB6104200BE06789013F6A
:1055000017EA58273CD12046FFF759FE01280646E6
:1055100002D80220BDE8F087421C01D10120F9E742
:10552000E369834226D8BAF1000FE3D0A96928467F
:10553000FFF7E0FE0646002835D00128E9D0431CDD
:10554000ECD02046FFF760FD01460028E6D14FF47D
:10555000007204F13800FFF72BFC31462046FFF7BC
:10556000C7FC4FF0010A606363899F420FD3636BEE
:10557000DF1B6763AE6131462046FFF7B9FCE86187
:1055800038344C44C5F814802C620020C2E784F8FB
:1055900003A02046FFF712FD0028BFD1636B013343
:1055A00001376363E0E70720B4E700002DE9F04F1F
:1055B000002185B0D0F800A00446FFF75AFE074648
:1055C000002840F09B804FF0FF334FF0FF0923632A
:1055D000C8460093E1695046FFF71CFD07460028C6
:1055E00040F08C80256A2E78002E00F08B80EA7ABD
:1055F000E52E02F03F03A37103D0100704D50F2B53
:1056000004D0009B236353E00F2B59D194F82F3023
:10561000590643D4720649D5636995F80D90236302
:1056200006F0BF066B7B4B4542D1EA7EAB7E53EA68
:1056300002233DD12F78DAF80CB007F03F077B1E2C
:105640000D275F43304B012213F8011B681815F832
:105650000180407848EA00286AB31F2F039327D8B7
:10566000404601F0ABFA791C02903BF8170001911B
:1056700001F0A4FA029A82421AD10199039B424690
:105680000F4622499942DFD12B785B0603D512B130
:105690003BF8173063B9013E5FFA86F800212046D7
:1056A000FFF70EFF0746002894D027E0B045B9D099
:1056B0004FF0FF08F2E74FF6FF718845E1D0F7E7BA
:1056C000B8F1000F04D12846FFF72EFC484515D04D
:1056D00094F82F7017F0010793D104F1240205F11B
:1056E0000B0115F8013B12F8010B8D42A3EB0003EF
:1056F00002D0002BF5D084E7002B82D1384605B0CC
:10570000BDE8F08F0427F9E7401B01084D1B010895
:105710002DE9F04F90F82F5015F0A00589B0044600
:1057200040F08F800668F26832F81530002B66D1A1
:1057300004F124070C22394605A8FFF71CFC9DF84C
:105740001F30DB0740F186804023DFF83C8284F87D
:105750002F304FF0010A0B2205A93846D6F80C90DD
:10576000FFF709FCBAF1050F5AD9A9F10201534616
:1057700031F8022F002A44D10DF11300072203F063
:105780000F0C0CF13001392988BF0CF137010F2BB8
:1057900000F8011902F1FF324FEA131142D808ABA9
:1057A00013447E2103F8141C04F12301084600234E
:1057B0009A4206D010F801CFBCF1200F03F1010E80
:1057C00032D1072A9CBF08A8801803F1010396BFB5
:1057D00010F8140C20200132072BC854F1D92046B0
:1057E000FFF7E4FE814678BB0AF1010ABAF1640FC3
:1057F000B1D14FF00709484609B0BDE8F08F013537
:1058000092E7102002F0010C0CEB430313F4803FED
:1058100018BF83EA080301384FEA5202F2D1A7E722
:105820005346A9E70B46AAE77346C1E78046012124
:105830002046FFF745FE814610B3B9F1040FD8D0DA
:10584000D9E74FF00609D6E70428D4D19DF81F30D8
:1058500084F82F309DF81F30D4F800A09B0748BF74
:105860000C354FF00001204649BF0D230125B5FB43
:10587000F3F50135FFF7FDFC81460028DDD18046B8
:10588000E1695046FFF7C6FB81460028D5D1236A5F
:105890001B78E52B01D0002BC8D108F10108454544
:1058A000C5D1013D55D061692046A1EB4511FFF7F7
:1058B000E0FC814600289ED13846FFF735FB4FF6C5
:1058C000FF780190E1693046FFF7A4FB814600288C
:1058D00091D1236A019AD6F80CE05A73E9B24FF0DD
:1058E0000F024FF00D0CDA72DFF8A0A018734A1EF9
:1058F0000CFB02F29876D87684461AF8019B404554
:1059000018BF3EF8120003F8090003EB090B0CF175
:10591000010C18BF01324FEA1029002808BF404689
:10592000BCF10D0F8BF80190E7D1404502D03EF855
:1059300012200AB941F0400119700123F3700021CF
:105940002046FFF7BDFD814600287FF454AF013D9E
:10595000B8D1E1693046FFF75DFB814600287FF44E
:105960004AAF01462022206AFFF722FA0B22206A62
:105970003946FFF700FB94F82F30226A03F0180332
:1059800013730123F37036E721100100401B010857
:1059900070B50E46054620B9002333600924204621
:1059A00070BD0368002BF7D01A78002AF4D0D9888C
:1059B00082889142F0D15878FFF7A6F910F00104DF
:1059C000EAD12B68336023B1186901F04CF9002843
:1059D000E5D10F24E3E700002DE9F04F002385B067
:1059E0000B600D461746FFF7AEFA061EC0F2518156
:1059F000AD4B53F82640002C00F04D81206901F09A
:105A000032F9002800F049812C60237807F0FE0766
:105A10007BB16078FFF778F9C2070AD4002F00F055
:105A20003E8110F0040500D00A25284605B0BDE8E7
:105A3000F08F0023F0B223706070FFF76FF910F061
:105A4000010540F02E810FB14307EDD4002120461F
:105A5000FFF7FAFA022840F001816E4604F5FF7163
:105A600004F23E28374611F8040C10B10846FFF73F
:105A70008FF91031884547F8040BF4D1002756F808
:105A8000048BB8F1000F00F0E08041462046FFF79C
:105A9000DBFA012800F2DA8094F8442094F84330CD
:105AA00043EA0223B3F5007F40F0DC8094F84F0016
:105AB00094F84E6056EA002604D104F15C00FFF72A
:105AC00067F9064694F84890266209F1FF33012BE6
:105AD00084F8029000F2C68094F845706781002F28
:105AE00000F0C0807B1E3B4240F0BC8094F84A30FE
:105AF00094F849A04AEA032A1AF00F0F0FFA8AFB1A
:105B0000A4F808A040F0AE8094F84C3094F84B0014
:105B100050EA032003D104F15800FFF739F994F853
:105B2000473094F8461051EA032100F09B8006FBB1
:105B300009FC01EB1A1303EB0C0E7045C0F09280C8
:105B4000A0EB0E00B842B0FBF7F3C0F08B804FF62D
:105B5000F572934200F28B8040F6F577BB428CBF22
:105B60000227012703F1020941440EEB0803032F2A
:105B7000C4F81C90C4F82480A162236379D194F8FE
:105B8000632094F8623043EA02234BEA030B0FFAD6
:105B90008BF3002B66D104F16400FFF7F9F84FEAAC
:105BA0008903E06203F2FF13B6EB532F5AD34FF091
:105BB000FF33C4E90533032F4FF08003237130D145
:105BC00094F8692094F8683043EA0223012B28D125
:105BD00008F101012046FFF71DFA10BB94F83722A7
:105BE00094F83632207143EA02234AF65522934252
:105BF00017D104F13800FFF7CBF82C4B984210D1A5
:105C000004F50770FFF7C4F8294B984209D104F551
:105C10000870FFF7BDF8A06104F50970FFF7B8F848
:105C20006061244A2770138801339BB21380E3809C
:105C3000214B1A68944204BF00221A601A699442E8
:105C40007FF4F3AE00221A61EFE603200137042F40
:105C50007FF415AF042805D10125E6E60428FBD022
:105C6000012801D90D25E0E64FF0000814E70327CD
:105C700078E7BAF1000FF5D0022F4FEA49036144EB
:105C80001CBF4B4409F00102E16218BF02EB530351
:105C900088E70B25C9E60C25C7E60F25C5E63D4676
:105CA000C3E60325C1E600BFB400002052526141A3
:105CB00072724161D8000020B80000202DE9F74F32
:105CC000D0F800B00646894611F8013B2F2BFAD0D8
:105CD0005C2BF8D00021B16099F800301F2B00F246
:105CE000BB808023304686F82F3003B0BDE8F04FEC
:105CF000FFF7BFBA0134C3E0212C00930CD001217F
:105D000000F03EFF40B17F28009B07D87F4911F883
:105D1000012B1AB19042FAD106204EE028F8020F6A
:105D20002746A2E035F81730202B02D02E2B40F06A
:105D3000B780013FB1E00131BFE0434505D2BA422F
:105D40004AD1B8F10B0F40D102E0B8F10B0F37D1B7
:105D500044F003044FF00B0896F82430E52B04BF01
:105D6000052386F82430B8F1080F04BFAD00EDB26A
:105D700005F00C030C2B03D005F00302032A01D11C
:105D800044F00204A10709D405F00305012D08BF62
:105D900044F01004042B08BF44F0080486F82F4098
:105DA0003046FFF703FC96F82F30002844D0042833
:105DB00003D113F0040F08BF052003B0BDE8F08F36
:105DC000BA4202D044F00304C6D8AD00EDB23A4660
:105DD0004FF00B08082395E07F280ED90021CDE96C
:105DE000002300F0CDFE44F00204DDE9002358B1A9
:105DF0004749084410F8800C30B1DFF818C11CF88E
:105E0000011B49B18142FAD144F003045F20F1182B
:105E1000013381F8240075E0A0F14101192902D86D
:105E200045F00205F3E7A0F1610119299EBF203872
:105E300045F0010580B2EAE75A07BED4B379DB0624
:105E400062D573699BF80000C3F308030BF13801B6
:105E50001944FFF799F8B0603368D3F80CA0AAF1A1
:105E6000020509F1FF33A846002713F8010F1F2888
:105E700007F101040CD92F2802D05C287FF43CAF35
:105E800019F804302F2B3FF435AF5C2B3FF432AFC1
:105E90002028A14434BF04240024002F7FF442AF03
:105EA00000232AF81730002F3FF436AF20210B22B1
:105EB00006F12400FEF77CFF19463AF81130202B3A
:105EC0003FF439AF2E2B3FF436AF09B144F0030451
:105ED00035F817302E2B01D0013FF9D100234FF0B8
:105EE00008081D463AF811004A1C00283FF434AF58
:105EF000202805D02E287FF420AFBA423FF421AFEE
:105F000044F003041146EDE7052056E77C1A01082A
:105F1000C01A0108851A0108F0B585B0CDE9001056
:105F200003A817460391FFF70EF8051E35DB1D4E3B
:105F300056F82540A4B11C4B20691A68944204BF4E
:105F400000221A601A69944204BF00221A6100F00C
:105F500085FE18B90224204605B0F0BD0023237049
:105F6000019989B9019C46F82540002CF3D0012FF6
:105F700015D101A900226846FFF72EFD044601460F
:105F80000198FFF747FAE6E7002301F8103BE8B273
:105F900000F056FE0028E5D1DCE70B24DBE7002407
:105FA000D9E700BFB4000020B80000202DE9F0417F
:105FB000A2B0174601910446002800F0F88002F0D4
:105FC0003F052A4603A901A8FFF706FD064600285B
:105FD0005ED1039B0199049311AADA6004A8FFF72C
:105FE0006DFE58B99DF93F30002B5CDB15F03E0F7C
:105FF00014BF0121002104A8FEF7E0FE17F01C0FDA
:1060000071D0002851D0042842D16A4B1A681AB1C5
:106010001B69002B40F0C58004A8FFF779FB00281E
:1060200036D145F0080509F085F8014600900C9836
:106030000E30FEF7B5FE0C9800991630FEF7B0FE54
:106040000C9BDDF80C802022DA720C9998F8000085
:10605000FEF79AFF002207464046FEF7A3FF0C9B7F
:1060600000221A775A779A77DA77039B0121D97041
:1060700027B3394604A8D3F83480FFF793F938B929
:1060800003984146FEF7C6FF039B013F5F61A8B13D
:1060900000232360064603983146FFF7BBF93046DC
:1060A00022B0BDE8F0810620A8E79DF8163013F075
:1060B000110F22D17B0776D43F07B4D4039B280766
:1060C0005B6B636248BF45F0400515F0FE0F0C9B0B
:1060D000A36214BF0121002104A8FEF7A9FE2061DC
:1060E00068B90220D4E70028D2D19DF81630D8062E
:1060F0005BD4BA07E2D5DF07E0D50720C8E7039FE6
:106100000C993878FEF740FFA06001F11C00FEF703
:106110003FFEFB882760002104F13007E0604FF468
:106120000072E162A380257561752162A161384624
:10613000FEF73EFEAA06AED5D4F80C80B8F1000FEB
:10614000A9D0039BA1685D89C4F818806D024545FC
:1061500019D30020E16100289AD1C8F30803002B6D
:1061600099D0039D2846FEF7C3FE0028B9D000EB66
:1061700058222262687801233946FEF7DFFD0028A5
:1061800089D0012084E72068FFF719F8012801462B
:10619000A8EB050803D9431CD9D10120DAE7022076
:1061A000D8E7122074E7082072E7042070E7092678
:1061B00075E700BFB80000202DE9F04F994685B083
:1061C00000238846C9F8003003A904461646FFF7A5
:1061D000DFFB054608B9657D25B129460398FFF721
:1061E00019F908E0257D15F0010508D1039807216C
:1061F000FFF710F90725284605B0BDE8F08FE268E3
:10620000A369D21A964228BF164604F1300B2EB964
:1062100003983146FFF7FEF83546ECE7A169C1F374
:106220000803002B40F08180039B5B89013B13EA4C
:106230005123019317D129B9A06801280DD802254F
:106240006575CAE7E36A1BB12046FEF75CFEF4E71A
:10625000E1692068FEF7B3FFEFE7431C02D101219B
:106260006175BBE7E061DDF80CA0E1695046FEF71F
:106270003FFE20B90225657529465046AFE7019BD0
:10628000B6F5007F03EB000732D30199BAF80A2074
:106290009AF8010001EB562191424FEA562388BF3C
:1062A000019B414688BFD31A3A460193FEF746FD4B
:1062B000019B0028D3D194F91420002A0CDA206A1B
:1062C000C01B984208D24FF40072594608EB402098
:1062D0000193FEF750FE019B5F02A3693B44A3615B
:1062E000D9F800303B44B844C9F80030F61B8EE7BB
:1062F000226ABA4218D094F91430002B0BDA9AF8BB
:10630000010001235946FEF727FD0028A7D1237D70
:1063100003F07F0323750398012340783A465946DA
:10632000FEF70CFD00289AD12762A169C1F308018C
:10633000C1F50077B74228BF37463A465944404630
:10634000FEF719FEC9E72DE9F04F994685B0002305
:106350008846C9F8003003A904461646FFF718FB23
:10636000054608B9657D0DB1294631E0237D9A07C0
:1063700008D403980721FFF74DF80725284605B0F4
:10638000BDE8F08FA369F34228BFDE4304F1300A71
:10639000CEB1A169C1F30803002B40F09680039BA6
:1063A0005F89013F17EA512725D131B9A068A8B903
:1063B00001462046FEF79EFF04E0E36A63B12046F3
:1063C000FEF7A1FD50B9237D43F040032375002162
:1063D0000398FFF71FF8D1E7E169EAE7012802D146
:1063E00002256575C0E7431C01D10125F9E7A368C3
:1063F000E06103B9A06094F91430002B0CDA039823
:10640000226A407801235146FEF7A6FC0028ECD111
:10641000237D03F07F032375DDF80CB0E169584656
:10642000FEF766FD20B90225657529465846D0E776
:10643000B6F5007F07EB000235D3BBF80A1007EB77
:10644000562088424FEA56239BF8010088BFCB1B99
:106450004146CDE90023FEF77FFCDDE9002300285B
:10646000C3D1216A891A99420CD24FF4007208EB09
:10647000412150460093FEF77EFD227D009B02F0F5
:106480007F0222755F02A369E2683B44A3619A42DE
:106490002CBFE260E360D9F800303B44B844C9F84F
:1064A0000030F61B74E7236A93420DD0E168A369BC
:1064B000994209D99BF80100009201235146FEF749
:1064C0003DFC009A002890D12262A069C0F3080028
:1064D000C0F50077B74228BF37463A464146504498
:1064E000FEF749FD237D63F07F032375CBE7F7B506
:1064F00001A90546FFF74CFA0446002843D12B7D3D
:1065000013F040043FD01B0614D501982A6A407846
:10651000012305F13001FEF71FFC38B1019801217C
:10652000FEF778FF0124204603B0F0BD2B7D03F079
:106530007F032B7508F0FEFD696A07460198FEF798
:1065400069FD0446F8B9AE6AF37A43F02003F372AA
:10655000AA6828683146FEF725FDE96806F11C00A7
:10656000FEF71EFC394606F11600FEF719FC0198ED
:10657000B4740123F474C370FEF757FF2B7D23F02E
:10658000400304462B7501982146FEF743FFCAE7F6
:1065900037B50546FFF7ABFF044678B901A9284691
:1065A000FFF7F6F9044648B92869FEF783FC04466C
:1065B00000B9286001980021FEF72CFF204603B0A7
:1065C00030BD00002DE9F04F89B00D46059005A8BB
:1065D00016461C46FEF7B7FC0028C0F23A82A14BD3
:1065E00053F820300BB100221A70C7B23846FEF7BC
:1065F00095FBC20700F12F82430700F12E8206AA05
:1066000003213846FEF7B6FB30B9069A531EB3F5A0
:10661000004F01D21A4201D0012306935EB1924B82
:10662000A6F500729A4203D9132009B0BDE8F08F95
:10663000731E3342F8D1129B23F4FF7323F001033E
:1066400004930BB90E20F0E707AA01213846FEF7A4
:1066500091FB002840F0E98015F008030193079BA7
:1066600014BF4FF000094FF03F094B45EAD3A3EBAD
:1066700009037F2B0793E5D9B6F5813FD4D215F0F6
:10668000020E4FEA56222CD005F00701022900F035
:10669000EA81E80740F1E78162BB74481D0B0126DF
:1066A00030F8021B09B1A94222D940F6F571B3FBBB
:1066B000F6F58D429BBF05EB4505013502356D08AA
:1066C0008CBF6D00033505F2FF154FF020018CBF24
:1066D0004FF002084FF001086D0A03914FF0010BD3
:1066E000E4E1E907D8D49FE75200C2E11146C7E1CF
:1066F0007600D5E71646D8E7B8F1020F18D1029810
:106700004FF6F571884208D9002A40F0A88176003A
:10671000402E00F202823246BEE7029840F6F57142
:1067200088420CD8002A8DD17200802AB4D989E71A
:10673000029A40F6F5739A4284D84FF001084FF45C
:10674000007200212046FEF733FB49490B22204608
:10675000FEF711FC079984F80EB000230222B8F16D
:10676000030FE3722273CBF3072B4FF00102637424
:1067700018BF0223B1F5803F667384F80FB022740E
:10678000A37454D2E174C1F307212175F823637512
:106790003F2323764FF0000BFF2384F819B0A37634
:1067A00084F81BB0494604F11C00FEF7F9FAB8F171
:1067B000030F41D108F0BEFC014604F14300FEF78F
:1067C000EFFA294604F12400FEF7EAFA022384F8DE
:1067D0002C30012384F83030062384F832308023B3
:1067E00084F84030234984F82DB0292384F82EB052
:1067F00084F82FB084F831B084F833B084F8423094
:10680000132204F14700FEF7B6FB4FF0550384F85E
:10681000FE316FF0550384F8FF314A4601232146CB
:106820003846FEF799FA834640B30120FDE604F1AD
:106830002000FEF7B5FAA9E708F07CFC014604F158
:106840002700FEF7ADFAC5F30723E375802384F82C
:10685000243029230849A57584F82630132204F131
:106860002B00D0E7B400002000FEFF004E1B010803
:106870008C1A0108981A0108AC1A0108B8F1030F24
:1068800041D1012309F1060221463846FEF764FA98
:106890004FF4007259462046FEF78AFA52232370BD
:1068A00063706123A37084F8E731029B4122722157
:1068B000E27084F8E41184F8E51184F8E621591EA9
:1068C00004F5F470FEF76CFA022384F8EC314FF013
:1068D000550384F8FE316FF0550384F8FF3109F158
:1068E00007020123214684F8EDB184F8EEB184F863
:1068F000EFB13846FEF730FA012309EB03022146D7
:106900003846FEF729FA049A00212046FEF750FA8D
:10691000B8F1030F54D1F8232370FF236370A370E1
:10692000E37023716371A371E37123726372A372C5
:106930000F23E372129B5B0A0293029BAB4228BFB8
:106940002B462146524638469B46FEF705FA01463D
:1069500000287FF46AAF4FF400722046FEF728FA51
:10696000B5EB0B05DA44E8D1039BB8F1030F18BF70
:106970001E46029BB34228BF334652462146384644
:106980001D46FEF7E9F900287FF44FAF761BAA44B5
:10699000EFD1B8F1030F1DD0079BB3F5803F1BD299
:1069A000B8F1020F0CBF04230123019AB2B10022F7
:1069B00011463846FEF7DEF9003818BF012034E6EC
:1069C000B8F1010F5949204618BF6FF00701FEF7D3
:1069D000E7F9AFE70C23E8E70623E6E701994FF470
:1069E00000722046FEF7E4F9552284F8FE21AA221F
:1069F00084F8FF21019A84F8BE2184F8C121079A06
:106A000084F8C2314A4443F6C163B2FBF3F2FE2379
:106A100084F8C331930843F03F03012584F8C4315F
:106A200084F8C521494604F5E37084F8BF5184F821
:106A3000C051FEF7B5F9079904F5E570FEF7B0F916
:106A4000019A2B4621463846FEF786F90028AED03B
:106A5000EBE60B20E9E50320E7E50A20E5E5BEF1DA
:106A6000000F3FF4EFAD002A7FF440AE30485D0CDC
:106A7000012230F8021B19B1A9427FF635AE002180
:106A8000B3FBF2F02B4E8500A0F57F40F63805F2FF
:106A90000725B0424FEA55253FF6D4AD16460A46C3
:106AA000002103914FF0200B4FF003080399DDF80C
:106AB00018C00BEB090A481950440CF1FF3101448E
:106AC000CCF1000C01EA0C0CC9EB0611ACEB000C8C
:106AD000B8F1030F084406BFE344E244654483422F
:106AE000FFF4B0AD0399591AA1EB0B01B8F1030FF4
:106AF000A1EB0501B1FBF6F102917FF4FDAD029827
:106B00004FF6F57188423FF61AAE002A7FF49AAD2F
:106B1000012E7FF697AD7208A5E7BEF1000FA5D153
:106B2000802E3FF68FAD3246BFE500BFF8FFFF0075
:106B30005C1B0108FFFFFE0F30B50E4B5C7A05466B
:106B400004F0FF00A4B95C7A18555C7A03EB840466
:106B500065605C7A1C4422725A7A541CE4B25C72FE
:106B60003A2330324B702F230A708B70C87030BDBF
:106B70000120FCE7DC0000200022FFF7DDBF000061
:106B80007F2810B506D931B1FF2812D80A4B8038BA
:106B900033F8100010BD084A32F8024B84428BB221
:106BA00003D001318029F7D10B4603F18000C0B238
:106BB000F0E70020EEE700BF6A1B010870B51E4B2E
:106BC0001E4AB0F5805F28BF1346191D31F8043CFA
:106BD0000A46ABB1984213D331F8024C250AE6B20B
:106BE00053FA84F4A04221DA082D09D8DFE805F031
:106BF00005090F11131517191B00C01A31F81000E1
:106C000070BDC31A03F00103C01A80B2F8E7103850
:106C1000FBE72038F9E73038F7E71A38F5E70830AE
:106C2000F3E75038F1E7A0F5E350EEE70431002D2B
:106C3000CCD102EB4603C8E76A1C01085C1E0108C0
:106C400013B500230C4601A80121019300F094F82C
:106C50002060003818BF012002B010BD08B500F058
:106C6000C9F8012008BD08B54FF47A7100F098F812
:106C7000B0FA80F0400908BD00F0BAB808B500F0DD
:106C80004FFE002008BDEFF305830BB100F092BE6C
:106C900000F08ABE30B5044685B0228AB4F90840B7
:106CA000842C14BF0334002403AD0B46D0E900103C
:106CB000CDE9004500F048FD01280CBF03980020F5
:106CC00005B030BD012000F0DFBA000013B500248C
:106CD0000A460194E8B1EFF305839BB101AA21466E
:106CE00000F060FC012812D1019B13B9002002B012
:106CF00010BD094B4FF080521A60BFF34F8FBFF3A6
:106D00006F8FF3E7194600F08DFB0128EED0FF20CE
:106D1000EDE78020EBE700BF04ED00E013B50024B1
:106D20000194EFF3058393B101A900F026FB01283C
:106D300013D1019B13B9002002B010BD084B4FF0D6
:106D400080521A60BFF34F8FBFF36F8FF3E71A467D
:106D5000194600F0E7F90128EDD0FF20ECE700BF6D
:106D600004ED00E010B5EFF305841CB900F082FCDF
:106D7000204610BD8224FBE7012910B508460CD13E
:106D80000322002100F0ACF9044620B100231A468A
:106D9000194600F0C7F9204610BD0024FBE70000AB
:106DA00013B500240A460194E8B1EFF305839BB1C3
:106DB00001AA214600F0F6FB012812D1019B13B96C
:106DC000002002B010BD094B4FF080521A60BFF393
:106DD0004F8FBFF36F8FF3E7194600F023FB0128B5
:106DE000EED0FF20EDE78020EBE700BF04ED00E0F0
:106DF000FFF794BFFFF7B6BFD0E90001002200F013
:106E00006FB900001FB5002401910394EFF30583CF
:106E1000A3B1234603AA01A900F04EFA012815D117
:106E2000039B13B9002004B010BD094B4FF08052F2
:106E30001A60BFF34F8FBFF36F8FF3E7012A38BF9C
:106E4000012201A900F06EF90128EBD0FF20EAE74A
:106E500004ED00E07FB50023044616460846039182
:106E6000029301AD11B98023019316E00093EFF373
:106E70000583CBB16A4602A900F094FB01280CBF40
:106E8000102300230193009B3BB10D4B4FF0805228
:106E90001A60BFF34F8FBFF36F8F95E8070084E848
:106EA0000700204604B070BD02A900F0BBFA01281B
:106EB00001D11023D8E7002E18BF40260196ECE739
:106EC00004ED00E008B500F0D9FF012803D0BDE8CB
:106ED000084001F04FB908BD00F108034FF0FF3240
:106EE000C0E902234360036100230360704700236D
:106EF0000361704743684B609A688A609A68516082
:106F000099600368086101330360704730B50C680D
:106F1000631C0AD103695A684A6091608B605960AA
:106F2000036808610133036030BD00F108021346B5
:106F300052681568A542FAD9EDE7D0E90112036954
:106F40008A6051605968814208BF5A60002202611C
:106F50001868013818607047F8B51546026C866BE2
:106F6000044652B9076847BB406800F0E3FF67601A
:106F700005460136A6632846F8BD65B9806809F064
:106F8000B3F8A368226C13446268A3609342F0D301
:106F90002368A360EDE7C06809F0A6F8226CE368F7
:106FA00051429B1A2268E36093423EBF63685B18BC
:106FB000E360022D01D116B1013E0025D9E7354627
:106FC000D7E7034610B41A6C08466AB1DC68596802
:106FD00014448C4228BF1968DC6028BFD960D96886
:106FE0005DF8044B09F080B85DF8044B704770B54C
:106FF000044601F057F894F8455004F124066DB2A8
:10700000002D14DCFF2384F8453001F06DF801F009
:1070100049F894F8445004F110066DB2002D12DCCA
:10702000FF2384F84430BDE8704001F05DB8636A26
:10703000002BE7D0304600F087FE08B100F018FFC3
:10704000013D6DB2DCE72369002BE9D0304600F04A
:107050007BFE08B100F00CFF013D6DB2DEE70000E1
:1070600038B50D46044640B94FF0500383F31188FC
:10707000BFF36F8FBFF34F8FFEE701F013F8D4E932
:107080000F312268A2604B43D0185B1A1344606032
:10709000E3600020FF23A06384F8443084F8453087
:1070A00095B9236963B104F1100000F04DFE38B1C9
:1070B0000A4B4FF080521A60BFF34F8FBFF36F8FB0
:1070C00001F012F8012038BD04F11000FFF704FFB1
:1070D00004F12400FFF700FFF2E700BF04ED00E039
:1070E00070B50D46064640B94FF0500383F3118842
:1070F000BFF36F8FBFF34F8FFEE74843483001F077
:107100002BF9044648B155B100F14803C4E90F65B5
:10711000236001212046FFF7A3FF204670BD0346F0
:10712000F4E700002DE9FF47884601921F46044618
:1071300040B94FF0500383F31188BFF36F8FBFF353
:107140004F8FFEE751B9036C43B14FF0500383F307
:107150001188BFF36F8FBFF34F8FFEE7022F0BD164
:10716000E36B012B08D04FF0500383F31188BFF37A
:107170006F8FBFF34F8FFEE700F080FE064650B9D9
:10718000019B4BB14FF0500383F31188BFF36F8F16
:10719000BFF34F8FFEE70026DFF8E8A04FF00009AD
:1071A00037E0019D1DB900F09FFF002050E016B9A7
:1071B00002A800F00DFE00F097FF00F0EDFB00F0DC
:1071C00071FF94F84430FF2B08BF84F8449094F882
:1071D0004530FF2B08BF84F8459000F085FF01A9DA
:1071E00002A800F00BFE002846D100F05BFFA26B66
:1071F000E36B9A422FD100F077FF019904F1100060
:1072000000F088FD2046FFF7F2FE00F073FC50B35B
:10721000012600F047FFA26BE36B9A4201D3022FD5
:10722000BFD13A4641462046FFF796FE636A1BB13E
:1072300004F1240000F088FD38B1124B4FF0805269
:107240001A60BFF34F8FBFF36F8F00F04DFF012027
:1072500004B0BDE8F08700F047FF2046FFF7C7FE07
:1072600000F048FCD4E74FF08053CAF80030BFF379
:107270004F8FBFF36F8FCBE72046FFF7B8FE00F0CC
:1072800039FC92E704ED00E038B5482001F064F8DD
:10729000044678B100250121C0E90F150060FFF711
:1072A000DFFEC4E90055E5602B462A462946204604
:1072B000FFF738FF204638BD2DE9F8438946904650
:1072C0001F46044640B94FF0500383F31188BFF3C3
:1072D0006F8FBFF34F8FFEE751B9036C43B14FF08F
:1072E000500383F31188BFF36F8FBFF34F8FFEE717
:1072F000022F0BD1E36B012B08D04FF0500383F327
:107300001188BFF36F8FBFF34F8FFEE700F0D2FFFE
:10731000EFF311864FF0500383F31188BFF36F8FA3
:10732000BFF34F8FA26BE36B9A4201D3022F22D19E
:1073300094F845503A466DB249462046FFF70CFE98
:107340006B1C13D1636A0BB901200BE004F124001C
:1073500000F0FAFC0028F7D0B8F1000FF4D00120BB
:10736000C8F8000086F31188BDE8F88301356DB2D6
:1073700084F84550E8E70020F4E770B50D46044670
:1073800040B94FF0500383F31188BFF36F8FBFF301
:107390004F8FFEE7036C43B14FF0500383F3118826
:1073A000BFF36F8FBFF34F8FFEE7036853B9436896
:1073B00043B14FF0500383F31188BFF36F8FBFF3D6
:1073C0004F8FFEE700F076FFEFF311864FF050038A
:1073D00083F31188BFF36F8FBFF34F8FA26BE36B03
:1073E00093421CD994F845100132FF294BB2A26395
:1073F00010D1636A0BB9012009E004F1240000F008
:10740000A3FC0028F7D0002DF5D00120286086F3DA
:10741000118870BD01335BB284F84530EBE7002082
:10742000F5E700002DE9FF470E4601929846044615
:1074300040B94FF0500383F31188BFF36F8FBFF350
:107440004F8FFEE751B9036C43B14FF0500383F304
:107450001188BFF36F8FBFF34F8FFEE700F00EFD73
:10746000054650B9019B4BB14FF0500383F311888F
:10747000BFF36F8FBFF34F8FFEE70025DFF820A12A
:107480004FF0000955E0636AE560002B74D004F109
:10749000240066E0019B1BB900F026FE00206EE090
:1074A00015B902A800F094FC00F01EFE00F074FA7A
:1074B00000F0F8FD94F84430FF2B08BF84F84490A6
:1074C00094F84530FF2B08BF84F8459000F00CFE7F
:1074D00001A902A800F092FC002853D100F0E2FDBF
:1074E000A36BF3B900F000FE236833B900F0DAFDB6
:1074F000606800F0D3FC00F0F7FD019904F124006E
:1075000000F008FC2046FFF772FD00F0F3FA78B9AE
:107510004FF08053CAF80030BFF34F8FBFF36F8F27
:1075200006E000F0E1FD2046FFF761FD00F0E2FA21
:10753000012500F0B7FDA76B002FABD031462046E8
:10754000E568FFF73EFDB8F1000F9CD12368013FCD
:10755000A76313B900F040FD6060236963B104F1D3
:10756000100000F0F1FB38B10D4B4FF080521A6063
:10757000BFF34F8FBFF36F8F00F0B6FD012004B053
:10758000BDE8F0872046FFF732FD00F0B3FA00F0C7
:1075900089FDA36B002B3FF47FAF00F0A5FDC7E78B
:1075A00004ED00E02DE9F84389469046054640B9D0
:1075B0004FF0500383F31188BFF36F8FBFF34F8FEA
:1075C000FEE751B9036C43B14FF0500383F31188C8
:1075D000BFF36F8FBFF34F8FFEE700F06BFEEFF34B
:1075E00011874FF0500383F31188BFF36F8FBFF300
:1075F0004F8FAC6B1CB395F84460494676B2284671
:10760000FFF7DFFC013C731CAC6313D12B690BB992
:1076100001200BE005F1100000F096FB0028F7D0E8
:10762000B8F1000FF4D00120C8F8000087F31188EA
:10763000BDE8F883013676B285F84460E8E7204675
:10764000F4E7000010B50949002351F833208242C5
:107650004FEAC30406D1064A002142F833102244FF
:10766000516010BD0133082BEFD1FAE7F8A30020D9
:10767000F4A3002010B540B94FF0500383F31188F4
:10768000BFF36F8FBFF34F8FFEE7FFF7DBFFBDE860
:10769000104000F0EDBE0000064A13681968064B62
:1076A00019B94FF0FF321A6070471268D268D26879
:1076B0005268F8E7EC000020C4010020F8B51B4B2D
:1076C0001B4F1D680446386804300E46FFF735FC32
:1076D0003B4640B939681748CF6A02680121B94072
:1076E00022EA01020260621C07D136B11968124811
:1076F000BDE8F8400431FFF7FDBB1A682C1954604F
:1077000007D30E4A10681968BDE8F8400431FFF746
:10771000FDBB0B4A106819680431FFF7F7FB094BF2
:107720001A68A24288BF1C60F8BD00BF0C0200208E
:10773000E800002094010020E4010020F000002077
:10774000EC000020C40100202DE9F84F9500074609
:1077500028460E46984600F0FFFD8146002800F0BE
:10776000AA80542000F0F8FD0446002800F0A08014
:10777000C0F830902A46A521484608F0C3FCD4F84A
:1077800030B0731E04F134020F3613F8011F02F8F3
:10779000011B197809B1B342F7D10A9E062E28BF02
:1077A00006264FF0000A04F10409C4E9116AE662F2
:1077B000484684F843A0043DFFF799FBC6F107064D
:1077C00004F118005D44FFF792FBC4F84CA024615B
:1077D000A661646284F850A04246394625F007004D
:1077E00000F038FC0B9B206003B11C6000F05AFCD9
:1077F000374B384E1A68384F01321A603268002A07
:107800005CD134601B68012B2BD13448DFF80C812C
:10781000334DFFF761FB3348FFF75EFB3248FFF75C
:107820005BFB3248FFF758FB3148FFF755FB314807
:10783000FFF752FB3048FFF74FFB4046FFF74CFB8A
:107840002846FFF749FB2D48FFF746FB2C48FFF77A
:1078500043FB2C48FFF740FB2B4BC3F800802B4B1E
:107860001D602B4A2B491368086801331360E26AD4
:10787000012505FA02F303430B60184B142000FBAB
:1078800002304946FFF736FB00F02EFC3B6863B13F
:107890003368DA6AE36A9A4207D21F4B4FF080528C
:1078A0001A60BFF34F8FBFF36F8F2846BDE8F88F84
:1078B000484600F0DDFD4FF0FF35F6E73B68002B52
:1078C000CFD13368E26ADB6A9A4228BF3460C8E7E6
:1078D00080010020E8000020E0010020F4000020EA
:1078E000AC010020080100201C0100203001002014
:1078F00044010020580100206C010020CC01002030
:10790000F8010020E4010020EC000020F00000203D
:10791000900100209401002004ED00E09801002077
:1079200013B5174B019300241649174800942346BA
:107930008022FFF709FF012814D14FF0500383F391
:107940001188BFF36F8FBFF34F8F104B4FF0FF3293
:107950001A600F4B18600F4B1C6002B0BDE810405E
:1079600000F032BC013008D14FF0500383F311888E
:10797000BFF36F8FBFF34F8FFEE702B010BD00BFA4
:10798000C0010020181F01082D7C0008C401002040
:10799000E00100200C020020024A1368013313604A
:1079A000704700BF8C010020014B1868704700BF72
:1079B0000C02002008B500F07DFC014B186808BDE2
:1079C0000C020020404B1B682DE9F74F002B74D1AF
:1079D0003E4B1D6801351D60BDB93D4B1A681268EC
:1079E00042B14FF0500383F31188BFF36F8FBFF3A1
:1079F0004F8FFEE7374A1968106818601160364AE1
:107A0000136801331360FFF747FE344E344F336879
:107A1000DFF8D880AB424FF0000411D9D8F800301D
:107A2000DA6A14235343FB58022B28BF01242D4B41
:107A30001B68002B0CBF2046012003B0BDE8F08F6F
:107A4000DFF88CA0DFF8A890DAF800301B681BB9CB
:107A50004FF0FF333360E1E7DAF80030DB68D3F84A
:107A60000CB0DBF80420954201D23260D6E70BF16E
:107A7000040108460191FFF760FADBF8282001991C
:107A800022B10BF11800FFF758FA0199DBF82C002E
:107A9000D9F80030012282401A43C9F8002014228C
:107AA00002FB0070FFF726FAD8F80010DBF82C2054
:107AB000CB6A9A4228BF0124C6E70B4A13680133F8
:107AC00013600024B3E700BF8C0100200C020020EB
:107AD000EC000020F0000020C8010020C4010020BC
:107AE000F40000201002002088010020E80000209F
:107AF000940100202DE9F341314C236843B94FF044
:107B0000500383F31188BFF36F8FBFF34F8FFEE7EE
:107B100000F0C8FA2368013B2360246834B10024D4
:107B200000F0E2FA204602B0BDE8F081254B1B6868
:107B3000002BF4D0244D254EDFF8A4801FE0EB6825
:107B4000DC6804F11800FFF7F8F9211D08460191DF
:107B5000FFF7F3F9E26A30680199012707FA02F3A7
:107B60000343142000FB02803360FFF7C3F9184B76
:107B7000E26A1B68DB6A9A4201D3164B1F602B68CE
:107B8000002BDCD10CB1FFF787FD134D2C6844B1FD
:107B9000104E0127FFF716FF00B13760013CF9D105
:107BA0002C600C4B1B68002BB9D00C4B4FF0805253
:107BB0001A60BFF34F8FBFF36F8F0124B0E700BF90
:107BC0008C01002080010020CC01002094010020C5
:107BD000E8000020100200208801002004ED00E0F1
:107BE000F400002008B540B90E4B4FF080521A60E7
:107BF000BFF34F8FBFF36F8F08BD0B4B196841B1B7
:107C00004FF0500383F31188BFF36F8FBFF34F8F93
:107C1000FEE7FFF7C1FEFFF751FDFFF76BFF0028FE
:107C2000E2D0E9E704ED00E08C01002008B5174E32
:107C3000174C236863B9174B1B68012BF8D9164BF7
:107C40004FF080521A60BFF34F8FBFF36F8FEFE793
:107C5000FFF7A2FE3568FFF74DFF002DE9D000F0D9
:107C600021FAF368DD68281DFFF767F90B4A1368EE
:107C7000013B13602368013B236000F035FA286B59
:107C800000F0F6FB284600F0F3FBD2E7F8010020F5
:107C900084010020F400002004ED00E080010020B9
:107CA000174B1A68174B10B512B101221A6010BD9C
:107CB0001A60154B1B68B3FA83F3DBB2C3F11F03E1
:107CC000142212495A4388188C5844B94FF0500373
:107CD00083F31188BFF36F8FBFF34F8FFEE74468C4
:107CE0000832646844600A44944204BF6268426097
:107CF000142202FB03135B68DA68054BD6E700BF6A
:107D00008C0100201002002094010020F4000020CB
:107D1000E800002010B50C4640B94FF0500383F343
:107D20001188BFF36F8FBFF34F8FFEE7054B1968C4
:107D30001831FFF7EBF820460121BDE81040FFF7AE
:107D4000BDBC00BFE8000020C36837B5DC6844B99B
:107D50004FF0500383F31188BFF36F8FBFF34F8F42
:107D6000FEE704F1180108460191FFF7E6F8124B0F
:107D700001991B68F3B9211D08460191FFF7DDF851
:107D80000E48E26A05680199012393402B43036082
:107D90000B4B142000FB0230FFF7ACF8094BE26AF2
:107DA0001B68DB6A9A4285BF074B012000201860E0
:107DB00003B030BD0548EFE78C010020940100209E
:107DC000F4000020E800002010020020CC01002078
:107DD00040B94FF0500383F31188BFF36F8FBFF3A7
:107DE0004F8FFEE7034B1B680360034B1B68436028
:107DF000704700BFC80100200C02002070B50D467E
:107E0000044640B94FF0500383F31188BFF36F8FDE
:107E1000BFF34F8FFEE741B94FF0500383F3118852
:107E2000BFF36F8FBFF34F8FFEE700F03BF90E4BB0
:107E300019682B685A1C10D00C4A1068D4E90062EB
:107E4000864201D091420DD2881A83420AD95B1A28
:107E500013442B602046FFF7BBFF002400F044F9D9
:107E6000204670BD0124F9E70C020020C801002063
:107E7000014B01221A60704710020020054B1B685D
:107E800033B1054B1B68002B0CBF0220002070474C
:107E900001207047E00100208C010020F7B5044666
:107EA00000282FD0204DC36A2A68D26A934229D273
:107EB00082691E4E002AA1BF2A68D26AC2F1070257
:107EC00082611427426907FB03639A4217D1011D9F
:107ED00008460191FFF731F8154A0199A0B12B68C6
:107EE000D86AE0620123146883402343136014239B
:107EF00003FB006003B0BDE8F040FEF7FBBF2B685A
:107F0000DB6AC36203B0F0BDD4F82CC007FB0CF7EA
:107F1000F359002BE3D11368012000FA0CF023EA97
:107F200000031360DBE700BFE8000020F40000203E
:107F300094010020F7B5044610B9002003B0F0BD4D
:107F4000224B1B68834208D04FF0500383F3118803
:107F5000BFF36F8FBFF34F8FFEE79B6C43B94FF0BA
:107F6000500383F31188BFF36F8FBFF34F8FFEE78A
:107F7000C16A426C013B91428364DED0002BDCD1AC
:107F8000011D08460191FEF7D8FF114F114A0199D2
:107F900050B9E06A14264643BB592BB91368012532
:107FA000854023EA05031360636CE362C3F10700B5
:107FB000A0611068012404FA03F50543142000FBB6
:107FC00003701560FEF796FF2046B7E7E800002033
:107FD000F400002094010020044B1A681AB11968BB
:107FE0008A6C01328A641868704700BFE80000207C
:107FF0000A4B1B68013308D04FF0500383F31188FC
:10800000BFF36F8FBFF34F8FFEE74FF0500383F343
:108010001188BFF36F8FBFF34F8FFEE7240000205E
:1080200006480068006880F3088862B661B6BFF34E
:108030004F8FBFF36F8F00DF00BF000008ED00E03F
:10804000DFF80C00016841F4700101607047000026
:1080500088ED00E04FF0807340F8043C074B40F897
:108060000C3C21F001016FF0020340F8081C40F8BD
:10807000202C40F8243C4438704700BFF17F0008B2
:10808000074B19680868B0E8F04F80F30988BFF320
:108090006F8F4FF0000080F311887047AFF30080BE
:1080A000E80000204FF0500383F31188BFF36F8F77
:1080B000BFF34F8F0A4A13680133012B13600DD1B0
:1080C000084B1B6813F0FF0F08D04FF0500383F3E9
:1080D0001188BFF36F8FBFF34F8FFEE7704700BF6C
:1080E0002400002004ED00E0084A136843B94FF073
:1080F000500383F31188BFF36F8FBFF34F8FFEE7F9
:10810000013B13600BB983F31188704724000020F2
:10811000EFF30980BFF36F8F154B1A681EF0100F35
:1081200008BF20ED108A20E9F04F10604DF8043DA3
:108130004FF0500080F31188BFF34F8FBFF36F8F64
:10814000FFF7AEFD4FF0000080F3118808BC1968FE
:108150000868B0E8F04F1EF0100F08BFB0EC108AAE
:1081600080F30988BFF36F8F704700BFAFF30080C3
:10817000E800002008B54FF0500383F31188BFF3E7
:108180006F8FBFF34F8FFFF71DFC18B1034B4FF0FC
:1081900080521A60002383F3118808BD04ED00E0CB
:1081A000064B4FF47A721B68B3FBF2F3044A013BAF
:1081B0001360044B07221A60704700BF3000002094
:1081C00014E000E010E000E0314B324A13B51968CA
:1081D000914208D14FF0500383F31188BFF36F8FA2
:1081E000BFF34F8FFEE71A682B4B9A4208D14FF02E
:1081F000500383F31188BFF36F8FBFF34F8FFEE7F8
:10820000264B1A78D2B20192FF221A701B78244AA8
:10821000DBB28DF803309DF8033003F05003137088
:10822000204B07221A6000219DF80300000602F18E
:10823000FF3423D401B11A601A68120202F4E0621A
:108240001A60019B154ADBB21370174B1A6842F48F
:1082500070021A601A6842F070421A60FFF7A0FFBD
:10826000124B00221A60FFF7EBFE114A136843F02D
:1082700040431360FFF7D4FEFFF7BAFE9DF80320DA
:108280005200D2B28DF8032001212246CCE700BF74
:1082900000ED00E071C20F4170C20F4100E400E048
:1082A000140200201802002020ED00E0240000202D
:1082B00034EF00E0EFF305830F2B0ED9104A9B5CDF
:1082C000104A12789A4208D94FF0500383F311886C
:1082D000BFF36F8FBFF34F8FFEE70B4B0B4A1B684B
:1082E000126803F4E063934208D94FF0500383F31C
:1082F0001188BFF36F8FBFF34F8FFEE7704700BF4A
:10830000F0E300E0140200200CED00E01802002071
:1083100010B50F4B1A461B688342FBD354681119E2
:10832000884201BF4168104609195160446801192B
:108330008B4207D1074909688B421FBF59681B68E8
:10834000091941609042036018BF106010BD00BF62
:108350002C8200201C0200202DE9F0410446FFF78A
:108360001BFB3C4B3C481A689C46D2B93B4A3C4BF1
:1083700055071CBF073222F0070200211A6059601E
:10838000384B23F00703C3E90011991AC2E9003101
:10839000CCF80030344B1960344B19604FF0004377
:1083A0000360076827424FD1002C40D004F1080336
:1083B00061071CBF23F007030833002B44D02B4A6E
:1083C00016689E4290463FD3254A156869689942CF
:1083D00001D22868A8B9DCF80000A84234D0C91A34
:1083E000286814681060102912D9E81842070BD0C9
:1083F0004FF0500383F31188BFF36F8FBFF34F8F9C
:10840000FEE72A460546E1E741606B60FFF780FF23
:1084100015496B680868F61A1F4386424FF000033F
:10842000C8F8006038BF0E6008346F602B60FFF73B
:1084300061FB63070AD04FF0500383F31188BFF349
:108440006F8FBFF34F8FFEE70024F0E72046BDE8B3
:10845000F08100BF1C0200202082002020020020AA
:108460002C820020188200202882002024820020F4
:1084700010B5044670B3184A50F8043C1268134211
:1084800008D14FF0500383F31188BFF36F8FBFF310
:108490004F8FFEE750F8081C41B14FF0500383F3B3
:1084A0001188BFF36F8FBFF34F8FFEE723EA0203FC
:1084B00040F8043CFFF770FA084A54F8043C11688D
:1084C000A4F108000B441360FFF722FFBDE8104041
:1084D000FFF710BB10BD00BF2082002024820020C7
:1084E0001E4B1B6807B513B11D4A106898471D48FD
:1084F0001C4D1D4E1D4C06F031FB284606F033FB8B
:1085000001A9304603F08AFD284606F027FB019BAF
:1085100033B9234669221649164807F0A5FEECE751
:108520001A78032A0CD0042A10D0022A12D1D3E9D7
:108530000212586890470199092000F079FBDCE7A6
:10854000D3E90120904701990820F6E7D3E90120FB
:108550009047D2E723469B22DDE700BF3882002008
:108560003C82002034A40020348200201D1F01081A
:108570004D1F01086B1F0108F8B5074610480E464D
:10858000154606F0CBFA28B90E4B0F490F48B52215
:1085900007F06AFE092000F02FFB044668B10223B1
:1085A000C0E901760370C5600146054806F08AFA05
:1085B00028B12146092000F03BFB4FF0FF30F8BD09
:1085C000348200201D1F0108931F01086B1F010842
:1085D00091F82F3013F0180F14BF024A024AFFF728
:1085E000CBBF00BF85E9000841DF0008F8B50746AA
:1085F00013480E46154606F091FA28B9114B124958
:108600001248EE2207F030FE082000F0F5FA04468A
:1086100090B10323C0E901760370014608481DB1FB
:1086200006F044FA0020F8BD06F04CFA0028FAD013
:108630002146082000F0FCFA4FF0FF30F3E700BFBE
:10864000348200201D1F0108931F01086B1F0108C1
:1086500037B505460C4600F040F8134B13481D6033
:10866000134B06211C6006F011FA30B1114B124970
:10867000124840F2D51207F0F7FD114806F060FAF3
:1086800030B10C4B0F490D4840F2D91207F0ECFD08
:10869000032300930C490D484FF48063002206F039
:1086A00065FA03B030BD00BF38820020348200205C
:1086B0003C8200201D1F0108A01F01086B1F01083C
:1086C00034A40020C31F0108E1840008E41F01084E
:1086D00040BA80B2704700BA704708B506F024FA75
:1086E00000F00CF800F07AFA00F0C5FA03F0F2FCA2
:1086F00000F030FFBDE8084003F058BC124B134AAD
:10870000134823F0030310B513604FF4C8621A60D6
:1087100000221A710F4A03F5C86111600E4AC3F8AE
:108720004026012283F844260C4A136006F008FA1A
:1087300040B1BDE810400A4B0A490B484FF4CC72D7
:1087400007F092BD10BD00BF53A400204882002056
:10875000448200204C8200204006400640820020D7
:10876000F11F0108202001086B1F01082DE9F041CD
:108770000446002800F09680830706D04A4B4B49F8
:108780004B484FF4D67207F06FFD4A4F3B68A34247
:1087900074D8494B1B68A34270D9484806F0DEF9EB
:1087A00014F8043CA4F1080533B93F4B4449404850
:1087B0004FF4E07207F058FD424E002304F8043CE9
:1087C0003368AB423B6888BF35609D4206D2364B6A
:1087D0003D49374840F25D1207F046FD364B1A68B6
:1087E0009542984606D3304B384931484FF4AF7222
:1087F00007F03AFD14F8043C33B12B4B34492C48B4
:1088000040F25F1207F030FD34F8083CB3F5C86F52
:1088100006D9254B2F4926484FF4B17207F024FDA5
:108820003B6834F8081C5A18954210D0107970B97A
:10883000D8F8000082420AD0306882425A5A24F89E
:10884000082C5A5A08BF35601A44E91A518034F886
:10885000062C99188D420CD0087950B930688542A1
:1088600008BF316034F8081C995234F8081C0B44D6
:108870005A80BDE8F041114806F075B90A4B164917
:108880000B484FF4D77207F0EFFC3B68A34203D8C4
:10889000094B1B68A34280D806F078F9BDE8F04187
:1088A00006F080B9BDE8F081F11F01083B20010806
:1088B0006B1F0108488200204C8200204482002067
:1088C0007320010840820020872001089E200108B3
:1088D000B8200108D32001085C2001082DE9F041EF
:1088E00003314FF6FC750D400B2D044604D9B5F548
:1088F000C86F02D900241CE00C253C4B1A68A24228
:10890000984603D83A4B1B68A34206D8394B3A49DC
:108910003A4840F2F31207F0A7FCD8F80030A3421F
:1089200003D8334A1268A24206D806F02FF906F09F
:1089300039F92046BDE8F08134F8087CA4F1080636
:10894000F61AB6B2083FBF1BBFB2AF4223D2294BC3
:108950002B492A4840F2062207F086FCCAE705F1B7
:108960001402BA423DD8274806F1080207681544A8
:10897000AAB213FA85F5AF4288BF056000202871BE
:1089800099526E8024F8082C995AB1F5C86F1CBF13
:108990005B185A8025E0CCD01B4806F0DFF8D8F8E9
:1089A000003034F8081C58180279002AD7D106F193
:1089B00008021544134A33F801C01768A9B2874268
:1089C00013FA85F508BF156000222A7123F801C04B
:1089D0006E8024F8081C5A5AB2F5C86F01D01344AF
:1089E0005980094806F0BFF8A3E700BF488200207D
:1089F0004C820020F11F0108FD2001086B1F0108B7
:108A00001421010840820020448200202DE9F04119
:108A1000002877D003304FF6FC7505400B2D04D9A4
:108A2000B5F5C86F02D900206CE00C253A483B4EE2
:108A300006F094F83A4A336811685A1A92B2C5F5AA
:108A4000C8676FF00708BA4203D3334806F08BF8C3
:108A5000E9E78C1831F802C094F804E0BEF1000F89
:108A600058D1A8EB02006044A84253D305F1140783
:108A7000B84249D305F10800104487B211FA80F0DA
:108A800080F804E021F807C042800122278022718B
:108A9000CA5BB2F5C86F01D00A445780A342214F88
:108AA0000FD138681A790AB1984230D198423360B0
:108AB00007D032B11C4B1D491D4840F2CF2207F0B0
:108AC000D3FB154806F04FF808353B682544AB4208
:108AD00006D2154B1749164840F2D32207F0C4FBC3
:108AE000A3070DD0104B1449114840F2D52207F0CE
:108AF000BBFB0D4B11490E4840F2D72207F0B4FBE7
:108B000004F10800BDE8F08101222271C6E71B884C
:108B10000B44C7E7624696E744820020408200206B
:108B2000488200204C820020F11F010834210108F6
:108B30006B1F01084D2101087D210108AC210108AE
:108B400038B5044606F022F823681C6805465CB177
:108B500022681A60A30706D0054B064906484FF461
:108B6000A47207F081FB284606F01CF8204638BDA9
:108B7000CF210108FF2101086B1F010838B58B07C1
:108B800005460C4606D0084B084909484FF4CE72FA
:108B900007F06AFB05F0FAFF2B681A6822601C6078
:108BA000BDE8384005F0FEBFCF21010822220108B0
:108BB0006B1F01084368816830B500220333448885
:108BC0000A6023F00303944200DC30BD0D681D6091
:108BD00005880B6001322B44F5E7000038B5054DE0
:108BE0000D24013C55F8040BA4B2FFF7E3FF002C61
:108BF000F7D138BD182301080C2808B507D8084B51
:108C000053F82000BDE808400830FFF799BF054B36
:108C10000549064840F2871207F026FB002008BDF0
:108C200018230108CF210108422201086B1F010807
:108C30000C2806D9074B0849084840F2DB1207F018
:108C400013BB29B1064B53F820000830FFF796BF3D
:108C5000704700BFCF2101085F2201086B1F010888
:108C60001823010890F82F301B07014602D5043164
:108C700004F094BE7047704730B5044685B00D4689
:108C800091B10B680393039A63689A420AD0201D3E
:108C900003A9019001F0D4F9019803A903F0DAFBCC
:108CA0002DB9656005B030BD054B1B68EAE72B6840
:108CB0006360002BF6D02046FFF7D4FFF2E700BF39
:108CC000B036010870B5064615461C4609B10B685A
:108CD0004BB93046FFF7D0FF05B12D68B56004B140
:108CE0002468F46070BD02B11568B56004B12468F1
:108CF000F4603046BDE87040FFF7BEBF2DE9F84391
:108D0000DDF8249004460E4617469846B9F1000F48
:108D100005D1164B16491748FB2207F0A5FA164A4B
:108D2000032384F82430089BE361137884F83230FD
:108D30000025591C0A9B117023612046C4E9015586
:108D4000E56084F82F50256243463A463146FFF7E6
:108D5000B9FF2046C84730B9084B1A6822601C602A
:108D60002046BDE8F8832C46FAE700BF4C230108F3
:108D70007D2301086B1F0108848200204CDB00204A
:108D8000014B1860704700BF50DB002090F82F2087
:108D9000D10709D442F00101520780F82F1003D502
:108DA00043680BB1FFF75EBF704790F82F20D107E3
:108DB00007D522F00101130780F82F1001D504F028
:108DC00031BD704710B505F0E1FE084B00221A7066
:108DD00005F0E8FE064B1C682CB1206F20B100F0B6
:108DE00033FC0023236710BDE468F5E754DB002063
:108DF0005CDB002070B5044670BB204B2049214845
:108E000040F23F2207F030FA002070BD1D46267B5D
:108E100060680EB1032E06D1401A04F11002904290
:108E20000AD20120F1E7013E012E10D800290BDA09
:108E30006289AA42F5D3401A628960601A4462814D
:108E4000228913442381DFE7002AF4D1E9E70B4BA1
:108E50000D4940F277220CE00029D5D08BB2D5DA4B
:108E600060895D42ADB2A842D1D2044B074940F2BD
:108E70004722044807F0F8F9D3E700BF942301081C
:108E8000162501086B1F0108E2230108C42301080D
:108E900038B50C4D05F07AFE2C780123E4B22B7026
:108EA00005F080FE64B9084822462146FFF79EFB84
:108EB00030B105F06BFE2C70BDE8384005F072BE95
:108EC00038BD00BF54DB0020C58D000870B50428F4
:108ED000049D0CD8114C245CBDF81400033424F01C
:108EE00003040E1986424FF0000009D970BD0C4BE7
:108EF0000C490D4840F2C51207F0B6F90020F5E71D
:108F0000186005B1254402201A73012258735D6070
:108F100019815981DA811846E8E700BFDF26010888
:108F200094230108F02301086B1F01080022FFF7BA
:108F300061BF0122FFF75EBF2DE9F047044650B93B
:108F40002C4B2D492D4840F2D22207F08DF92546B1
:108F50002846BDE8F087037B032B06D9254B28491B
:108F600026484FF4377207F07FF9DFF88880DFF882
:108F700098A0DFF88890002505F008FEE3890746F1
:108F800033B9434640F2EB225146484607F06CF9AC
:108F9000E689013EB6B2E681384605F003FE002EB2
:108FA000D6D1637B26689B0711D5236933B9154950
:108FB000434640F2F922484607F056F92369204615
:108FC00098470135EDB2002EC2D03446D4E7237B5A
:108FD000032B04D121460C20FFF72AFEF1E7013BC9
:108FE000012B02D821460B20F6E72046FFF7BEFBF7
:108FF000E7E700BF94230108162501086B1F01084D
:10900000142401083F2401082924010804282DE91B
:10901000F84F0E46174619D85C4B022A1D5C0ED835
:10902000002A00F099800B20FFF7E6FD0446002897
:1090300059D000234360068146810360A4E0032ADF
:109040000CD0534B53494FF4C67203E0504B524976
:109050004FF48B72514807F007F944E00C20FFF7FA
:10906000CBFD044620B9FFF713FF2046BDE8F88F7B
:10907000002303604319033525F00305C5F5147576
:10908000B54203F1130328BF354623F003030773EA
:10909000436000F518772B449F420681458106D234
:1090A0003B4B3F493D484FF4977207F0DDF861892B
:1090B000DFF8DCA0DFF8F090DFF8E0800123E38147
:1090C000761AA346002E04DC0123E3810023637398
:1090D000CBE70C20FFF790FD054630B9FFF7D8FE2F
:1090E0002046FFF729FF0024BFE7032383810023E5
:1090F00003604FF6FF739E42CBF8000006D1534643
:109100004FF4A6724946404607F0AEF8B2B2B2F547
:10911000147F05F110032A816B6028BF4FF414728D
:109120009B076A8106D01F49534640F251124046C0
:1091300007F09AF86289636813449F4206D218497F
:10914000534640F25312404607F08EF80123EB815C
:109150006B89AB46F61AB5E705F11300CB1C23F07B
:10916000030320F00300184480B29842BBD3FFF7FA
:109170004DFC04460028B6D00544133525F0030500
:10918000456006814681076027739DE7DF26010859
:1091900094230108ED240108602401086B1F0108D5
:1091A0007B240108C0240108AC2401082DE9F84300
:1091B0000D46044630B92E4B2E492F4840F2F3128B
:1091C00007F052F8237B032B06D9294B2B492A4859
:1091D0004FF4FA7207F048F82689AE4245D9DFF815
:1091E0009090DFF8A480244FAE1B6189A94219D367
:1091F000237B002B31D1A9422FD0637B9B072CD43A
:109200006168091B2944204689B2FFF767FB0446C1
:1092100018BB174B1A49184840F21D2207F024F8D2
:109220006481FFDE4FF6FF736D1A9E42ADB206D128
:109230004B4640F20B224146384607F015F822898A
:10924000324422812468002CCFD10E494B4640F293
:109250000F22384607F008F8C7E7206865812581A6
:1092600008B1FFF769FE00232360BDE8F88300BF63
:1092700094230108082501086B1F01082025010817
:10928000642501084C2501083B25010803460022FE
:1092900090B2013203B970471B68F9E710B5044674
:1092A00088B105F073FCE3890133E38105F07AFCB2
:1092B000E38943B9BDE81040034B0449044840F238
:1092C000393206F0D1BF10BD942301088025010872
:1092D0006B1F010870B50D46044600B161B9BDE8C9
:1092E0007040144B144915484FF4537206F0BCBF3C
:1092F00029890B442381144622682389002AF7D147
:1093000062899A420FD00B4B0D490C4840F25532FE
:1093100006F0AAFF236833B1064B0A49074840F21A
:10932000563206F0A1FF2A89238925601344238140
:1093300070BD00BF94230108922501086B1F01082E
:10934000C7250108F425010810B50C46FFF7C2FF38
:109350002046BDE81040FFF7A1BF00002DE9F84FFF
:109360000C46054620B119B102890B899A420AD2EE
:10937000364B37494FF46F72364806F075FF6FF081
:109380000F00BDE8F88F4FF00008DFF8C0B0DFF83D
:10939000D4A0DFF8C09047466E896289686861682A
:1093A000F61BA2EB08029642ACBF96B2B6B23246AA
:1093B0004144384406F098FE37446B89BFB24644B6
:1093C000BB421FFA86F806D25B4640F2CD325146C8
:1093D000484606F049FF6389434506D21E495B466D
:1093E00040F2CE32484606F03FFF638943456B8921
:1093F0009CBF24684FF00008BB4208D12D682DB9EE
:1094000014B3124B15494FF47672B5E700277CB1BF
:10941000628923899A420BD123684BB10B4B40F2EE
:10942000DD320F490B4806F01FFF6FF00500A8E77B
:109430006A892B899A4205D12B681BB1034B40F2F4
:10944000E232EEE7002CA7D120469AE794230108E8
:10945000042601086B1F01084B2601086626010837
:1094600073260108342601082DE9F8438846914601
:10947000064650B91B4B1C491C4840F2FE3206F010
:10948000F3FE37463846BDE8F88349BB154B18490B
:10949000164840F2FF3206F0E7FE4746F2E77589CC
:1094A00053B1AB4208D35B1B9BB23668B9F1000FD6
:1094B000E8D0002EF3D1E5E7EC1AA4B24C45716870
:1094C00028BF4C462246194408EB070006F00CFE64
:1094D0002744A9EB0402BFB21FFA82F90023E4E794
:1094E0000027E3E7942301089D2601086B1F01086C
:1094F000BC26010810B5044630B9134B1349144873
:1095000040F24D1206F0B0FE237D042B03D0072B52
:109510000CD0032B08D1204602F092F960B9052344
:109520002375204602F0E6F9002010BD204602F027
:1095300087F908B90923F3E7431CF6D1A37E43F06A
:109540000803A376F0E700BFE4260108132701080B
:109550006B1F010870470000018DC26A38B50446D0
:10956000456A8B1A5819638EB3F5866F94BFC31A78
:10957000A0F58663002B01DB618538BDAB1A002B9B
:1095800003DD002363850020F7E7551BB5F5803F19
:1095900006D3044B044905484FF4427206F064FEBA
:1095A0006585F0E7E42601081F2701086B1F010805
:1095B00038B5037D012B04460D4606D1174B1849DB
:1095C000184840F21F3206F04FFE218D294489B21F
:1095D000B1F5066F218511D94FF406632385204626
:1095E000FFF7BAFFB0F5067F17DBA37E43F0020357
:1095F000A3762046BDE8384002F07CB90029EED1C0
:10960000237D072BE8D0092BE6D0044B06490548FB
:1096100040F22D3206F028FEE1E738BDE4260108CD
:10962000392701086B1F01085F27010810B50446A0
:1096300048B1406808B1FFF77FFC21460320BDE830
:109640001040FFF7F5BA10BD10B500B910BD0468A1
:10965000FFF7ECFF2046F8E738B504460320FFF794
:10966000CBFA054660B12346024604F1100153F8D7
:10967000040B42F8040B8B42F9D16868FFF70EFE29
:10968000284638BD38B5037D012B044619D90A2B6D
:1096900017D0406F18B1FFF74FFC00236367206FAE
:1096A000FFF7D2FF00254FF6FF73A06E23862567D4
:1096B000FFF7CAFFE06EFFF7C7FFC4E91A55A4F829
:1096C000645038BD2DE9F04FBB4EDFF8F4A233688B
:1096D000DFF8188301333360B84B1A7885B0013254
:1096E0001A700293B64BDFF808931C6800276CB918
:1096F000B44FDFF8F8823D68DFF8F8A2DFF8F092A7
:10970000002D40F0838105B0BDE8F08F237D33B993
:10971000AD4943464FF47C72484606F0A5FD237DD3
:10972000012B06D1A949434640F2F132484606F0E2
:109730009BFD237D0A2B06D1A549434640F2F23218
:10974000484606F091FD029B627F1B789A4202D147
:10975000E5682C46CBE7217D94F842206377022907
:1097600040F09C80052A00F2E58094F895B0BBF1AA
:10977000000F00F0A880974894F8943083441BF8B9
:10978000012C9342C0F08C80204602F025FB00287B
:1097900000F08E804FF0000B237D062B0BD1A27EB4
:1097A000D20608D53268216A521A282A84BF0BF1E2
:1097B000010B5FFA8BFB257A15F0080519D0042BF5
:1097C00002D0072B40F0CB803168236AD4F8905048
:1097D000C91A05F5242202F6B8424FF4FA70B2FB1A
:1097E000F0F2914240F2A9800BF1010B5FFA8BFB82
:1097F0000125206F68B13368226A9A1AB4F94030A3
:1098000003EB4303B2EB430F03D3FFF71DFF00232A
:109810002367237D032B40F0A4803368226A9B1AC0
:10982000282B03D8BBF1000F00F0B0802046D4F8FD
:109830008CB0FFF727FFDAF80030002F00F0998096
:10984000A34206D16449434640F28942484606F0A5
:109850000BFDE368FB604DB1238B0193E38A00931A
:10986000616AE06C231D224602F0C6F92369E568AF
:10987000039321460120594CFFF7DAF900222270A8
:10988000BBF1000F3FF465AF039B6FF00C0118466E
:10989000D8472378002B3FF45CAF23E70B2A62E71D
:1098A0000133DBB2934284F89430FFF473AF6BE77B
:1098B00094F8953084F89400062B3FF66BAF013393
:1098C00084F8953066E7B4F93030002BA4BF01333B
:1098D0002386E36E002B3FF45DAFB4F93000B4F99A
:1098E00040309842FFF656AF02290AD0B4F93C1036
:1098F000B4F93E3003EBE10339498A5C9340A4F8A4
:1099000040300023B4F85C202386B4F84830618EE0
:10991000A4F848109A4228BF1A464B009BB2500840
:10992000B3EB520F98BF0346A4F84A30204602F02A
:10993000BDF931E74FF0010B2EE794F89630294A34
:1099400002FB0353B3FBF0F3994208D9204602F01F
:1099500017FA20B994F89630013384F89630002530
:1099600047E7092B7FF45EAF3368226A9B1AF02B1E
:1099700057E7A34206D01C49434640F28D42484671
:1099800006F072FCE368CAF8003064E7E37E227FE9
:10999000E5680133DBB29A42E3760AD80F4FD4F878
:1099A000883084F81BB087F800B02BBB204601F04C
:1099B000A1FF2746CDE600BF60DB002086820020A5
:1099C0005CDB00206CDB002080270108AA2701084F
:1099D000D4270108842901080128010858DB002048
:1099E00064290108F82401002C280108E426010854
:1099F0006B1F0108562801082069214698473B78CB
:109A0000002B7FF46FAE0028D3D1CFE72B7D0A2B3C
:109A100006D0434640F2BD425146484606F024FC7B
:109A200033682A6A9B1AF02B02D82C46ED6867E649
:109A30002846FFF727FE3B6894B1AB4206D10E499A
:109A4000434640F2CB42484606F00EFCEB68E3602A
:109A5000D5F80CB029460120FFF7EAF85D464FE63D
:109A6000AB4206D00549434640F2CF42484606F095
:109A7000FBFBEB683B60EBE785280108AC2801089D
:109A800003688B4210B50C461FD1CB6803600023DE
:109A9000E3602046FFF7F6FD237D0A2B1DD1A36E60
:109AA0006BBBE36E33B11A4B1A491B4840F2547238
:109AB00006F0DAFB236FF3B1154B1849164840F254
:109AC000567206F0D1FB16E01346002BDFD0DA68A1
:109AD000A242F9D1E268DA60D9E7012B0BD0A37E6C
:109AE000DA07DCD543F00203A376204601F002FF3B
:109AF000237D012BD3D100232375E38210BD044BBA
:109B00000749054840F2537206F0AEFBC9E700BFB3
:109B1000E4260108EA2801086B1F0108032901084F
:109B2000D228010837B50446037D002949D0042B0B
:109B300001D0072B45D1626F1AB9228DB2F5066F9D
:109B40003FD0A37EDB0606D43F4B4049404840F25D
:109B50000F1206F089FB238B0193E38A616AE06CA4
:109B600000932246231D02F047F82046FFF78AFDA6
:109B7000384A1368A34215D1E36813600023E360F9
:109B8000354B01221A70237D042B13D10A23237530
:109B9000324B1A68E2601C6002F0D2F9002003B078
:109BA00030BD1346002BE9D0DA68A242F9D1E26851
:109BB000DA60E3E72A4B1B68A34212D101F004FDEF
:109BC000ECE7012B1BD0022B2FD0002B36D1E38AE0
:109BD0003BB1244A1368A34209D1E3681360002310
:109BE000E36021460120FFF723F8D7E71346002B57
:109BF000F5D0DA68A242F9D1E268DA60EFE71A49F3
:109C0000002051F8232012684AB90133042BF8D1FF
:109C100016482146FFF734FF21460220E3E7956FFF
:109C2000AC4208BF9067D268EEE70A482146FFF7CA
:109C300027FF094B012018702146D4E7204603B0C6
:109C4000BDE83040FFF756BCE42601081A29010898
:109C50006B1F01085CDB002058DB00206CDB002060
:109C600070DB002068DB00207429010864DB002021
:109C7000037D012B1EBF837E43F0100383760121F9
:109C8000FFF750BF10B5084614463AB11189FFF7E7
:109C90008FFC2046FFF750F9002010BD002BFBD1B0
:109CA000BDE81040FFF7E4BFF8B5466FD0F880502C
:109CB000777B002304464367DDB1014632460069E5
:109CC000A8470546E0B9BB0611D5238DD4F88060BE
:109CD000B3F5066F1CBF0133238546B1002320690D
:109CE0001A462146B0470D3001D16FF00C052846C9
:109CF000F8BD01462B4632462846FFF7C3FFE0E792
:109D00000D35F2D066676FF00405F0E72DE9F843F2
:109D10001B4D1C4F2B781C4E01332B703C684FF0B1
:109D200000080CB9BDE8F8832B78627F9A4224D0F2
:109D30006377A37ED90709D543F00203A3762046B3
:109D400001F0D8FDA37E23F00303A376A37E1A07B8
:109D500005D523F00803A3762046FFF7CBFB636FFE
:109D6000D4F80C903BB1204686F80080FFF79CFFAA
:109D70003378002BD2D14C46D3E7D4F80C90FAE7D5
:109D8000868200205CDB002058DB002008B5FFF74E
:109D9000BDFF064A13780133DBB21370DB0703D52E
:109DA000BDE80840FFF78EBC08BD00BF85820020DB
:109DB0002DE9F347037D012B04460E4606D1304BB7
:109DC0003049314840F2DF1206F04EFA237D0A2B6B
:109DD0000AD121462D48FFF753FE2146012002B04B
:109DE000BDE8F047FEF724BFD4F84C90D4F824A087
:109DF000D4F88C70D4F81080E58A9BB93DB1244A20
:109E00001368A34206D1E36813600025E5602E467F
:109E10000FE01346002BF8D0DA68A242F9D1E268CD
:109E2000DA60F2E71B482146FFF72AFE1A4B0122AF
:109E30001A70E06E08B1FFF707FCA06E08B1FFF7DB
:109E400003FC206F08B1FFF7FFFB46B1238B2246CE
:109E5000CDE900535146231D484601F0CDFE214671
:109E60000120FEF7E5FE3FB16FF00C0140463B4696
:109E700002B0BDE8F047184702B0BDE8F08700BF68
:109E8000E4260108332901086B1F01086CDB002060
:109E900068DB00205CDB002058DB00200121FFF79D
:109EA00087BF38B50446084600B938BD0268236844
:109EB000C5689A4201D1FFF7F1FF2846F4E7000098
:109EC0000C4B19680C4B30B400221D680446104638
:109ED00019B968B130BCFFF76BBF0B7DA34205D148
:109EE0000B6AEB1A934224BF1A460846C968EFE78B
:109EF00030BC70475CDB002060DB0020F8B5044616
:109F00000120FEF779FE374D034690BB364A2E6896
:109F10001268002A51D113B11846FFF7BFFF012084
:109F2000FEF76AFE034620BB0920FFF7C9FF0120A8
:109F3000FEF762FE0346E0B90820FFF7C1FF0120EB
:109F4000FEF75AFE0346A0B9284AD5F800C01268A9
:109F500014F0800F0CBF20467F201E46002A34D10B
:109F600013B11846FFF79AFF0120FEF745FE03469E
:109F700008B398221846002106F0C4F84FF4866210
:109F8000A0F860201A4A8262FF2282720622A0F89C
:109F90004020C287174A02632A680262164A447543
:109FA00012784277154A8264154AC0F88020154A13
:109FB000C0F8902003461846F8BD116A711A814214
:109FC00024BF13460846D268A3E7577D874207D8C7
:109FD000116AACEB0101B14222BF38460E4613466E
:109FE000D268BBE760DB00206CDB00205CDB00207C
:109FF00060086008FFFF180286820020010030041C
:10A00000859C000800DD6D00034B044A1868126847
:10A0100010441860704700BF2800002060DB00205B
:10A0200010B50446084603F05FFF30B1C38C23B17E
:10A03000283B9BB29C4228BF1C46204610BD000016
:10A0400038B50D46044680B1036873B10C4B1968EE
:10A05000FFF727FF0B4B20461968FFF722FF25B1BA
:10A060002B6813B1084B1B6803B938BD1868216809
:10A07000DA68884204BF296819601346F4E700BF14
:10A080005CDB002068DB002064DB0020F8B5C368DF
:10A09000054698890C46FEF71BFBC20714D4184EE0
:10A0A000E76830682B897968228903440A449A1A40
:10A0B000002A0FDA5B1A002B0ADD091A89B26868D8
:10A0C0002981FFF773F803E02046FFF7BDFA00246B
:10A0D0002C60F8BDB889FEF7FBFAC30707D5EB681B
:10A0E00001209F89FEF7F4FAEB68384398812768CE
:10A0F0002046FFF79BFA3C46002FD1D1E8E700BF8E
:10A10000AC8200202DE9F74F037D032B044606D8CF
:10A11000864B874987484FF4816206F0A5F8864B45
:10A12000864E1B7813F0100F00F07D81D4E9140CDB
:10A130003168834DB4F85C202B68471A002F0CDB84
:10A14000884203D1ACEB0300002806DB9C451AD102
:10A150007C480068C089904215D97A48B4F85EE01E
:10A160000068C089A4F85C0087B2BE45C4E9141336
:10A1700038BFA4F85E0094F89510A7BB19B94FF446
:10A180008071A4F89410606C6F4F191A002939DCA3
:10A190006E49098891BBB4F85CE0616D624471441A
:10A1A00091422BD1B4F93020002A27DB984225D1E7
:10A1B00094F84330FF2B1CBF013384F8433094F8EC
:10A1C0004330032B15D9B4F84820638E13449BB257
:10A1D0009A4201D2A4F84830DFF85091DFF874B108
:10A1E000DFF850A112E10029CDD0002184F89510AC
:10A1F000C9E7F1D1204601F09EFDEDE7002384F888
:10A200004330E9E7E26C9A1A002A00F38A80A27EC2
:10A210006364510741BF22F00402A276B4F84A20D9
:10A22000A4F84820B4F93C10E28F237D02EBE10250
:10A23000A4F84020032B4FF00002A4F842200FD9CD
:10A24000B4F84820B4F84A10638E91429CBF5B4337
:10A25000B3FBF2F313449BB29A4201D2A4F8483004
:10A26000DFF8C890DFF8ECB0DFF8C8A04DE0DB689D
:10A270005868FEF730FAE36E1A89DB680092804670
:10A280009889FEF725FA2B68009A10F00300A2EBDC
:10A29000030318BF012098448044B8F1000F37DC55
:10A2A000D4F86C80D8F80030E366D8F80400B4F82D
:10A2B00062300093FEF7EAFF009B834206D24B46D2
:10A2C00040F29E425946504605F0CEFFD8F80400B1
:10A2D000FEF7DCFFB4F862303A88181AB8F8083094
:10A2E000A4F86200134440463B80FFF79FF9B4F89E
:10A2F000623053B1E36E43B9A36E33B914494B4690
:10A3000040F2A642504605F0AFFFE36E002BAED1FF
:10A31000E36EB3FA83F35B095B4223860023E376A3
:10A320005AE7204601F0AEFA56E700BF8B29010834
:10A33000BD2901086B1F01088C820020AC8200201F
:10A3400088820020B4820020A0820020C2820020E7
:10A35000FE290108D62901082A68DB68019258689D
:10A36000FEF7B9F9A16E0B89C96800938046888908
:10A37000FEF7AEF9DDE9003210F00300A2EB0303B3
:10A3800018BF0120A3EB0808A8EB0008B8F1000FE4
:10A390003FDB2B68E26C9B1A002B3ADCD4F8688018
:10A3A000D8F80030A3660BB9A4F86430B4F8623072
:10A3B000D8F804000093FEF769FF009B834206D2A1
:10A3C0004B4640F2D5425946504605F04DFFD8F86D
:10A3D0000400FEF75BFFB4F862303A88181AB8F848
:10A3E0000830A4F86200134440463B80FFF71EF992
:10A3F000B4F8623053B1E36E43B9A36E33B9B849D0
:10A400004B4640F2DC42504605F02EFFA36E002B77
:10A41000A2D1B4F860303A88606B1344A4F860307D
:10A42000002840F01881AF4F33683888626A0028EE
:10A4300000F01C83217D062900F21883A2EB030A99
:10A44000BAF1010F00F14481C3F10101091A11446D
:10A45000002900F33D81A44DD5F80480D146B8F120
:10A46000000F06D1A14BA249A24840F23C5205F090
:10A47000FBFE47F6FE739A4506DD9C4B9E499D48C0
:10A4800040F23D5205F0F0FE6868438953451FFADB
:10A490008AFB80F211810389534506DA934B974971
:10A4A000944840F23F5205F0DFFE6B681989A1EB3A
:10A4B0000B0189B20022B8F80A304B45C0F2F38094
:10A4C000C9F1000109B24046FEF730FD30B1874BBB
:10A4D00040F24C528A49874805F0C6FE2989336804
:10A4E000626A32600B449B1A2B81EB685A603168B8
:10A4F000626A8B1A002BC0F2B382208D4B1C9B1A10
:10A500001B1A002B00F3AC82914240F0C881764DBB
:10A51000EB68B5F808809889FEF7DAF810F00300C8
:10A5200018BF0120238D404480B28342388042D23C
:10A53000EB689889FEF7CCF8C20710D5EB68B3F842
:10A540000C804046FEF7C4F800F03E00FEF7C0F86D
:10A5500028F47C58EB6840EA0808A3F80C80238DA7
:10A560002B81EB689889FEF7B3F8830748BF2B89E6
:10A57000686844BF03F1FF332B812989FEF716FE7B
:10A58000EB68B5F808809889FEF7A2F810F0030090
:10A5900018BF01203368626A404480B23880184492
:10A5A000238D1344984206D0504B5649514840F2EF
:10A5B0007E5205F059FE236F002B00F0B080EB684F
:10A5C0009889FEF785F8C00700F1A680D4F870805E
:10A5D00030683B880344B8F1000F39D0D8F80CC07C
:10A5E000B8F80810DCF804201144591A002980F248
:10A5F000C3809B1A002B2BDDEB68121A2A819889E5
:10A60000FEF766F8830748BF2B89686844BF03F1EB
:10A61000FF332B812989FEF7C9FDEB68B5F8089057
:10A620009889FEF755F810F0030018BF0120336831
:10A63000484480B238801844D8F80C305B6898429F
:10A6400006D02A4B30492B4840F2AE5205F00CFEA2
:10A65000C4F8708063E0A36B2A689B1A002BBFF6D6
:10A66000E2AE2A4BB4F93C701A8880B2111AC7F3D3
:10A67000CF05491B0BB2002BB8BF801AB4F93E209E
:10A68000BCBF401903B2A2EBA20217FA81F1134436
:10A6900009B29BB2E38703EBE103A4F84030002347
:10A6A000A1876363BFE6A8F80810A8F80A20A9EB01
:10A6B0000309D8F80080FEE6CBF1000109B2FEF7ED
:10A6C00035FC00283FF40AAF084B40F2515201E735
:10A6D0009B1A002BBEBFA37E43F00203A37606E7BE
:10A6E000FE290108C2820020908200208B290108E7
:10A6F0001E2A01086B1F01082E2A01083D2A0108A5
:10A700004D2A0108602A0108972A010860DB002011
:10A7100003682367FEF78AFF206F0028F8D13A8884
:10A72000336813446362238D934206D28D4B8E4966
:10A730008E4840F2B95205F097FD238D3A889B1A56
:10A7400023852046FEF708FF6B681A891AB1884AEC
:10A75000136000236B60EB689889FDF7B9FFC507AC
:10A7600004D5844A137843F0200313707D4FDFF83B
:10A770000C82DFF8F8917BE0BCF80C00FDF7A8FF35
:10A78000C1071AD5EB689889FDF7A2FF820714D498
:10A79000EB680120B3F80C90FDF79AFFEB6849EAEB
:10A7A0000000988180B2B5F80890FDF791FF10F095
:10A7B000030018BF012048443880D8F80090404674
:10A7C000FEF734FFC84603E733609089B5F808A068
:10A7D000FDF77EFF636AB5F808B010F003009A44F5
:10A7E00018BF01205044EB6860629889B4F828A033
:10A7F000FDF76EFF10F0030018BF0120584482459A
:10A8000006D23B4640F2DD524146484605F02CFD5B
:10A81000EB68B5F808A09889FDF75AFF10F003001F
:10A82000238D18BF01205044181A20852046FEF7BA
:10A8300093FE69680B8933B14D4B186838B3FEF746
:10A8400049FD00236B60EB689889FDF741FFC00765
:10A8500009D5484A137843F020031370237D042B55
:10A8600004BF072323752B6823672846FEF7DEFE07
:10A87000256F25B1EA68616A53688B42A4D0A37E34
:10A88000D90706D523F0010343F0020303E0196062
:10A89000D7E743F00103A37603B0BDE8F08F20466D
:10A8A00000F0F0FF256F25B93348FEF7D5FE20678D
:10A8B000F2E733684FF0000803F1FF3C03F1010EAB
:10A8C000E86842689A4217D12B482B8902899A423C
:10A8D000E2D9FEF7C1FE0028DED0B8F1000F09D0A2
:10A8E000C8F80000294603B0BDE8F04FFFF7CEBB23
:10A8F0000D46E5E72067F5E7B8F1000F09D1991A91
:10A9000000293DDA1C48FEF7A7FE0028C4D02067C6
:10A91000E8E7D8F80C104968ACEB010100292FDBFF
:10A92000AEEB020100292BDC1348FEF795FE04462E
:10A930000028B1D0D8F80C3031685A68B8F808301F
:10A9400013445B1A002B07DD891A89B2D8F804007A
:10A95000A8F80810FEF72AFCC8F80040294620464F
:10A96000C1E700BF8B290108D22A01086B1F01082B
:10A97000A4820020A882002090820020F12A0108F1
:10A980002968A8460029B3D19B1A002B84DD808951
:10A99000FDF79EFEC2073FF57FAF3A48FEF75CFE2B
:10A9A000286000283FF478AFEB6831685A682B893B
:10A9B00013445B1A002B05DD891A89B26868298166
:10A9C000FEF7F4FB32683B881344626A9B1A228DBF
:10A9D0009B1A002B7FF760AF2B68DB689889FDF727
:10A9E00077FEC30712D52B68DB68B3F80C804046AE
:10A9F000FDF76EFE00F03E00FDF76AFE2B6828F4BE
:10AA00007C58DB6840EA0808A3F80C803268218D86
:10AA10002B68891A626A5868114489B21981FEF755
:10AA2000C5FB2B681D89DB689889FDF751FE10F086
:10AA3000030018BF01203368626A284480B238805E
:10AA40001844238D134498423FF426AF0E4B0F4910
:10AA50000F4840F27A6203B0BDE8F04F05F004BC45
:10AA6000204603B0BDE8F04F00F00CBF991A002952
:10AA700006DB01339B1A228D9B1A002B7FF70CAF4C
:10AA8000A37E01E7908200208B290108602A01083B
:10AA90006B1F01080B4B0C4918680B885A1C30B50A
:10AAA00092B20D4618B1094C24889C4205D9084938
:10AAB0002A8009680B44187D30BD1B1BDBB20A805D
:10AAC000C05CF9E7BC820020B0820020B882002080
:10AAD000B4820020F8B51A4B1E88074666B1194D9E
:10AAE00000232B802B88B34206D2FFF7D3FF012827
:10AAF000F8D0022801D0C8B9F8BDFFF7CBFF042871
:10AB0000FAD12B880133B342F6DAFFF7C3FF040210
:10AB1000FFF7C0FFA4B244EA00039BB25A1EB2F58D
:10AB2000067F28BF4FF406733B80DBE7FFF7B2FFD9
:10AB30000128E1D92B88023B18442880D2E700BFC6
:10AB4000C0820020B082002010B50E4B1B7813F09D
:10AB50001003044613D0837EDB0606D4D0F88C3075
:10AB60001BB100696FF00E01984707482146FEF7B8
:10AB700087FF01202146FEF75BF8012010BD184633
:10AB8000FCE700BFA88200205CDB00202DE9F04F2D
:10AB9000A44E436833604389132B89B0054640F2C5
:10ABA000BF81A14F3968786903F02BFBB846044692
:10ABB000002840F0B5817B6903F0F003E02B00F042
:10ABC000AF8133689889FDF783FD830A03F0FC03A6
:10ABD000132B40F2A5812A899A4299B2C0F0A08134
:10ABE0006889924A924FDFF898A23C60A1F1140361
:10ABF0009BB288421380914648D349422846AAF81E
:10AC00000030FEF793F93468DFF878B22088894F76
:10AC1000DFF83C92FDF75CFD208034686088FDF72A
:10AC200057FD608034686068FDF755FD60603468EA
:10AC3000CBF80000A068FDF74EFDA06034683860D6
:10AC4000E089FDF745FD3368E0819889FDF740FD17
:10AC5000794A298900F03F0310F0030018BF012052
:10AC6000084413707549764B0C681880CDE90323AE
:10AC70000020744B0590BA460F46002C45D1724B0C
:10AC8000DFF8C0911C68DFF800C250E12B682BB9D7
:10AC90006C4B6E496E48B22205F0E6FA6FF0130174
:10ACA0002846FEF743F96C89AAF80040614209B2D0
:10ACB0002846B9F800A0FEF739F92868AAEB04097C
:10ACC00043891FFA89F94B45C0F02A81A4EB0A0198
:10ACD00043683B608CB209B2FEF728F92B891C440B
:10ACE0006B892C812BB1574B5A495948CF2205F01B
:10ACF000BBFA2B682A891B899A4284D0514B56494A
:10AD00005348D02205F0B0FA7DE7227D2AB9534995
:10AD1000E222484605F0A8FA4A4B227D0A2A05D1CC
:10AD20004F49E322484605F09FFA464B227D012A0F
:10AD300005D14C49E422484605F096FA414B31686A
:10AD4000208B0A889042E26869D1E08A498888426B
:10AD500065D16068D8F81010884260D12068D8F8B2
:10AD6000141088425BD1A24240F01C84354B3E490E
:10AD70003748EC2205F078FA059B2BB1059AE36879
:10AD8000D3603B68E3603C60E368A34205D12D4B90
:10AD900036492F48F42205F067FA354B2989198185
:10ADA00031683448DFF8E480D96033495D600022BF
:10ADB0001A600A6088F800200280039A05901278D1
:10ADC000069312F0080F894603D06B7B43F0010312
:10ADD0006B73636F002B00F044812046FEF764FF25
:10ADE0000D3008D0636F002B00F03B81049B1B8863
:10ADF000002B00F03681638D13B9204600F042FD30
:10AE00001E4B00241C60069BC9F80040586818B10E
:10AE1000FEF792F8069B5C6009B0BDE8F08F0594E0
:10AE200014462AE7B482002038A40020C082002003
:10AE3000BC820020888200208C8200205CDB002005
:10AE4000C28200208B2901086CDB0020162B010830
:10AE50006B1F0108262B0108322B0108512B01081A
:10AE6000782B0108A22B0108C92B0108F42B01083B
:10AE700090820020A0820020A482002070DB0020AD
:10AE8000B8820020AC8200201E2C0108A88200207D
:10AE9000237D0A2B07D06146A8484B46FE2205F0C9
:10AEA000E3F9DFF8BCC23368208B1A8890423DD1A9
:10AEB0005B88E28A9A4239D1D8F810301946636823
:10AEC0008B4233D1D8F81430194623688B422DD1E8
:10AED000039B1B785E0723D404990E88990712D52B
:10AEE000DBF80010636ACB1A12D4278DDB1B002B12
:10AEF0000EDC934BCDE9002031441A1DDAF8000036
:10AF000000F07AFE0CE0DF0742BF8E4B1B68236225
:10AF100036B1A37E43F00203A376204600F0EAFC9C
:10AF2000284609B0BDE8F04FFEF706B8E468002CEB
:10AF3000AED1854B32681968D8F814C08946B9F18A
:10AF4000000F11D19089FDF7C3FB4307E8D43368A4
:10AF5000049ADBF8001010881A8801925B8800932D
:10AF6000774B01441A1DC9E75088B9F8163083425F
:10AF700007D1D9F80030634500F0F782002B00F0CC
:10AF8000F4824C46D9F80C90D9E79907C8D599F8BE
:10AF90001500FEF7B3FF824650B9D9F81830002BE0
:10AFA000BED001464FF0FF32D9F810009847B7E7FE
:10AFB000D8F8143032680360D8F810304360B9F81C
:10AFC0001630C3821378527843EA022303830323A3
:10AFD0000375DBF8003001334362C362FFF714F8F6
:10AFE000DBF80030CAF85400013BCAF85030D9F8F9
:10AFF0001030CAF84C00CAF84400CAF85800CAF821
:10B000001030CAF8789099F8083003F00C038AF8E9
:10B0100008303B68CAF80C30C7F800A000F090FF79
:10B020004A4B01220AF132001A70FFF753FD3368D0
:10B03000BAF83200DB89AAF85C300AF10401AAF8F8
:10B040005E30FEF7EDFF1221AAF83200504600F004
:10B0500067FB20B121465046FEF7AAFE60E7504646
:10B060005CE73B4B1C60039B1D786A073DD5217D47
:10B07000022923D1E26CDAF800309A4209D198F81B
:10B08000003043F0080388F80030A37E23F001036A
:10B09000A37698F80030190740F10082D4F88C307C
:10B0A0001BB120696FF00D01984721462948FEF732
:10B0B000E7FC21460120FDF7BBFDA1E6626ADBF853
:10B0C00000309A4207D09B1AE3D4228D9B1A002BA2
:10B0D000DFDCA37E11E00029D1D11F4B1F491748A7
:10B0E00040F2E72205F0C0F8C9E715F00202A37E9E
:10B0F00006D0217D0239012902D943F00203C7E7B6
:10B10000DB0658BF0F4B07925CBF1B68236200230E
:10B1100084F8963004F13200FFF7DCFC237D079AB7
:10B12000023B072BB5D8DFE813F01D009F00090193
:10B130000D015701090170018F0100BF6B1F01084C
:10B1400048A4002060DB002064DB002058DB0020E6
:10B1500070DB00205CDB00208B2901084B2C0108F0
:10B160001E2C010805F01203122B5FD1626CDAF875
:10B17000003001329A4259D1DBF800306264591C28
:10B1800032686162E162013BD28923650423A4F83D
:10B190005C20A4F85E202375E118608EFEF740FF66
:10B1A00041F21C124300934238BF13466086800070
:10B1B000984228BF1846B4F86230A4F8480033B962
:10B1C000AE4BAF49AF4840F21A3205F04DF8B4F833
:10B1D0006230E56E013BA4F86230FDB9A56E35B969
:10B1E000A64BA949A74840F2223205F03DF82B684A
:10B1F000A3662846FEF71AFAE36E93B94FF6FF737B
:10B200002386D4F88430002B3FF463AF20690022FA
:10B21000214698470D307FF45CAFF1E52B68E3667B
:10B22000E7E70023238684F84230EAE7E8067FF563
:10B2300030AF3368049ADBF8001010881A88019246
:10B240005B880093914B01441A1DDAF8000000F06E
:10B25000D3FC94F84230052B3FF61BAF0023238626
:10B26000204600F023FD14E7E90659D5636CDAF8AF
:10B270000000DB43C34244D4E36CC31A002B40DC20
:10B2800004232375A36F43B19B6933B97B4B80497A
:10B290007C484FF4547204F0E7FFA36F1BB92046BB
:10B2A000FEF7FCFDACE59B69002BF8D0206900227D
:10B2B0002146984718B10D303FF4A2ADEFE7204684
:10B2C000FEF720FF059B1B8813B1059A013B1380F5
:10B2D000628E41F21C1153008B4238BF0B46920024
:10B2E000934228BF1346A4F8483098F800309B06D4
:10B2F0007FF5CFAEA37E43F00203A3760723237529
:10B30000C7E63368049ADBF8001015881A880192A2
:10B310005B8800935D4B29441A1D00F06DFCB8E674
:10B32000002A3FF4B6AE636ADBF80020013B93428B
:10B330007FF4AFAE204600F0D5FCAAE62046FEF72B
:10B34000E1FED2E72046FEF7DDFE98F8003013F06C
:10B35000200F039B1B7830D013F0100FA37E27D053
:10B36000E16CDAF80020914222D1A26E02BB43F0D8
:10B370000203A3762046FEF785F93B689C4209D17B
:10B38000E3683B6008E0DA68944202D1E268DA6080
:10B3900002E01346002BF6D13E4B01221A700A231D
:10B3A00023753D4B1A68E2601C6000F0C9FD70E631
:10B3B00043F00203A3760823A1E7DF067FF569AE19
:10B3C000E26CDAF800309A427FF463AEA36E002B91
:10B3D0007FF45FAE062392E72046FEF793FE98F8CF
:10B3E00000309E067FF555AEA37E43F00203A376A0
:10B3F0002046FEF747F93B689C42C1D0002BCBD0DA
:10B40000DA689442C2D01346F8E72046FEF77AFE87
:10B41000039B1B78DD067FF53CAEE26CDAF800306A
:10B420009A427FF436AEA36E002B7FF432AE2046F4
:10B43000FEF728F93B689C42A2D0002BACD0DA681A
:10B440009442A3D01346F8E72046FEF75BFE039B29
:10B450001B78D8067FF51DAEE26CDAF800309A4210
:10B460007FF417AEA36E002B7FF413AE98F8003074
:10B4700043F0100388F800300BE600BF8B29010869
:10B480006B2C01086B1F0108812C010848A40020C7
:10B49000942C010858DB00206CDB0020059B1A88E7
:10B4A00022B1E36FF3B9059A002313802046FFF71A
:10B4B0004BFB00287FF4A4ACD9F8003033B3636FA2
:10B4C00033B13B4B3B493C484FF4D27204F0CCFEC5
:10B4D000A37ED9F8002013F0100309D01046FDF721
:10B4E0002BFDDCE62069214698470D30DBD187E44F
:10B4F000D4F880500DB320692146A84710F10D0FF4
:10B500003FF47EAC10B1D9F80030636798F8003092
:10B510009A0605D5636FB3B15A7B42F020025A7385
:10B52000264B002220461A60FFF70EFB00287FF40E
:10B5300067AC204600F0DEF962E42B46214628463F
:10B54000FEF7A0FBDAE7238DD4F88050B3F5066F41
:10B550001CBF01332385002DE2D0002320691A4649
:10B560002146A8470D30DBD14AE43CB1D9F80C3074
:10B57000E360134BC9F80C10C3F80090039B1B78D1
:10B580005C073FF5CDAC13F010043FF4FEAC049B18
:10B59000DBF800101C881388CDE90003094B214417
:10B5A0001A1DABE4059B002B7FF4E8ABFFF7F5BB5E
:10B5B0008B290108B22C01086B1F010870DB0020E9
:10B5C00064DB002048A40020024A137843F01003F3
:10B5D00013707047A88200202DE9F84F80460320A1
:10B5E0009DF828A00E4617469946FDF705FB4FEA41
:10B5F0008A0B5FFA8BF5044628B93046FDF79CFCB0
:10B600002046BDE8F88F80F80AA00023C0E9003684
:10B6100033895B451FFA8BFA05D2204B204921481C
:10B62000BA2204F021FE3389A3EB0A0330462381BA
:10B630001421FDF77BFC064620B12046FDF7F6FFFE
:10B640000024DDE76368B8F81600D3F804A0C4F856
:10B650000CA0FDF73DF8AAF80000B8F81800D4F8DF
:10B660000CA0FDF735F8AAF802004846D4F80C8083
:10B67000AD02FDF730F805F5A04505F47045C8F8B2
:10B68000040045EA0700D4F80C80FDF721F8E368D0
:10B69000A8F80C009E74DE74B2E700BFCC2C010841
:10B6A000132D01086B1F01081431F8B589B2054646
:10B6B000174601200022FDF7A9FC064640B3438946
:10B6C000132B05D8134B14491448722204F0CCFDF7
:10B6D000E88A7468FCF7FCFF2080288BFCF7F8FFF1
:10B6E00067606080686AFCF7F6FFA06045F21000B2
:10B6F000FCF7EEFFA081688DFCF7EAFF00232374BE
:10B700006374A374E3746A8D6B6AE0811344EB6223
:10B710003046F8BDCC2C0108282D01086B1F01080C
:10B720002DE9F74311F0030804460E4606D13D4BC0
:10B730003D493E4840F21A3204F096FDB4F86230BA
:10B74000082B0AD9F10708D4A37E63F07F03A37600
:10B750004FF0FF3003B0BDE8F083C6F3400700228E
:10B760004FEA870949461046FDF750FC0546002878
:10B77000EAD043894B4506D22A4B2D492B484FF43A
:10B78000507204F071FD00972946A36D32462046A1
:10B79000FFF722FF05460028D6D0C3689A0706D0D7
:10B7A000204B2449214840F2493204F05DFD2B89A9
:10B7B00033B11C4B20491D4840F24A3204F054FD7D
:10B7C000A36E43BBA5660023A4F86430B8F1000F54
:10B7D00002D0A36D0133A365F30742BFA37E43F0FC
:10B7E0002003A3766868FDF751FDB4F86230184471
:10B7F00080B2A4F862000028ACD0E06E48B9A46E14
:10B80000002CA7D1074B0D4908484FF45B7204F098
:10B810002BFD00209EE71A461B68002BFBD115600C
:10B82000D1E700BFCC2C0108562D01086B1F010881
:10B83000AB2D0108E42D0108FC2D0108262E01087E
:10B84000F8B5846E05464CB127462468002CFBD120
:10B85000FB689889FCF73CFF430705D02846012187
:10B86000BDE8F840FFF75CBFFB6801209E89FCF74C
:10B870002FFFFB6830439881AB7E43F02003AB760B
:10B880002046F8BD70B5044686B0C06CFCF723FFB7
:10B89000002102462046FFF707FF064640B9A37E77
:10B8A00043F00303A3766FF00105284606B070BD90
:10B8B000221D1046059202F017FBA0B1062301934A
:10B8C000637A02900093059AA37A2146304602F0EB
:10B8D00087FC05463046FDF72FFBA37E35B143F0CC
:10B8E0000303A376E1E76FF00305F3E723F0030317
:10B8F000F7E700002DE9F04F037D012B87B00446E8
:10B9000006D1A64BA649A7484FF47B7204F0ACFCC5
:10B91000A54B1B68A34256D0B4F85C30B4F848700D
:10B92000A56E9F4228BF1F46A37E990710D52DB94B
:10B93000204607B0BDE8F04FFFF7A4BFEB6858689A
:10B94000FCF7C9FE2B89626C9B1A1844B842EFD8E9
:10B95000E66E26B133463668002EFBD11E4604F152
:10B960000409484602F0C0FA8046002800F03D81F4
:10B9700023680BB943682360EDB1EB685868FCF7A6
:10B98000AAFE2B89626C9B1A1844B84240F22881A7
:10B99000002F00F02581B4F85C30BB4240F02081DC
:10B9A000E36E002B40F01C8194F895301BB94FF4E6
:10B9B0008073A4F89430A36E0BB9A4F86430A37E0E
:10B9C00003F07F03A3760020E4E02B68A366237DC9
:10B9D000022B1EBFA37E23F00303A376EB685868F7
:10B9E000FCF779FE2989EB68049105909889FCF7AA
:10B9F0006FFEDDE9041210F003030A4418BF0123AF
:10BA00001344E26CD21A002AB8BFE364EA682B89B7
:10BA100004939089FCF75CFE049B10F0030018BFB0
:10BA20000120D84200F0D88000232B60E36E13B9C8
:10BA3000E5662E4616E0EB685868FCF74CFEF268A7
:10BA400004905068FCF747FE049B181A002880F207
:10BA5000C18004F16C031A68002A40F0A9801A68BA
:10BA60002A601D60A56E002DA5D0EB685868FCF714
:10BA700032FE636CC01A2B891844B8429BD8EB681D
:10BA80009889FCF725FE420706D5444B40F2454213
:10BA90005146584604F0E8FBE36EB3B1A27E12F0C3
:10BAA000440F12D1A36E2BB1196871B91989638E35
:10BAB00099420AD2B4F860303BB1B4F86230082B36
:10BAC00003D812F0A00F3FF476AF237D022B09D0EC
:10BAD000EB6810209B890493FCF7FAFD049BEA684D
:10BAE000184390816B68DB89012B7FF46EAFEB68A4
:10BAF000606A0493FCF7EFFD049B9860EB68608D2F
:10BB00000493FCF7E5FD049B628DD881636A1344BE
:10BB1000E362AB7ADB070CD5EB68049349464FF43C
:10BB20000670FEF77DFA40F00170FCF7D4FD049B2F
:10BB30005861B4F93030002BBCBF00232386636BFF
:10BB40003BB91A4AEB68126862635868FCF7C3FD98
:10BB5000A0636868EA68436841894260D31A9BB26F
:10BB6000C91A41810189CB1A0381002313745374CC
:10BB700006230193637A0093CDF80880A37A4A469E
:10BB8000214602F02DFB00283FF41FAFA37E63F097
:10BB90007F03A37607B0BDE8F08F00BFCC2C01086F
:10BBA0004E2E01086B1F010870DB002060DB0020B7
:10BBB000D26805935068FCF78EFDE96804904868E8
:10BBC000FCF789FD049A059B101A0028BFF647AFC1
:10BBD0001B6840E735602CE72846FDF727FD41E765
:10BBE000DFF80CA0DFF80CB03FE76FF00300D1E7FF
:10BBF000742E01086B1F01082DE9F04F85B08146B6
:10BC00000E469046142100220120BDF838B0BDF840
:10BC10003CA01F46FDF7FAF9054600283CD04389B1
:10BC2000132B06D81E4B1F491F4840F24C5204F0FC
:10BC30001BFB58466C68FCF74BFD20805046FCF718
:10BC400047FD60804846FCF746FD60603046FCF7E3
:10BC500042FDA06045F21400FCF73AFD08230026DF
:10BC6000A3736023A081E37326746674A674E674DC
:10BC7000384602F039F948B10623CDE90063029055
:10BC8000FF233A464146284602F0AAFA284605B064
:10BC9000BDE8F04FFDF750B905B0BDE8F08F00BF2B
:10BCA000CC2C0108282D01086B1F0108C26E10B4AE
:10BCB000AAB1134619461B68002BFBD1846E0C6099
:10BCC000C0E91A2390F84230FF2B1CBF013380F8E3
:10BCD000423000235DF8044B4363FFF70BBE5DF871
:10BCE000044B7047F8B5C56E0446ADB12B68C3660A
:10BCF00000F16806336883B933682B6035602B68C0
:10BD00000BB9A4F8643094F84230FF2B1CBF013308
:10BD100084F8423000236363F8BDDB685868FCF7A1
:10BD2000DAFCEB6807465868FCF7D5FC381A00289F
:10BD3000E2DA3668DEE738B5C36E0446FBB1857ECD
:10BD400015F004051BD1FFF7CDFFB4F85C10B4F873
:10BD500048302586994228BF1946638E5800B0EBBB
:10BD6000510F4FEA6102034488BF02461344A4F80E
:10BD70004830A37EA4F84A2043F00403A37638BDDC
:10BD800030B50446C06C87B00138FCF7A4FC002134
:10BD900002462046FFF788FC0546D0B1221D10461A
:10BDA000059202F0A1F888B100230622CDE9003205
:10BDB0000290A37A059A2146284602F011FA044619
:10BDC0002846FDF7B9F8204607B030BD6FF00304F0
:10BDD000F6E74FF0FF34F6E72DE9F041C46E86B088
:10BDE000064614B9846E002C43D0E3689889FCF7AA
:10BDF0006FFC10F0010518BF2589E3681CBFB5FA78
:10BE000085F56D095A6885F001013046FFF74CFC55
:10BE1000074600283FD0D0F8048075B3B8F80C501E
:10BE20001120FCF755FC25F47C55ADB20543A8F86C
:10BE30000C50E3685868FCF74EFCF36C01301B1A99
:10BE4000002B06F10402B8BFF0641046059202F020
:10BE50004BF8E8B100230622CDE900320290B37A14
:10BE6000059A3146384602F0BBF904463846FDF7DC
:10BE700063F8204606B0BDE8F08160682289038936
:10BE80009B1A9BB2012208F11401FDF7EDFAD0E7ED
:10BE90006FF00304EAE74FF0FF34EAE72DE9F041E1
:10BEA00006460A2088461746FCF7A6FE044638B91F
:10BEB000BDE8F0411D4B1E491E48D42204F0D4B900
:10BEC00003F020F91C4A1D49156803465DB9086056
:10BED0002B4600213344C4E90287216063602DB9F9
:10BEE0001460BDE8F08108681B1AF2E76868B04288
:10BEF00003D9801B68602560F2E72B465A686068AA
:10BF00009C461B68811A616033B15F68B942F5D203
:10BF10003A44121A5A6004E0B14202D968680644F1
:10BF200066602360CCF80040DBE700BF8B2E010881
:10BF3000BF2E01086B1F0108C4820020CC820020A4
:10BF4000084B1A6862B9084A126812B9074A12689F
:10BF500032B101221A6006490022FA20FFF79EBF83
:10BF6000704700BFC88200205CDB00206CDB002033
:10BF700075BF000808B5FDF709FF084B1B6813B92A
:10BF8000074B1B6833B1BDE8084006490022FA2080
:10BF9000FFF784BF044A136008BD00BF5CDB0020CC
:10BFA0006CDB002075BF0008C882002010B5114C62
:10BFB000114904F108024FF47A70FFF76FFF0E4940
:10BFC00004F110024FF47A70FFF768FF0A4904F198
:10BFD00018024EF66020FFF761FF074904F12002C6
:10BFE0004FF4FA70FFF75AFF03F08CF8034B186018
:10BFF00010BD00BFFC2E010801C00008CC8200204B
:10C0000010B5044643689847206803492246BDE8B6
:10C010001040FFF743BF00BF01C000082DE9F84FF3
:10C02000294E2A4F2DED028B04460D46B04632684C
:10C030003AB9BDEC028B29462046BDE8F84F02F024
:10C040004BBD03F05FF832683B685268C11A9142F9
:10C050000BD81A44121A08D02946204602F03CFD9B
:10C0600001302CD13368002BE1D003F04BF83A6853
:10C07000DFF85C90A0EB020BD8F800100029D6D0B6
:10C080004A685A45D3D83868D1E902A310443860C9
:10C09000ABEB020B0A200A68C8F8002008EE103A41
:10C0A000FCF7C6FDBAF1000FE6D0484602F056FD97
:10C0B00018EE100AD047484602F055FDDCE7BDEC0B
:10C0C000028BBDE8F88F00BFC4820020CC82002024
:10C0D00034A40020704700002DE9F04F4389072B5E
:10C0E00085B00546894605D8284605B0BDE8F04F1D
:10C0F000FCF722BF3D4E44683168706902F081F858
:10C1000007462088FCF7E4FA80466088FCF7E0FAEE
:10C11000374A0390D2F800E0D6E904B10024734610
:10C12000A44692469BB91CB9D9F804308B42DBD1A6
:10C130006FF007012846FCF7F9FE002836D02D4B9A
:10C140002D492E4840F2551204F08EF8CCE75A8A59
:10C150000398824227D11A680FB33AB1481C05D020
:10C160004A401046D9F8082010421CD11A7C5207C8
:10C1700002D4002C08BF1C469A8A424513D15A6843
:10C180000AB15A450FD1BCF1000F06D0DA68CCF8DD
:10C190000C20CAF80030C3F80CE01C46C8E7002A9F
:10C1A000E4D08A42E2D09C46DB68BBE764B1A66972
:10C1B000002E99D0CDF80080114BE0692A46214627
:10C1C000B04705B0BDE8F08F002F8DD1736903F043
:10C1D000F003E02B88D0B189083109B22846FCF77A
:10C1E000A8FE0321284601F075FE7DE738A4002053
:10C1F00074DB0020242F0108532F01086B1F010856
:10C2000048A40020264B2DE9F041002908BF19461B
:10C21000002842D0234ED6F800C06546CDB9002A8A
:10C2200039D1214B1A884FF480444FF6FF7E724576
:10C230001ABF013292B24FF4404267467FB91A806A
:10C240000B680360428215B9C0F80CC03060002052
:10C2500010E0854201D0ED68E0E70125DFE7B7F89F
:10C260001280904508D1013CA4B2002CDFD11A8085
:10C270006FF00700BDE8F081FF68DFE7834206D07A
:10C280005C8A944203D11F680C68A742F0D0DB6837
:10C29000002BF3D1D4E76346FAE76FF00500E9E736
:10C2A000B036010874DB00202C0000202DE9F0439B
:10C2B0000F4685B0904699460646002850D0002A81
:10C2C0004ED0428A002A33D008213846FCF72EFE91
:10C2D000002837D13D466B89072B06D8234B2449CC
:10C2E000244840F2DB2203F0BFFF708A6C68FCF741
:10C2F000EFF920804846FCF7EBF900236080A3713A
:10C30000E3712889FCF7E4F90C9BA08002931123C8
:10C310000193737A0093B37A0D994246284601F04F
:10C32000E7FEBD42044609D02846FCF705FE05E0BD
:10C330000146FFF767FF04460028C5D0204605B038
:10C34000BDE8F083002208210120FCF75FFE0546CE
:10C3500048B13B89002BBED03946FCF7F5FFBAE760
:10C360006FF00504EAE74FF0FF34E7E7242F0108F8
:10C37000672F01086B1F010873B5069C90B18AB145
:10C3800005681DB105F0F006E02E06D1251DCDE9AA
:10C390000045FFF78BFF02B070BD6668B54204D15F
:10C3A0000546F4E76FF00500F5E76FF00300F2E7EC
:10C3B00070B50D4616460446D0B1C9B1428A6AB17D
:10C3C0002B686360237CA68243F0040323740B4B29
:10C3D0001A68104640B9E2601C6004E00146FFF7AD
:10C3E00011FF0028ECD070BDA04204D0C068F1E776
:10C3F0006FF00500F7E70020F5E700BF74DB0020D1
:10C40000C0E90612704700000A4A136883420146D9
:10C4100005D1C36813600020FCF70ABC1346002B4B
:10C42000F9D0DA68002AF6D08A42F7D1CA68DA6011
:10C43000F1E700BF74DB002010B50020FCF7DCFB47
:10C44000044628B12022002103F05CFEFF23A372E2
:10C45000204610BD10B538B103682BB121B10B686F
:10C4600013B1064B1B6803B910BD1C6802689442E7
:10C4700004BF0A681A60DB68F5E700BF74DB0020C0
:10C48000437A8B421FBF002341728372C38270477D
:10C4900038B5838A0233442B04460D4606D90A4B2D
:10C4A0000A490B4840F2825203F0DEFEA38A226959
:10C4B000D118280A81F8F000991C013312FA83F38D
:10C4C000A18283F8F05038BD952F0108CA2F0108CA
:10C4D0006B1F0108838A70B5154602321344442B42
:10C4E00004460E4606D90A4B0A490B484FF4AE6281
:10C4F00003F0BAFEA38A2269D11881F8F060991C72
:10C50000013312FA83F3A18283F8F05070BD00BFAB
:10C51000952F01080B3001086B1F010838B5838A7D
:10C52000432B04460D4606D9074B0849084840F2FC
:10C530007B5203F099FEA28A23691344511CA18205
:10C5400083F8F05038BD00BF952F01085330010823
:10C550006B1F010838B5838A0433442B05460C460B
:10C5600006D9104B1049114840F28A5203F07CFE64
:10C57000AB8A2A69D118200E81F8F000591C12FAF2
:10C5800081F1200C81F8F000991C12FA81F1200A47
:10C5900081F8F000191D033312FA83F3A98283F89E
:10C5A000F04038BD952F01088E3001086B1F01083F
:10C5B0002DE9F0410D461746064650B9634B6449D4
:10C5C000644840F21D7203F04FFE6FF00F00BDE8AB
:10C5D000F08149B95D4B60495E4840F21E7203F03C
:10C5E00043FE6FF00500F2E7CB6833B1574B5B4970
:10C5F000584840F21F7203F037FE2B6933B1534B9A
:10C60000574954484FF4E46203F02EFE00224FF4E1
:10C610009A711046FCF7FAFCE860002800F092805E
:10C620004389B3F59A7F06D2484B4E49494840F2B8
:10C63000277203F019FE032F02D16B7A032B07D167
:10C64000AB7A494C13B903F0B3FE206023682B602A
:10C65000EB68D3F80480C5F81080012388F8003017
:10C6600088F80130002496F8283088F8023088F8DD
:10C6700003402868FCF72FF82B69C8F80400042F42
:10C680001C725C729C72DC721C735C739C73DC7336
:10C6900008D0FA1F012A05D9032F05D16A7A043A76
:10C6A000012A01D87268DA6000241C745C749C74DE
:10C6B000DC741C755C759C75DC751C765C769C76F0
:10C6C000DC7696F8280003F11C012936A2B29042CC
:10C6D00036D9052A34D8325D01F8012B0134102CEB
:10C6E000F4D103F12C0203F16C01002002F8010BDC
:10C6F0008A42FBD103F1EC00002102F8011B9042B9
:10C70000FBD16FF07D00632283F8ED00532083F8A6
:10C71000EC2083F8EF2083F8EE000022A982F033AA
:10C7200003F8012B0132442AFAD10122352128468F
:10C73000FFF7D0FE28463946FFF7F0FE002046E717
:10C740000022C9E74FF0FF3041E700BF952F0108F5
:10C75000CE3001086B1F0108ED3001080B310108D4
:10C760003031010857310108D882002038B5046AF9
:10C77000054608212046FFF783FE002204F1280128
:10C78000284601F0A1F9A37AFF2B1CBF0133A37245
:10C790000123E38238BD000023B5054640B93E4B76
:10C7A0003E4940F2FE323E4803F05EFD02B020BD3D
:10C7B000006A20B9384B3B494FF48062F3E700230D
:10C7C0000384436B5A1C0CD01E33B3F5701F2EBF6D
:10C7D0004FF6FF733C22B3FBF2F39AB2002B42D028
:10C7E0004284836B591C0ED01E33B3F5701F2EBFCD
:10C7F0004FF6FF733C22B3FBF2F39AB2002B35D015
:10C800000283038B8383C36B5A1C0DD01E33B3F595
:10C81000701F2EBF4FF6FF733C22B3FBF2F39AB2A8
:10C820003BB34283438BC383438B028B9A4202D335
:10C830000BB100230383C37AF3B1C36A0093036B84
:10C8400001932BB9836A009A134043F080730193DC
:10C850000A21FFF715FE01AB00F128016A462846C0
:10C86000FCF730FAA2E701234384BAE701230383EC
:10C87000C7E701234383D5E790F9282090F82830B3
:10C88000002A01DBFF23D9E7BF2B8CBF6FF07F436A
:10C890004FF6FF73D2E700BF952F010897310108CB
:10C8A0006B1F0108B031010838B5154D2B78F3B96D
:10C8B000144C23682BB1144B14491548D92203F0AA
:10C8C000D3FCFFF7B9FD2060B0B1027A114942F004
:10C8D000200202724422FFF795FC0E492068432291
:10C8E000FFF766FD0C4920680022FFF789FD2B78D1
:10C8F00001332B70002038BD4FF0FF30FBE700BF45
:10C90000D4820020D0820020952F0108C831010870
:10C910006B1F0108B03601081DCD000810B5044694
:10C9200040B9BDE81040164B1649174840F28272D4
:10C9300003F09ABC036933B9114B1449124840F211
:10C94000837203F091FCA38A432B06D90C4B104948
:10C950000D4840F2847203F087FCA38A2269591CB7
:10C960001344A182FF2183F8F0100021A38A432BF6
:10C9700000D910BD581C1344A08283F8F010F5E7CD
:10C98000952F0108ED3101086B1F01080F320108D6
:10C990003B32010838B5184D0023C0E90B33EB7862
:10C9A000044613B1154BDB6843632B79DBB1134BA2
:10C9B0001B69A3636B79CBB1104B5B69E36363685D
:10C9C0001B69A362AB792BB10C4B9869FBF783FE13
:10C9D0000123E062E372EB7923B1084BD869FBF7DE
:10C9E0007AFE206338BD636B5B08E2E7636BC3EBE1
:10C9F000C303DB08E2E700BF78DB002080DB002018
:10CA000010B5044640B9BDE81040104B104911481C
:10CA100040F26D7203F028BCC36833B90B4B0E496A
:10CA20000C4840F26E7203F01FFC236933B9074BC8
:10CA30000A49084840F26F7203F016FCE06808B13A
:10CA4000FCF77AFA0023C4E9033310BD952F0108DF
:10CA50007A3201086B1F010898320108BD320108C3
:10CA600073B5046A00230546A36206212046FFF73A
:10CA700007FD012221462846FFF79AFD064678BBAE
:10CA8000022239212046FFF725FDE98C2046FFF7D9
:10CA9000FFFC032237212046FFF71CFD0121204621
:10CAA000FFF73CFD03212046FFF738FD1C212046FF
:10CAB000FFF734FD2046FFF731FFA18AE068F0312F
:10CAC00089B2FCF773FB124B1248134ACDE90053AD
:10CAD0004323E1680068FFF7E9FB2046FFF790FF7A
:10CAE000A37AFF2B1CBF0133A372A27A052A9DBF34
:10CAF0004FF47A7393409BB24EF660234FF4FA7270
:10CB0000304603F2F313B3FBF2F3E38202B070BDDD
:10CB1000B0360108D0820020B436010873B5046A2B
:10CB2000054601212046FFF7ABFC0322214628469B
:10CB3000FFF73EFD0646002847D102223921204654
:10CB4000FFF7C8FCE98C2046FFF7A2FC0422322143
:10CB50002046FFF7BFFCA06AFBF7BDFD014620465B
:10CB6000FFF7F8FC042236212046FFF7B3FC606A89
:10CB7000FBF7B1FD01462046FFF7ECFC032237210D
:10CB80002046FFF7A7FC01212046FFF7C7FC032141
:10CB90002046FFF7C3FC1C212046FFF7BFFC2046C0
:10CBA000FFF7BCFEA18AE068F03189B2FCF7FEFA1B
:10CBB000124B1348134ACDE900534323E168006840
:10CBC000FFF774FB2046FFF71BFFA37AFF2B1CBF68
:10CBD0000133A372A27A052A9DBF4FF47A73934062
:10CBE0009BB24EF660234FF4FA72304603F2F31311
:10CBF000B3FBF2F3E38202B070BD00BFB0360108B0
:10CC0000D0820020B436010873B5046A06460321B9
:10CC10002046FFF735FC032221463046FFF7C8FCCB
:10CC2000054600283AD1022239212046FFF752FC5E
:10CC30004FF410712046FFF72BFC042232212046CE
:10CC4000FFF748FCA06AFBF746FD01462046FFF7C8
:10CC500081FC032237212046FFF73CFC01212046BE
:10CC6000FFF75CFC03212046FFF758FC1C212046FF
:10CC7000FFF754FC2046FFF751FEA18AE068F0312F
:10CC800089B2FCF793FA13480096134AE1680068EA
:10CC90004323FFF771FB2046FFF7B2FEA37AFF2B79
:10CCA0001CBF0133A372A37A092B9FBFC3EB4312AE
:10CCB00003EB8203DB009BB288BF42F210734FF498
:10CCC000FA72284603F2F313B3FBF2F3E38202B0E5
:10CCD00070BD00BFD0820020B436010838B50A4DBF
:10CCE0002B782BB9094B0A490A48F32203F0BCFA06
:10CCF0002C78013CE4B22C7024B9074D2868FFF76A
:10CD000083FB2C6038BD00BFD4820020952F010822
:10CD1000E43201086B1F0108D08200202DE9F04F9A
:10CD2000A94B5F682DED028BD7F8209089B0924611
:10CD3000B9F1000F50D099F80830002B49D0D9F83C
:10CD40000430546833B1A14BA149A2484FF4D562D5
:10CD500003F08AFABAF80A302B2B3AD92378022B3F
:10CD600037D197F8280007F1290104F11C020023AC
:10CD7000DDB2A84201D9062B23D16068FBF7ABFCDA
:10CD8000D9F80030984224D1934B00225A60BAF867
:10CD90000A101A602B291CD90392F022CDE9012335
:10CDA000DAF80410BAF808B0C9F80410D046B8F898
:10CDB0000A30019A934217D9D8F80430019D0493A0
:10CDC0001FE111F8016B12F8015BAE4203F10103A0
:10CDD000CED00023C9F804305046FCF7ADF809B0B6
:10CDE000BDEC028BBDE8F08F019AD8F80080D21A12
:10CDF00092B2ABEB030301921FFA83FBB8F1000F71
:10CE0000D5D1E6E7D8F80030002B00F00F815B6841
:10CE10001B780BE1333C082C00F21681DFE814F09C
:10CE20007C008200910097001401140114019D0000
:10CE3000A300013DADB223464FF0FF36023513FA91
:10CE400085F5ADB234B30023072E079306D95F4BA7
:10CE50006249604840F2366203F006FA029B9B5D2D
:10CE6000C3B9A2B218EE103A07A940460592FCF7E2
:10CE7000FBFA059A8242ACD1042C40F08F800798CF
:10CE8000FBF729FC0790029A01239355544A079B0C
:10CE900042F82630B8F80A309D42C0F0B280ED1A50
:10CEA000ABEB0303ADB21FFA83FB5D45C0F081809D
:10CEB000029B1B78002B40F0CB80039B002B40F0A3
:10CEC000D080029B5B78002B83D0454A1379052BD9
:10CED00040F0E28099F80930012B40F0D280386AA6
:10CEE000FFF758FD97F82F301B07384640F1D180E7
:10CEF000FFF73CFC6DE7042B3BD0344B40F2F6527D
:10CF0000384905E0032B37D8304B374940F2FB5204
:10CF1000304803F0A9F95CE7042B30D02B4B40F2EA
:10CF20000962EDE7012B04D0284B40F217622F492C
:10CF3000EEE7019AF02A25D0244B2D4940F21962E0
:10CF4000E6E7012B24D0214B40F21D62EFE7042BD2
:10CF50001BD01E4B40F22162D2E7042B18D01B4B92
:10CF600040F22562CCE7042B15D0184B40F2296221
:10CF7000C6E71C46062661E7072604245EE71C4632
:10CF800003265BE71C46002658E71C46022655E7A9
:10CF90001C461E4652E71C4605264FE7012C04D0CE
:10CFA0000A4B14494FF4C962B2E79DF81C3007934D
:10CFB00069E7D8F80080B8F1000F1FD1034B0E4984
:10CFC00040F25462A4E700BF38A40020952F010866
:10CFD000083301086B1F010878DB00205633010875
:10CFE00080DB00201B33010824330108363301089D
:10CFF0003F330108673301087A330108D8F8043059
:10D0000004935D45BFF454AF049B5C5DFF2C3FF47B
:10D010004FAFAB1C9BB2B8F80A2008EE103A6B1C5D
:10D020009342BFF6EFAE049B2B445B783B2C0BD8AE
:10D03000322C3FF6EFAE012C3FF45DAF032C3FF4F2
:10D0400061AF002C3FF4F5AE4FF0FF360024F5E65B
:10D050002B4B02991B680022012B0A700CD0022B6B
:10D0600005D1002303934FF06C0B2C2307E0032B17
:10D070007FF423AF012303934FF0EC0B6C23019358
:10D0800094E6033B022B3FF6A4AE386AFFF782FC1E
:10D090003846FFF781FB9CE6062B15D199F809303D
:10D0A000DA1E022A02D9012B7FF493AE386A0C21D2
:10D0B000FFF7E6F9134B38461A461946FBF702FE0E
:10D0C0003846FFF7CDFC84E6022B7FF482AE99F858
:10D0D0000930062B7FF47DAE039BA9F81630029B26
:10D0E0009B78002B3FF475AE90683C6AFBF7F3FA2F
:10D0F000636860621B69A3623846FFF70FFD68E64C
:10D1000080DB0020B036010837B5054648B9244B0E
:10D110002449254840F27B3203B0BDE8304003F09B
:10D12000A3B8046A002C39D0637A082B36D10A6878
:10D13000A36A9A4232D10C212046FFF7A1F90422BA
:10D1400021462846FFF734FA08BB04223221204644
:10D15000FFF7C0F9A06AFBF7BEFA01462046FFF7C9
:10D16000F9F92046FFF7DAFBA18AE068F03189B2CD
:10D17000FCF71CF80D4B0E480E4ACDE90053432333
:10D18000E1680068FFF792F82046FFF739FCA37AC0
:10D19000FF2B1CBF0133A3721423E38203B030BD05
:10D1A000952F0108A23101086B1F0108B036010854
:10D1B000D0820020B436010873B5046A0646052102
:10D1C0002046FFF75DF9032221463046FFF7F0F9CC
:10D1D000054670BB022239212046FFF77BF9F18C0E
:10D1E0002046FFF755F9032237212046FFF772F951
:10D1F00001212046FFF792F903212046FFF78EF91F
:10D200001C212046FFF78AF92046FFF787FBA18AF9
:10D21000E068F03189B2FBF7C9FF13480096E16876
:10D220000068432304F12402FFF7A6F82046FFF725
:10D23000E7FBA37AFF2B1CBF0133A372A37A092B50
:10D240009FBFC3EB431203EB82031B019BB288BF5A
:10D2500044F620634FF4FA72284603F2F313B3FB4B
:10D26000F2F3E38202B070BDD082002010B540B965
:10D27000BDE810400E4B0F490F4840F2425202F0F9
:10D28000F3BF046A94B1636833B1094B0B490A4890
:10D2900040F24F5202F0E8FF00212046FFF7F0F87D
:10D2A000237A1BB1FFF71AFD0023237210BD00BFC4
:10D2B000952F0108B13301086B1F010808330108DD
:10D2C00038B5054648B9274B274940F2D6222748AA
:10D2D00002F0CAFF6FF00F0038BD90F82F30DB0767
:10D2E00004D4204B224940F2D722F0E7C38C046AD1
:10D2F000B3F5107F02D24FF0FF30EDE7D4B94020F4
:10D30000FBF784FB04460028F5D028624022002168
:10D31000204602F0F7FEFFF7C7FA0028EBD1012301
:10D3200023722846FFF79CFB0028D5D02846FFF73C
:10D330009DFFE0E7E36833B10A4B0E490B484FF419
:10D340003C7202F091FF636833B1064B0A4907480B
:10D3500040F2F12202F088FF237A002BD6D0FFF7AB
:10D36000BDFCD3E7952F0108A23101086B1F01080E
:10D37000CA330108EB3301080833010850B1006AD1
:10D3800040B1407A0A2806D0043801288CBF00201A
:10D390000120C0B270470120FBE700007FB5046A9E
:10D3A0000646002C43D0636A0393FFF7E7FF002192
:10D3B00005462046FFF764F80023C4E90733C4E9B3
:10D3C0000933C4E90B33C4E90D33E36365B30722C2
:10D3D00021463046FFF7ECF80546F8B9042236211D
:10D3E0002046FFF777F80398FBF775F901462046CA
:10D3F000FFF7B0F82046FFF791FAA18AE068F03114
:10D4000089B2FBF7D3FE0B480096E168006843231E
:10D4100003AAFEF7B1FF2046FFF7F2FA064B3046AB
:10D420001A461946FBF74EFC284604B070BD6FF053
:10D430000F05F9E7D0820020B0360108514B2DE9E5
:10D44000F7431D68504FDFF8448140F2192615B9A3
:10D4500003B0BDE8F0832C6A7CB1637A6BB1618C58
:10D4600069B1228C013292B29142228407D12846BE
:10D47000FFF794FF2846FFF7F3FA2D68E7E7B4F8C3
:10D480001E90B9F1000F64D009F1FF32B9F1010F1C
:10D49000E2835ED1013BDBB2092BEED826FA03F31F
:10D4A000DB07EAD504212046FEF7EAFF03222146E6
:10D4B0002846FFF77DF860BB022239212046FFF79E
:10D4C00009F8E98C2046FEF7E3FF032237212046C6
:10D4D000FFF700F849462046FFF720F803212046D1
:10D4E000FFF71CF81C212046FFF718F82046FFF72D
:10D4F00015FAA18AE068F03189B2FBF757FE009572
:10D50000E168386843234246FEF736FF2046FFF7BE
:10D5100077FAA37AFF2B1CBF0133A372A37A092BDE
:10D520009FBFC3EB431203EB8203DB009BB288BFB8
:10D5300042F210734FF4FA7203F2F313B3FBF2F3F7
:10D54000228CE382638C9B1A012B96DD5B10E383B4
:10D5500093E7A28B002A90D0511E012AA1838CD17F
:10D5600003F0FB02012A01D00A2B86D12846FFF7DF
:10D5700023FE638B228C9B1A012BC4BF5B10A383F9
:10D580007BE700BF4CDB0020D0820020B4360108CE
:10D5900038B51D4B1C68002504B938BD236A23B17A
:10D5A000DA8A012A03D9013ADA822468F4E7FCD145
:10D5B0005A7ADD820C2A01D0062A03D12046FFF7D1
:10D5C0004FFAF2E7012A09D19B7A052B204602D8AF
:10D5D000FFF7A4FAE9E7FFF7E1FEEFE7082A09D130
:10D5E0009B7A012B204602D8FFF7C0F8DDE7FFF752
:10D5F000D3F8DAE7032AD8D19B7A012B2046DED86C
:10D60000FFF702FBD1E700BF4CDB002070B5182606
:10D61000074D46430446A85918B1FBF78DFC00237B
:10D62000AB51182000FB04540023237570BD00BFCC
:10D63000DC8200202DE9F347DDF82CA088469146D6
:10D640001E46074630B92D4B2D492E484FF48B62AC
:10D6500002F00AFE00221C210220FBF7D7FC05463F
:10D66000002847D043891B2B06D8244B2649254840
:10D6700040F2634202F0F8FDBDF834006C68FBF73D
:10D6800027F8E08097F82830062B06D01B4B1F495F
:10D690001C4840F26A4202F0E7FD3368A360B38899
:10D6A000A381DAF80030C4F81230BAF80430E3820B
:10D6B0000A9B1B68C4F80E300C9B1B68A3610123F6
:10D6C00063700823A370062323710423002663716B
:10D6D00040F606032670E6704246009329464B4604
:10D6E000384601F09BF92846FBF726FC304602B08D
:10D6F000BDE8F0874FF0FF30F9E700BF03340108C1
:10D70000A23101086B1F01083A3401086B3401088B
:10D710002DE9F74F3E4A0191002304460A200146B5
:10D7200086469A469946984684461546BCF10A0FA5
:10D7300092F814B02AD1BBF1000F2AD14FFA83FC22
:10D7400001330A2B02F11802F0D1019B012B5BD1AE
:10D75000BCF10A0F3CD05FFA8CF6182303FB06538A
:10D760001B7D33B12B4B2C492C484FF4C37202F074
:10D770007BFD24B1182303FB065322685A6018234B
:10D7800003FB065500236B8270B208E0BBF1000F6B
:10D79000D6D03CB127685668B74203D158B203B01F
:10D7A000BDE8F08FBBF1010F578A0CD1166826B186
:10D7B0004745C5D358B2B846C2E74F45C0D34FFA24
:10D7C00083FEB946BCE7574524BF59B2BA46B7E70E
:10D7D0000A290FD01823CEB259436B5833B10D4BE1
:10D7E0000F490E4840F26F1202F03EFD3046FFF73F
:10D7F0000DFFB2E7BEF10A0F02D05FFA8EF6F5E731
:10D800000A2801D0C6B2F1E74FF0FF30C7E700BFEA
:10D81000DC82002003340108C33401086B1F0108B7
:10D82000AC34010870B5084D064600242B7D2BB1A1
:10D83000AB68B34202D12046FFF7E8FE01340A2C60
:10D8400005F11805F2D170BDDC8200202DE9F0470A
:10D85000074688B00C4649B94B4B4C494C484FF4ED
:10D86000227202F001FD08B0BDE8F08745682B8800
:10D87000B3F5807F08D12B79062B05D16B79042B6A
:10D8800002D16B88082B03D03846FBF755FBEAE73B
:10D890004E68D5F80E30079305F10808AB69002EE5
:10D8A0005DD0F31A5E425E41C6F1020A5FFA8AFA5F
:10D8B00094F82830062B06D0334B3649344840F2D2
:10D8C000AB1202F0D1FC079800283CD0214600F0B2
:10D8D00098FC8146B8BB079B03F0F003E02B32D0E5
:10D8E000514607A8FFF714FF00282CDB2A4B18220B
:10D8F00002FB00FC03EB0C014FF0020E81F814E078
:10D900004FF00C0E8C6012FB00E2D8F8000098502B
:10D9100003EB020EB8F80420AEF80420A1F8129030
:10D9200053F80C1079B143F80C904FF40063009356
:10D9300004F1290243462046059101F06FF805994C
:10D940000846FBF7F9FAEB88B3F5807F0AD0B3F508
:10D95000007F99D107A92046FFF7D6FB94E74FF047
:10D96000020AA5E7002E8FD00222039207AACDE972
:10D97000018204F12903221D0092194642462046E5
:10D98000FFF758FE80E700BF03340108A231010809
:10D990006B1F01080B350108DC8200201FB5024611
:10D9A0000124CDE9021400F1290305490191043253
:10D9B00000921946034AFFF73DFE04B010BD00BFB8
:10D9C000BD380108B7380108F8B5134C0025022608
:10D9D0000427227D6AB1638A01339BB2B3F5967F37
:10D9E000638203D2012A0AD1042B10D92846FFF7FB
:10D9F0000DFE01350A2D04F11804EAD1F8BD032A01
:10DA000001D12775F5E7042AF3D12675F1E7A0685F
:10DA1000211DFFF7C3FFECE7DC8200202DE9FF4763
:10DA2000244D182303FB025307461B7D012B884618
:10DA3000144606D8204B214921484FF43B7202F08E
:10DA400013FC182204EB440602FB0454F600237D69
:10DA500006F10C0A022BAA4407F129090BD1638AAB
:10DA6000B3F58E7F13D90436A9193846FFF796FF10
:10DA700008B9032323754FF4006300934A465346C5
:10DA80004146384600F0CAFF04B0BDE8F087B3F560
:10DA9000877FF0D30123039304360A4B01932E446E
:10DAA0003B1D009302964B46524649463846FFF7C7
:10DAB000C1FDDDE7DC820020033401082F350108B9
:10DAC0006B1F0108BD3801082DE9F347884606465B
:10DAD0000146D8F80000154600F093FB00284CD111
:10DAE000D8F8003003F0F002E02A46D0002B44D0F2
:10DAF00001214046FFF70CFE041E41DB374F18237F
:10DB000003FB04731A7D002A4ED101221A759E6010
:10DB100041463046FFF742FF002D49D102B0BDE833
:10DB2000F087FBD1DFF8BC80DFF8BC90DFF8BCA049
:10DB30002E46728933899A4208D1336833B14346FD
:10DB40004FF47B724946504602F08EFB337B012B2B
:10DB500018D13668002EECD12846FBF79FFB2E46E5
:10DB6000182303FB04F21D46B85808B1FBF7E4F98B
:10DB700005FB04F30020FE50D0E76FF00F00CDE767
:10DB80002046CBE7318900220220FBF73FFA064608
:10DB900038B12946FBF7E2FB0028E1D03046FBF71D
:10DBA000CBF94FF0FF30B9E7002DB1D04FF0FF3087
:10DBB000182303FB0472127D012AB2D9084A0C20F3
:10DBC000147013FB04034FF4006200923B4406F10F
:10DBD00029022946304600F021FF9FE7DC82002021
:10DBE000CC830020033401085F3501086B1F010856
:10DBF000F0B50E4685B01546044630B93D4B3E495A
:10DC00003E4840F21B3202F02FFB36B9394B3C49FB
:10DC10003A484FF4477202F027FB35B9354B394982
:10DC2000364840F21D3202F01FFB2868214600F002
:10DC3000E8FA002859D12B6803F0F002E02A1BD142
:10DC40000123ADF808305E238DF80A306B7803F0BD
:10DC50007F038DF80B30AB788DF80C30EB788DF8B6
:10DC60000D3002AB4FF400620092314604F12902FC
:10DC7000204600F0D3FE1FE06268A1685A400A42C5
:10DC800008D09BB24FF6A962934203D0E36873B306
:10DC900004F10C051C4B1D491A78182000FB0210DA
:10DCA000017D0129194609D92F6843689F4205D192
:10DCB00031462046FFF7B2FE05B0F0BD134B0022FF
:10DCC000187D012806D92F685868874202D1D2B240
:10DCD0000A70EDE701320A2A03F11803F0D1324647
:10DCE00029462046FFF7F0FEE6E7094BBAE76FF05A
:10DCF0000300E1E703340108A23101086B1F0108AA
:10DD00005A250108EC340108CC830020DC82002075
:10DD1000B7380108F0B5044687B00F4616462421EF
:10DD200000220120FBF772F9054690B34389232BAB
:10DD300006D8194B19491A4840F2611202F094FAB8
:10DD400020686C68002323716371A371E3712770ED
:10DD50006670034604F1080200F11C0153F8046BDD
:10DD600042F8046B8B42F9D1C368059305A800F013
:10DD7000BBF858B100210123A170E17005AACDE9DB
:10DD800000130290FF23284600F02AFA2846FBF7EA
:10DD9000D3F807B0F0BD00BF79350108AE350108F2
:10DDA0006B1F01082DE9F043444BD3F8089099F814
:10DDB000005005F00F05AD00132D85B004460F4649
:10DDC00098462AD94289032A27D942681278082A14
:10DDD00023D1586900F0F002E02A1ED0196800F043
:10DDE00010FA0646C8B92389072B16D905F10E018A
:10DDF0002046FBF79BF8002850D021892944324661
:10DE000089B20220FBF702F9064630B1428905F1DA
:10DE100008039A4207D2FBF78FF8204605B0BDE809
:10DE2000F043FBF789B8494640682A4602F05CF99E
:10DE300069423046FBF77AF838B1214B2149224834
:10DE4000AF2202F011FA3046E5E721463046FBF7F3
:10DE500085FA0028F7D12046FBF76EF834462946AC
:10DE600020466668FBF762F80028D6D16268D8F8C9
:10DE70001430D360D8F810301361FF233070B070C5
:10DE8000F07013729072D0720122CDE900020F4936
:10DE900002970246204600F0A3F9BEE7C5F57F4190
:10DEA000F23109B22046FBF741F80028D7D0044BE5
:10DEB00007490548C02202F0D7F9AEE738A4002090
:10DEC00079350108DA3501086B1F01084CA40020E0
:10DED0000F3601080A4604300321FFF71BBF0A462C
:10DEE00004300B21FFF716BF30B5134B02461868FC
:10DEF00068B9124B1B684BB193F82F2002F0050252
:10DF0000052A03D15A68002A18BF184630BD90F878
:10DF10002F10CD070DD54C070BD543684BB11468B6
:10DF2000856863402B42F1D08B0702D4C3689C42C2
:10DF3000ECD00068DCE700BF4CDB002050DB0020A9
:10DF40002DE9F84FD0F8048098F800904FEA1913A3
:10DF5000042B04460F4605D02046FAF7EDFF0020BB
:10DF6000BDE8F88FB8F80200FAF7B2FB238909F090
:10DF70000F0983424FEA8909054603D90146204625
:10DF8000FBF714F963894B45E6D32389AB42E3D30E
:10DF9000B9F1130FE0D9D8F81030534D6B6103F08D
:10DFA000F003D8F80C202A61E02B0ED197F82F301F
:10DFB000DA0705D498F80930112B63D000261DE04C
:10DFC0007B68002BF6D03E4618E0DFF820B13E46D5
:10DFD0004FF0010A96F82F30DB0704D4BAF1000F96
:10DFE00043D1366846E07368002BF7D068698342F6
:10DFF00004D0314600F005F90028EFD0286948B177
:10E00000394600F0FEF80028A6D12B6903F0F00392
:10E01000E02BA1D0002E9FD0B8F8063023F0C0032B
:10E020003BB1204600F020FA0446002897D0D0F8F3
:10E030000480C5F80880C5E9006798F8003003F04F
:10E040000F039B00C9F100012046AB81FAF76EFF78
:10E0500098F80930062B29D0112B1BD0012B2AD17F
:10E0600039462046FFF79EFE18E02B7D7F2BA1D07E
:10E07000DBF80060BE4208BF36684FF0000A002E91
:10E08000A8D197E708EB09035B88B3F5884F95D1D2
:10E090003E46BFE739462046FEF71EF80023C5E995
:10E0A0000033C5E90433AB60AB8158E739462046FD
:10E0B000FCF76CFDF2E76869314600F0A2F870B930
:10E0C0006B6903F0F003E02B09D049462046FAF7CC
:10E0D00030FFC4F8048002212046FFF7FBFE2046F3
:10E0E000FAF72AFFDAE700BF38A400204CDB002053
:10E0F0002DE9F3471F46C389DDF83080012B054623
:10E100008946164606D0304B3049314840F233320A
:10E1100002F0AAF8002E47D014212846FAF706FF8D
:10E1200000284DD16B896C68132B06D8264B2949E2
:10E1300027484FF4587202F097F89DF82C30277258
:10E14000637233682361452323709DF82830637020
:10E150002889DFF888A0FAF7BBFA00276080A7714A
:10E16000BAF80000E771FAF7B3FABAF80030A08005
:10E170000133AAF80030B9F1000F12D1164B1B6819
:10E18000E360A772E772B8F8263093B12A899A4201
:10E190000FD932464146284600F010FB02B0BDE8D8
:10E1A000F087D9F80030EBE76B681B69019301AE8B
:10E1B000E9E7D8F814303246294640469847EDE75B
:10E1C0006FF00100EAE700BF41360108753601082B
:10E1D0006B1F010881360108B0360108CE8300208C
:10E1E000F0B4069C9DF810509DF814601AB109B166
:10E1F0000F6807B9211DCDE905640495F0BCFFF750
:10E2000077BF431E0333024612D891F82F3013F024
:10E21000020010D04B6893420CD0886853400342F0
:10E2200008D1C34322EA0000C31A5842584170473C
:10E23000012070470020704738B50C4B1A688242A5
:10E2400004460D4607D102681A6021460420BDE845
:10E250003840FAF7EDBC31B9054B0649064840F2A3
:10E26000451202F001F823682B60EEE7D48300200A
:10E27000B8360108F13601086B1F010881422DE90B
:10E28000F84F04460E4605D12F4B30493048AB229B
:10E2900001F0EAFF46B13368A34205D02A4B2D496D
:10E2A0002B48AD2201F0E0FF67687B689A8892BB3B
:10E2B0001A68626004F11C0104F1080252F8040BB0
:10E2C00043F8040B8A42F9D101213846FFF707FED3
:10E2D0003846FAF7DBFF05463846FAF72DFE676841
:10E2E000DFF86480DFF87890DFF864A0AFB92046EB
:10E2F000194C3146FFF7A0FF2388AB4205D2124BE1
:10E3000016491348D22201F0AFFF23885B1B2380FC
:10E310002846BDE8F88F0025E1E77B683846D3F84A
:10E3200000B0FAF7B3FF0544B5F5803F05DB43467F
:10E33000CC224946504601F097FF3846FAF7FCFDDB
:10E34000ADB25F46D2E700BFB83601080A37010810
:10E350006B1F010816370108D083002045370108DC
:10E36000283701082DE9F041DFF86C8005460F469B
:10E3700000260024D8F800302146A446204653B990
:10E3800010B1FFF77BFF0644BE4201DA012CF0DC3E
:10E390003046BDE8F081D5F80CE05A69724509D1E4
:10E3A000D5F810E09A69724504D1B3F80CE0AA8858
:10E3B000964508D0013460B1C27F93F81FE09645BE
:10E3C0009CBF614618461A68002A18BF9C4613462F
:10E3D000D5E761461846F6E7D483002010B5044619
:10E3E00030B9064B0649074840F2AE2201F03CFF27
:10E3F00021460520BDE81040FAF71ABCB8360108DE
:10E40000162501086B1F010810B5044630B9084BEA
:10E41000084909484FF42E7201F026FF606908B1DF
:10E42000FAF78AFD2046BDE81040FFF7D7BF00BFCE
:10E43000B8360108603701086B1F010838B5094B71
:10E440001868002400B938BDC37F056823B1013BBB
:10E45000C37704462846F5E72146FFF70FFF20461D
:10E46000F7E700BFD48300202DE9F74F45682B78EC
:10E4700003F00F03052B074640F08D80E888B54C6C
:10E48000FAF726F9C0F30C004FEAC0086888FAF7DB
:10E490001FF92B7803F00F03A0EB830083B23846FB
:10E4A0000193FAF7F3FE238803440A2B814669DCC3
:10E4B000A94E3468002C73D10420FAF79DFB044662
:10E4C00058B949462846FFF74DFF814563DC0420D3
:10E4D000FAF792FB044600285DD01C220021201D83
:10E4E00001F010FE0323E3773368236034602B468A
:10E4F00004F1080205F1140153F8040B42F8040B6F
:10E500008B42F9D1B5F806B01BF0200B08D1019B66
:10E5100043449BB298453ED84FF6EB7293423AD8AB
:10E520007D686888FAF7D4F895F800A00AF00F0A19
:10E53000A0EB8A001FFA80FAE888FAF7C9F8C0F35E
:10E540000C007E68D4F804C0C00000250AEB00036C
:10E550009AB2F38035707570B570F570B08063460F
:10E560004FF0010A5BBB002D40F0A280BCF1000F10
:10E5700000F08D80794B7A497A4840F2B31201F06D
:10E5800073FE84E001462846FFF7ECFE18B12388AD
:10E590004B440A2B8CDD3846FAF7CEFC002670E09F
:10E5A000EB6862699A4208D12B69A2699A4204D148
:10E5B000A289AB889A4200F0DD8024687AE7D3F81C
:10E5C00004E0BEF80410884263D23360002D5CD0B2
:10E5D000EB889842C0F0A1808A4200F29E802F60B2
:10E5E000984240F0E380BBF1000F04D0A37F13F00A
:10E5F000010300F09D80BAF1000F68D14FF0000ACE
:10E60000544F38888144A7F80090BBF1000F07D120
:10E61000019B9844A37FA4F81C8043F00103A377D7
:10E62000BAF1010FBAD1A38B1433A38363685E6878
:10E63000356804F10803324604F11C0153F8040B59
:10E6400042F8040B8B42F9D1A08BFAF741F8002372
:10E650007080B371F371B372F3726668002D69D183
:10E660003D4B1B68A34202D01D46002B70D12946AA
:10E670002046FFF7E1FD3046FAF708FE3B88181AFE
:10E680003880304603B0BDE8F08F8A4245D86760D5
:10E69000A9E742D0BEF8063083423ED825B1EB88C8
:10E6A0008B4218BF4FF0000ADEF80030754659E77C
:10E6B000EB88834206D9294B2B492A4840F2AB12FA
:10E6C00001F0D2FD2F60EA88B3889A4289E7636837
:10E6D000002B93D059688B88002B8FD133689BB95E
:10E6E000B14206D11D4B21491E4840F2D51201F01E
:10E6F000BBFD3368002B83D0184B1D49194840F2ED
:10E70000D71201F0B1FD7BE75A68F08893889842F0
:10E710007FF474AF13681646E1E73846FAF7B6FDA2
:10E720000C4A1388181A10803846FAF705FC32E7AD
:10E730009A4665E7D5F804806FF013012846FAF78A
:10E74000F5FB29463046FAF7C5FDD8F8005085E7B5
:10E750002B6887E7D0830020D4830020B8360108D7
:10E760008A3701086B1F01086C370108C13701089F
:10E77000CE370108E888F9F7ABFFC0F30C0000289A
:10E780007FF4C0AEE089F9F7A3FFC0F30C000028C6
:10E790003FF4B8AE2B4604F1080205F1140153F81A
:10E7A000040B42F8040B8B42F9D1ABE6BBF1000F2E
:10E7B0003FF424AF4FF0000A18E700BF2DE9F04FF7
:10E7C0002DED028B08EE102ACA8CB2F1140348BF5B
:10E7D000A2F10D038BB04FEAE308C3F3CF03079315
:10E7E000436803931B7803F00F03052B06468A4604
:10E7F0004FEA83070DD05D4B5D4940F2E1225D4851
:10E8000001F032FD6FF005000BB0BDEC028BBDE8EE
:10E81000F08F039BD888F9F75BFFC0F30C0310F46B
:10E820000054049304D0514B534940F2E622E6E7EA
:10E8300035891FFA88F8143D4FEAC803ADB2069334
:10E840000DB92846E0E7069BAB42A8BF2B469BB21A
:10E850000022142102200593FAF7D8FB804668B302
:10E860007389132B06D8414B444942484FF44272F6
:10E8700001F0FAFC039BD8F804201946143153F830
:10E88000040B42F8040B8B42F9D1D8F804B0DDF840
:10E890001490B9F1000F38D07489E41BA4B24C4530
:10E8A00028BF4C4614B936680027F2E70520FAF76E
:10E8B000A3F9034628B94046FAF73EFB4FF0FF3074
:10E8C000A2E70194726808903A440092214602221D
:10E8D0000420FAF7FBFA089B18B91846FFF77EFDEB
:10E8E000E9E7CDE908033046FAF7D8FC099B244A4A
:10E8F00008995E61A9EB04091A6140461FFA89F97B
:10E90000FAF7E8FCB9F1000FCDD1049BC3F30C007A
:10E91000BAF82630133B9D42A8BF40F40050F9F7E7
:10E92000D7FE059BABF8060003F1140080B2F9F79F
:10E93000CFFE002318EE102AABF802008BF80A3045
:10E940008BF80B304146DAF8143050469847404671
:10E95000FAF7F2FA059B079AED1A049B1344274431
:10E960009BB2BFB2ADB204936AE700BFB8360108EC
:10E97000F03701086B1F010817380108313801080A
:10E9800009E4000843890E2B70B504460D4614D9DE
:10E99000406803788689D9070AD5012B11D14378BD
:10E9A00033B983785E2B03D1637B43F01003637329
:10E9B000082E10D0B6F5C16F1ED02046FAF7BCFA6B
:10E9C00018E01549062201F081FB0028F0D1637B95
:10E9D00043F00803EBE795F82F301A07EDD56FF0F9
:10E9E0000D012046FAF7A2FA0028E6D12946204672
:10E9F000FFF7A6FA002070BD95F82F301B07DCD575
:10EA00006FF00D012046FAF791FA0028D5D129467A
:10EA10002046FEF71BFFEDE7B73801082DE9F0416E
:10EA20000446BDF818000D4616461F46F9F750FE7D
:10EA30000E2180462846FAF779FAE0B96968A1F80C
:10EA40000C803B680B60BB888B803368C1F8063054
:10EA5000B3884B8194F82830062B06D0084B09491F
:10EA6000094840F22B1201F0FFFBA369294620461A
:10EA7000BDE8F04118476FF00100BDE8F08100BF2C
:10EA800051380108863801086B1F010813B50423AB
:10EA900004460091684600210193F8F7ADF9206023
:10EAA000B0FA80F04009404202B010BD38B50446CB
:10EAB0000D4620684FF0FF322946F8F7A3F90028E9
:10EAC000F7D138BD08B500220068F8F79BF9003887
:10EAD00018BF0120404208BDF0B585B006460D467E
:10EAE0001746F8F7D0F8044677B131683A4601A8DE
:10EAF000F8F7B0F9019B102B0DD1029B2B60F8F7B2
:10EB0000C2F8001B05B0F0BD31684FF0FF3201A81C
:10EB1000F8F7A0F9F1E74FF0FF30F3E700680038AD
:10EB200018BF01207047000008B50348F8F7CAF87D
:10EB3000024B186008BD00BFC4380108A4DB0020E8
:10EB400013B50023044601A80193F8F7BBF8206031
:10EB5000B0FA80F04009404202B010BD00684FF0AA
:10EB6000FF31F8F7B3B80068F8F7D8B87FB5CDE94A
:10EB700001010899ADF80C100021CDE9041301A89A
:10EB80001146F8F787F807B05DF804FB08B5044BA9
:10EB90004FF0FF311868F8F799F8012008BD00BF61
:10EBA000A4DB0020014B1868F8F7B8B8A4DB0020FC
:10EBB000044B1B681B681A681206FCD580B25860AB
:10EBC00000207047D8830020094B1B681B68186819
:10EBD00010F0280082B008D0002201921A68019239
:10EBE0005A680192019A5868C0B202B0704700BFDB
:10EBF000D8830020014B1860704700BFD8830020E5
:10EC0000FFF7D6BF0A2804D8072804D828B1FFF791
:10EC1000CFBF0D28FBD12020F9E72E20F7E710B554
:10EC2000014404468C4200D110BD14F8010BFFF7DB
:10EC3000E9FFF7E72DE9F0470446884601464048DA
:10EC4000DFF80C91DFF80CA100F086FF0F34464688
:10EC5000A4F10F070F2EA8EB0602394640D8394819
:10EC6000DFF8F480DFF8EC90DFF8DCA000F074FF50
:10EC70000024A5B2B5422BD2395D484600F06CFFA6
:10EC800005F00705072D02D1504600F065FF01345D
:10EC9000102CEED12C4800F05FFF2B4800F05CFFF9
:10ECA000294800F059FF284800F056FF00218BB298
:10ECB000B34211D2785CFFF7A5FF01311029F6D1DC
:10ECC0000A20FFF775FFBDE8F047204800F044BF79
:10ECD000404600F041FFD3E72020FFF769FFECE753
:10ECE000484600F039FF0025795D504600F034FFBA
:10ECF00005F00703072B02D12020FFF759FF01354C
:10ED0000102DF1D12020FFF753FF2020FFF750FFF7
:10ED10002020FFF74DFF2020FFF74AFFA4F110014C
:10ED200011F8010FFFF76EFFA142F9D1103E0A2042
:10ED3000B6B2FFF73DFF1034002E89D1C3E700BF04
:10ED4000C8380108DB380108BE1A0108FB38010881
:10ED5000ED380108E7380108BC1A01082DE9F74F22
:10ED6000254AD66A4FF00008B3680C4647469146DC
:10ED700040F2F45B2CB920483946F1F73BFF2046BE
:10ED800004E03268002A11DA6FF00700D9F8003089
:10ED900041F214029958890605D52021995041F273
:10EDA00004020021995003B0BDE8F08F6289454606
:10EDB0004FF0000A616805EB0208D84503EB050037
:10EDC000514408D8CDE9002301F08EF9009A246857
:10EDD000019B1744CEE7ABEB05052A4601F084F909
:10EDE000F6683368002BCFDBAA442F44B368A8F23F
:10EDF000F4520025DEE700BF78F400202DE9F74F3C
:10EE00008046364C20684FF0FF31F7F7C9FF0028E5
:10EE1000F8D1334E3046F1F761FF04460028F0D1B7
:10EE2000B18F01BB0025336BB06B002282424DD104
:10EE30000023B36341F2140233689958090605D5DB
:10EE40008021995041F2080200219950002DD8D01C
:10EE5000D8F810304146284698470028D9D028468F
:10EE6000FAF76AF8D5E703220420376CFAF7CEF8F0
:10EE700005460028D6D0D6F830A0B94640F2F45B5B
:10EE80000746B7F80AE0A446002378680CEB0E04A6
:10EE90005C45184409EB0C0106D8724601F024F9D0
:10EEA0003F68002FEDD1BEE7ABEB0C02019300925F
:10EEB00001F01AF9DDE90023DAF80CA0A4F2F45EFF
:10EEC000DAF8089013444FF0000CDEE7196841F0BF
:10EED00000411960DB680132A8E700BFDC83002035
:10EEE00078F40020F0B502682D4B9A4289B055D1D4
:10EEF000A3F59043002400941A6B2A4842F0007254
:10EF00001A631A6B02F000720092009A01941A6B55
:10EF100042F080621A631A6B02F080620192019AD9
:10EF200002941A6B42F000621A631B6B059403F0A3
:10EF300000630293022703260B25029B03A93223B9
:10EF4000CDE90337CDE90665F2F7F0F886231648D8
:10EF5000079503A9CDE90337CDE90546F2F7E6F8B1
:10EF60004FF400531148079503A9CDE90337CDE9C4
:10EF70000546F2F7DBF84FF420530D48079503A937
:10EF8000CDE90337CDE90546F2F7D0F83D2022461A
:10EF90000521F1F753FB3D20F1F782FB09B0F0BDED
:10EFA00000800240000802400000024000040240CD
:10EFB00000180240014B1868F7F71ABFDC830020E5
:10EFC000F0B504468BB030B9404B4149414840F25E
:10EFD000472201F049F9404D404947F2734301226D
:10EFE00023863F4B6361C5E900123E4B3E49A36156
:10EFF00003910023662101932B82ADF81010EB6181
:10F0000003A94FF400032846C5E905122B62F1F766
:10F0100057FF28B994F82F3043F0040384F82F30B9
:10F02000324A33492C48334E0423F1F76DFD324AFE
:10F03000324929480423F1F7A3FD062384F8283038
:10F040006B691A7884F829205A7884F82A209A78EB
:10F0500084F82B20DA7884F82C201A7984F82D2073
:10F060005B7984F82E3040F2DC53E38494F82F303F
:10F0700043F00A0384F82F300027012102A80297E9
:10F08000F7F77AFE1E4B18600FCE05AD0FC533683B
:10F090002B60214605A8F7F7FDFD0F48F2F70CF8A5
:10F0A00001AA0B210C48F1F798FE019A0A4842F098
:10F0B0000B020B210192F1F7CBFE01AA0B210648AE
:10F0C000F1F78BFE38460BB0F0BD00BF0D390108DB
:10F0D000A23101086B1F010878F400200080024073
:10F0E000F1DB00085DED00080080E100C0F40020C5
:10F0F000A8DB00209C16010828DC0020F8F3002083
:10F10000DC830020F1F76EBA08B506490648F7F728
:10F1100033FD064B03491870BDE80840044800223F
:10F12000F6F7FABE900C0120243C0108FC100120E7
:10F13000C40E01200020704730B5002185B008467C
:10F14000F9F786FA114B1249124A134D134C00205D
:10F150001860086010600295114DCDE90005204649
:10F16000F9F7CCFD2046F9F70BFE94F82F305B073A
:10F17000204607D5F9F70AFE084805B0BDE830403B
:10F18000FEF79EB8F9F711FEF6E700BF3C1101202B
:10F190003411012038110120D1850008001101200F
:10F1A000C1EF000870B594B0284B002101911A6C92
:10F1B00042F080521A641B6C03F080530193019B50
:10F1C000234B02911A6842F440421A601B6803F410
:10F1D00040430293029B01214FF4A0230224CDE976
:10F1E00008134FF48003CDE90E430426A823CDE98C
:10F1F000106308A8072312941393F2F7D9FC00B107
:10F20000FEE705904FF4A0524FF480530F250521DF
:10F2100003A8CDE90354CDE90623F2F77DFE0446A9
:10F2200000B1FEE7F2F710FF4FF47A73B0FBF3F092
:10F23000F1F742FA3046F1F755FA224629464FF0E7
:10F24000FF30F1F7FBF914B070BD00BF0038024089
:10F250000070004000B591B07F4D0024F1F79CF99B
:10F26000FFF7A0FF01942B6B7C4843F004032B6352
:10F270002B6B03F004030193019B02942B6B43F06F
:10F2800080032B632B6B03F080030293029B039498
:10F290002B6B43F001032B632B6B03F001030393F0
:10F2A000039B04942B6B43F002032B632B6B03F043
:10F2B00002030493049B05942B6B43F040032B63E0
:10F2C0002B6B03F040030593059B06942B6B43F0D7
:10F2D00008032B632B6B03F008030693224644F2CA
:10F2E0008101069BF2F716F822465D484021F2F7AD
:10F2F00011F85C4B5C480B944FF4005609A9CDE91A
:10F300000963F1F713FF012644F28103534809A969
:10F31000CDE90936CDE90B44F1F708FF534B5048CE
:10F32000099609A9CDE90A36F1F700FF40234C48B8
:10F3300009A9CDE90936CDE90B44F1F7F7FE8023A1
:10F3400047480B9409A9CDE90934F1F7EFFE2246AD
:10F3500005210620F1F772F90620F1F7A1F92246FE
:10F3600005212820F1F76AF92820F1F799F900948E
:10F370002B6B43F400132B632B6B3D4D03F40013F5
:10F380002246052100930C20009BF1F757F90C2031
:10F39000F1F786F9224605210E20F1F74FF90E20EC
:10F3A000F1F77EF9DFF8E4C02C614FF4E1330C266D
:10F3B0002846C5E900C3C5E90244C5E90564EC6116
:10F3C000F3F724FA00B1FEE72A4C4AF210434FF05B
:10F3D0008041C4E90013A0604FF400734FF47A50E9
:10F3E000C4E903032046F3F721F800B1FEE7CDE9B5
:10F3F000070007A92046F3F7C3F800B1FEE7602233
:10F4000040F6B833CDE909230B900D90324609A997
:10F410002046F3F755F8064600B1FEE7204600F017
:10F42000D5F92846FFF7E6FB1348144D00F094FB8E
:10F43000134800F091FB134800F0B2FF0FCD09AC68
:10F440000FC42B682360314609A8F7F723FC0E4B45
:10F450001860F7F713FCFEE7003802400004024092
:10F4600000180240000011100008024000002110A6
:10F47000A4110120441201202D390108B016010801
:10F48000673901088E390108401101200048004009
:10F4900010B50C480C4C00F05FFB6420F8F7A2FBA1
:10F4A0000A488021F1F73BFF2378022BF5D1084869
:10F4B00000F052FBBDE81040044800228021F1F723
:10F4C00029BF00BFB7390108E4A3002000040240AF
:10F4D000D33901082DE9F04FADF5137D02AF00F0EF
:10F4E000B1FBFFF711FEFFF727FE002000F086FDBD
:10F4F000FFF7CEFF6648DFF8F09100F02DFB65487E
:10F5000000F02AFB01216448F1F709FF6420F8F7B5
:10F5100069FBFFF759FB6828044673D01CD83028D4
:10F520002DD0312830D02128ECD15C4800F014FBDC
:10F53000FFF74AFB59281CD1594800F00DFB4FF446
:10F540000072584B009203215748F7F73BF80146E9
:10F55000564800F001FBD5E7722853D077281CD01D
:10F560006928CFD1524800F0F7FAFFF7CDFD514896
:10F5700002E00028DCD0504800F0EEFAC2E701209B
:10F5800000F03CFD4D48F7E7002000F037FD4C4807
:10F5900000F0E2FAFFF77CFFB4E74A4800F0DCFA3B
:10F5A0006E46A0B0F8F700FA02AD0246494628467A
:10F5B00000F04EFF444800F0CFFA4449322207F1F0
:10F5C0001000F6F7F3FC04460146414800F0C4FA87
:10F5D000B4B9404800F0C0FA2846F0F709FE07F138
:10F5E0000C030246294607F11000F6F7ACFEFA6854
:10F5F0000146394800F0B0FA07F11000F6F7C8FFED
:10F60000B5467FE7354800F0A7FA3049012207F1F7
:10F610001000F6F7CBFC054601463148E84600F0FD
:10F620009BFA6DBB90B02F48DFF8C0A0DFF8C0B0E8
:10F6300000F092FA02AE4FF48055504600F08CFA7A
:10F6400007F10C034022314607F11000F6F7B4FD34
:10F6500001467860584600F07FFA796861B9F96828
:10F6600051B1682C0ED189B23046FFF7E3FAFB683E
:10F67000ED1A0BB1002DE0DC07F11000F6F788FF62
:10F68000C5463FE7C9B23046FFF7C9FAEFE700BF0A
:10F69000E63901084F3B0108000402400A3A01081C
:10F6A000473A0108E08300205E3A0108613A010808
:10F6B000B23A0108CB3A0108403A0108793A010808
:10F6C000963A0108D93A0108133B01081E3B01088C
:10F6D000583B01082A3B0108363B0108453B01081D
:10F6E000513B0108603B0108EC3A01087E3B0108F0
:10F6F000903B01080268034B9A4201D1F0F766BFC4
:10F70000704700BF00100040FEE7000013B5234B18
:10F71000002400945A6C42F480425A645A6C02F4F9
:10F7200080420092009A01941A6C42F080521A644E
:10F730001B6C03F0805301930320019BF0F76CFFD7
:10F74000224621466FF00B00F0F778FF2246214653
:10F750006FF00A00F0F772FF224621466FF00900B1
:10F76000F0F76CFF224621466FF00400F0F766FFC9
:10F77000224621466FF00300F0F760FF22460F217A
:10F780006FF00100F0F75AFF22460F214FF0FF30D3
:10F7900002B0BDE81040F0F751BF00BF0038024092
:10F7A0000368B3F1804F82B00BD100230193064B65
:10F7B0001A6C42F001021A641B6C03F001030193FE
:10F7C000019B02B0704700BF003802407FB503685C
:10F7D000B3F1804F0DD102234FF40062CDE9012334
:10F7E0000023CDE903330448012301A90593F1F770
:10F7F0009DFC07B05DF804FB0004024070B5026890
:10F80000304B9A4286B006465AD1002503F5F833AC
:10F8100000951A6C42F480221A641B6C03F4802356
:10F820000093009B4FF440700223CDE901030124B3
:10F830000323CDE903432448244C072301A905935E
:10F84000F1F774FCDFF894C04FF00063C4E900C323
:10F8500020464FF48063C4E90255C4E90435C4E985
:10F860000655C4E90855F0F75FFF18B11848C121E3
:10F87000FFF74AFF174A7463A663174C4FF0006303
:10F88000C4E90023402100234FF480622046C4E9EC
:10F890000213C4E90423C4E90633C4E90833F0F7CA
:10F8A00043FF18B10A48D321FFF72EFF3463272006
:10F8B00000220521A663F0F7C1FE2720F0F7F0FE35
:10F8C00006B070BD00480040000C02404411012009
:10F8D000A63B010858600240E41101202860024064
:10F8E00030B5014689B000223620F0F7A7FE362059
:10F8F000F0F7D6FE0025154B02951A6C144C42F019
:10F9000010021A641B6C03F01003029301A903A8F0
:10F91000029BF2F7BFFBF2F79DFB0E4B236040F218
:10F92000E733E36040000C4BB0FBF3F0013860605C
:10F9300020462561A560F2F75FFD20B92046F2F769
:10F9400048FC09B030BD0120FBE700BF0038024091
:10F95000801201200010004040420F00F7F7B2BAB9
:10F960000120F1F7E1BC00000148F0F76FBF00BFD4
:10F97000441101200148F0F769BF00BFE4110120E4
:10F980000148F2F7ABBF00BFA41101204FF40050B3
:10F99000F1F7CABC0148F2F72BBC00BF801201206E
:10F9A0000148F1F7E2B900BF78F400200148F1F70F
:10F9B000BFBD00BF8C1601200B4B1968024609B968
:10F9C0000A4919600A491868096809680244A1F5DA
:10F9D00000518A4289BF074B1A600C224FF0FF305A
:10F9E00088BF1A60704700BFE0A3002030190120D3
:10F9F00008ED00E0A0DB002001207047024B16223A
:10FA00001A604FF0FF307047A0DB0020014B162238
:10FA10001A60FEE7A0DB002070B50E4614460025F4
:10FA2000A54201DB204670BD705DFFF7C1F80135CE
:10FA3000F6E74FF0FF3070474FF400534B60002063
:10FA40007047012070470020704770B50E4614467D
:10FA50000025A54201DB204670BDAFF30080705544
:10FA60000135F6E70F49D1F8883043F47003C1F847
:10FA700088300D4B1A68002042F001021A6098602D
:10FA80001A6822F0847222F480321A60074A5A609F
:10FA90001A6822F480221A60D8604FF000638B60ED
:10FAA000704700BF00ED00E0003802401030002435
:10FAB00010B5441E14F8010F00B910BDFFF7A0F8EF
:10FAC000F8E7F0B5002987B03ADA0028C1F1000163
:10FAD00036DA40422D26002ABABF5242302720276C
:10FAE000142A2BDC0025C9B2B0FBF1FE01FB1E0479
:10FAF000E3B2092C88BF07330DF1180C88BFDBB2C5
:10FB0000AC446C1C30338142E4B20CF8143C19D97B
:10FB10002EB106AB1C44023504F8146CECB29442CE
:10FB2000234612DB651E01AB53FA85F5013CE4B2B6
:10FB300015F80109FFF764F8002CF7D107B0F0BD04
:10FB40000026C8E770462546CEE706A90B440134D7
:10FB5000E4B203F8147CE2E70FB473B506AB0A26EF
:10FB600053F8044B0193207800283CD0252803D07B
:10FB70000134FFF745F8F6E76378302B1FD1A378FF
:10FB800001200334002204E006FB021114F8013BBB
:10FB90000A44A3F130010929F6D900B152426C2B75
:10FBA00006BF14F8013B01250025E3B1732B09D1F1
:10FBB000019B1A1D18680192FFF77AFFD3E7023400
:10FBC0000020DFE7632B04D1019B1A1D18780192F6
:10FBD000CFE7752B0CD0642B16D023F020015829C9
:10FBE0001BD0622B17D002B0BDE8704004B0704744
:10FBF0000A21019B53F8040B4DB1019B181D019084
:10FC00001868FFF75EFFAEE76FF00901F1E7002922
:10FC1000F3DC0193F5E70221EFE71021EDE70000A7
:10FC200004290AD0052904D0022905D1044B1970F2
:10FC30007047034B03221A707047014B0122FAE709
:10FC4000E4A3002010B5074C074901222046F4F731
:10FC50004DFA20460549F4F787FA2046BDE81040E2
:10FC6000F4F705BBBC12012021FC000804000020B1
:10FC700010B50368B3F1A04F86B02ED14FF4E8520F
:10FC800002230024CDE901230323CDE903431448D3
:10FC90000A2301A90593F1F749FA4FF400731048BC
:10FCA000039401A9CDE90134F1F740FA0D4B5A6BE9
:10FCB00042F080025A6300945A6C42F480425A64C3
:10FCC0005B6C03F480430093432022460521009B94
:10FCD000F0F7B4FC4320F0F7E3FC06B010BD00BF22
:10FCE0000000024000380240D0F89402F4F7C7BC8C
:10FCF000D0F89402F4F7D1BCD0F89402F4F7E8BC41
:10FD0000D0F89402F4F70EBD10B590F8BC33012B77
:10FD100004461FD11048C4F8C0034FF0A04202604F
:10FD20004FF0080C0322C0E902C200220261022245
:10FD3000C0E90623C0F89442F1F747FB18B1074821
:10FD4000E521FFF7E1FC0448F1F72CFF01462046CE
:10FD5000F4F792FC002010BD8C160120D93B01085D
:10FD600008B5D0F8C003F1F7E7FE032896BF024BB1
:10FD70000220185C08BD00BFEC3B010808B5D0F8B4
:10FD8000C003F1F7EFFE032896BF024B0220185C78
:10FD900008BD00BFEC3B010808B5D0F8C003F1F77F
:10FDA00004FF022888BF0120C0B208BD08B5D0F802
:10FDB000C003F1F7E9FE032896BF024B0220185C4E
:10FDC00008BD00BFEC3B0108D0F8C003F1F7E5BE69
:10FDD0001FB5BDF8204002949DF81C4001949DF889
:10FDE00018400094D0F8C003F1F7AAFA03289ABF8C
:10FDF000024B185C022004B010BD00BFEC3B0108B0
:10FE000008B5D0F8C003F1F7CEFA032896BF024B2D
:10FE10000220185C08BD00BFEC3B01081FB59DF82F
:10FE200024400394BDF820400294079C01949DF85F
:10FE300018400094D0F8C003F1F703FB03289ABFE1
:10FE4000024B185C022004B010BD00BFEC3B01085F
:10FE5000D0F8C003F1F79BBE08B590F8BC33012B76
:10FE600002D1084600F0CAF8C820F0F7C1FB002014
:10FE700008BDD0F8C033282000FB013191F83B3099
:10FE80001BB181F850200020704781F85120FAE71B
:10FE9000D0F8C033282202FB013191F83B3013B176
:10FEA00091F85000704791F851007047F0F7A0BBEF
:10FEB00000207047014608B50348F3F7A1FDB0FAEA
:10FEC00080F0400908BD00BFBC12012010B50346F8
:10FED0008EB008461446032903D8DFE801F0030575
:10FEE000101A04200EB010BD0F4801AA1946F3F7EE
:10FEF00098FD08B10120F5E7029B2360F2E70A486C
:10FF000001AA1946F3F78DFD0028F3D1BDF80C3096
:10FF1000F3E7054801AA1946F3F783FD0028E9D164
:10FF2000BDF80C305B0AE8E7BC12012010B590B0B8
:10FF3000044600930B4601460F48F3F78AFDB0B123
:10FF40000D4803AA2146F3F76CFD9DF81930282BC4
:10FF500003D03A2B01D0042B0BD1084800F084F9D0
:10FF6000074800F081F90A2000F096F9032010B04C
:10FF700010BD0120FBE700BFBC1201202E180108B4
:10FF8000F03B010810B590B0044600930B460146C3
:10FF90001648F3F7A1FD60B1144803AA2146F3F710
:10FFA00040FD9DF81930272B09D004D8042B11D01F
:10FFB000012010B010BD282B0CD03A2BF7E70C48CD
:10FFC00000F052F90B4800F04FF90A2000F064F9F4
:10FFD0000220EEE7064800F047F9074800F044F930
:10FFE0000A2000F059F90320E3E700BFBC1201200A
:10FFF0002E180108073C0108F03B0108B0FA80F216
:020000040801F1
:10000000520902484021F1F785B900BF00180240AB
:10001000DFF834D0002103E00C4B5B58435004312F
:100020000B480C4B42189A42F6D30B4A02E00023CD
:1000300042F8043B094B9A42F9D3FFF713FD00F055
:1000400011F8FFF707F9704700000320943D0108FD
:1000500000000020980000209800002030190120A6
:10006000FEE7000070B50D4D0D4C641BA41000267A
:10007000A64209D10B4D0C4C01F0F6FA641BA410FA
:100080000026A64205D170BD55F8043B98470136BD
:10009000EEE755F8043B98470136F2E78C3D01083E
:1000A0008C3D01088C3D0108903D0108024B014642
:1000B000186800F07FB800BF34000020024B0146F2
:1000C000186800F027B800BF3400002030B50139AF
:1000D0000024A24201D1002005E0035D01340D5D42
:1000E000AB42F6D0581B30BD0A44914200F1FF33B9
:1000F00000D1704710B511F8014B03F8014F914240
:10010000F9D110BD02440346934200D1704703F871
:10011000011BF9E737B5002948D051F8043C01909C
:10012000002BA1F10404B8BFE41800F0BFFC204A82
:1001300001981368154633B96360146003B0BDE8D5
:10014000304000F0B9BCA3420BD921686218934239
:1001500004BF1A685B68636004BF521822602C6099
:10016000ECE71A465B680BB1A342FAD9116855183F
:10017000A5420BD1246821445418A3421160DDD15B
:100180001C685B68536021441160D7E702D90C23D7
:100190000360D3E7256861198B4204BF19685B6867
:1001A000636004BF491921605460C7E703B030BDE4
:1001B000E8A30020F8B5CD1C25F0030508350C2D6B
:1001C00038BF0C25002D064601DBA94203D90C23BC
:1001D00033600020F8BD00F069FC21490A6814462C
:1001E0009CB9204F3B6823B92146304600F020F9E6
:1001F00038602946304600F01BF9431C23D10C23FC
:100200003360304600F058FCE3E723685B1B17D4EB
:100210000B2B03D923601C44256004E06368A242D1
:100220000CBF0B605360304600F046FC04F10B003D
:10023000231D20F00700C21ACCD01B1AA350C9E717
:1002400022466468CCE7C41C24F00304A042E3D037
:10025000211A304600F0ECF80130DDD1CFE700BFC5
:10026000E8A30020ECA300200FB40A4B13B51C68D0
:1002700024B1A36913B9204600F002FB05AB049A30
:10028000A1680193204600F0A3FD02B0BDE8104034
:1002900004B0704734000020094B13B51C680146B8
:1002A00034B1A36923B90190204600F0E9FA01991D
:1002B000A268204602B0BDE8104001F04DB800BF72
:1002C0003400002070B50E46054618B183690BB99D
:1002D00000F0D6FAAB69AC6813B9284600F0D0FA42
:1002E0002C4B9C4220D16C68636EDB0705D4A3893C
:1002F000980502D4A06D00F073FBA38919071DD5E2
:100300002369DBB1013EA36816F8011F013BA3601E
:1003100039BB002B38DA22460A21284600F0B8F80B
:10032000013011D00A2511E01B4B9C4201D1AC6871
:10033000DAE71A4B9C4208BFEC68D5E7214628460D
:1003400000F0F8F80028DDD04FF0FF35636EDA07D3
:1003500005D4A3899B0502D4A06D00F042FB28467A
:1003600070BD002B04DAA2699A4206DC0A2904D087
:1003700023685A1C22601970C5E72246284600F0FF
:1003800087F80130BFD1DFE723680A255A1C2260B5
:100390001D70DBE7103D0108303D0108F03C01080D
:1003A000024B01461868FFF78DBF00BF34000020E4
:1003B000174B10B51C68A36BB3B91820FFF776FE76
:1003C000A06328B90246134B13484E2100F020F9D0
:1003D000124A134BC0E90023124B83600B23838125
:1003E00001220023C0E90423A16B0F480A694B696D
:1003F0000E4C504304FB0300A2FB04345A1C04447B
:1004000044F10000C1E9042020F0004010BD00BF0D
:10041000340000203C3C0108533C01080E33CDABB6
:1004200034126DE6ECDE05002DF451582D7F954C0D
:1004300038B5064D0023044608462B60FFF7BCFA8A
:10044000431C02D12B6803B1236038BDA0DB002020
:100450000EB400B59CB01DAB029006906FF0004149
:10046000094807910491094953F8042B0591006844
:10047000019302A900F082FB029B00221A701CB0BB
:100480005DF804EB03B07047340000200802FFFF62
:10049000F8B50E461446054618B183690BB900F04D
:1004A000EFF9214B9C422BD16C68A369A360A3890F
:1004B0001A072FD523696BB323692068C01A6369B3
:1004C000F6B28342374604DC2146284600F044F960
:1004D00030BBA368013BA36023685A1C22601E70D6
:1004E00063690130834204D0A389DB0706D50A2E55
:1004F00004D12146284600F02FF988B93846F8BDC6
:100500000A4B9C4201D1AC68CFE7094B9C4208BF23
:10051000EC68CAE72146284600F00CF80028CBD04A
:100520004FF0FF37EAE700BF103D0108303D0108FA
:10053000F03C0108324B70B51D6806460C4625B1EB
:10054000AB6913B9284600F09BF92E4B9C420FD1A2
:100550006C68A389B4F90C2019072CD4DD0611D4DA
:100560000923336042F04003A3814FF0FF303EE0A7
:10057000254B9C4201D1AC68EBE7244B9C4208BF61
:10058000EC68E6E7580712D5616B41B104F144030A
:10059000994202D03046FFF7BDFD00236363A38973
:1005A00023F02403A3810023636023692360A389CC
:1005B00043F00803A38123694BB9A38903F4207393
:1005C000B3F5007F03D02146304600F02FFAA08912
:1005D000B4F90C2010F001030AD00023A360636972
:1005E0005B42A361236943B910F08000BAD170BDAA
:1005F000810758BF6369A360F4E70020F7E700BFF5
:1006000034000020103D0108303D0108F03C010895
:100610001FB514461A46094B1B680546D8684CB1ED
:10062000074B0091CDE9013406492B4600F0A6F9AD
:1006300000F030FF044B1C46F3E700BF34000020FD
:10064000B23C0108BF3C0108503B01088A892DE9F2
:10065000F041054610070C4658D44B68002B05DCCA
:100660000B6C002B02DC0020BDE8F081E66A002E56
:10067000F9D0002312F480522F682B6032D0606DC5
:10068000A3895A0705D56368C01A636B0BB1236C45
:10069000C01A00230246E66A216A2846B047431C76
:1006A000A38906D129681D292CD82A4ACA40D60711
:1006B00028D500226260D9042269226004D5421C38
:1006C00001D12B6803B96065616B2F600029CAD026
:1006D00004F14403994202D02846FFF71BFD002095
:1006E0006063C1E7216A01232846B047411CC7D196
:1006F0002B68002BC4D01D2B01D0162B01D12F60ED
:10070000B1E7A38943F04003A381ADE70F69002F50
:10071000A9D093070E6808BF4B690F6018BF00236C
:10072000A6EB07088B60B8F1000F9CDD216AA66A72
:1007300043463A462846B047002806DCA38943F0E2
:100740004003A3814FF0FF308EE70744A8EB000879
:10075000E9E700BF0100402038B50B6905460C46AB
:1007600013B90025284638BD18B183690BB900F0CC
:1007700087F8144B9C421BD16C68B4F90C30002BE9
:10078000EFD0626ED00704D4990502D4A06D00F0BA
:1007900027F928462146FFF759FF636EDA07054619
:1007A000E0D4A3899B05DDD4A06D00F01AF9D9E748
:1007B000054B9C4201D1AC68DFE7044B9C4208BF6B
:1007C000EC68DAE7103D0108303D0108F03C010813
:1007D000002310B50446C0E90033C0E90433836048
:1007E00081814366C2818361194608225C30FFF72C
:1007F00089FC054B6362054BA362054BE362054B25
:100800002462236310BD00BFE91301080B14010823
:100810004314010867140108014900F0C1B800BF82
:100820005907010870B54A1E682555430E4605F163
:100830007401FFF7BFFC044640B10021C0E9001677
:100840000C30A06005F16802FFF75CFC204670BD2B
:10085000014800F0C5B800BF2C190120014800F084
:10086000C0B800BF2C190120014800F0B9B800BF82
:1008700027190120014800F0B4B800BF2719012052
:1008800010B50446FFF7F0FFA3691BB1BDE81040A7
:10089000FFF7F0BFC4E912332365134B134A1B68FB
:1008A000A262A34204BF0123A361204600F020F806
:1008B0006060204600F01CF8A060204600F018F8A8
:1008C0000022E06004216068FFF782FFA068012237
:1008D0000921FFF77DFFE06802221221FFF778FF70
:1008E0000123A361D2E700BF383C010819080108C1
:1008F000F8B50746FFF7ACFF1E4B1E68B36913B986
:100900003046FFF7BDFF4836D6E90134013B03D539
:1009100033680BB33668F7E7B4F90C50D5B9164B0A
:10092000E36004F15800656600F059F8FFF796FFA0
:10093000C4E90155C4E904552560A561082229468A
:1009400004F15C00FFF7DEFBC4E90D55C4E9125564
:100950002046F8BD6834D9E704213846FFF762FF26
:10096000044630600028D5D1FFF778FF0C233B60A8
:10097000EEE700BF383C01080100FFFF0EB403B5ED
:10098000014603AB054853F8042B0068019300F0BF
:100990001FFA02B05DF804EB03B07047340000208A
:1009A0002DE9F8430646884600F148040027D4E9BB
:1009B0000195B9F1010905D52468002CF7D1384615
:1009C000BDE8F883AB89012B07D9B5F90E300133A7
:1009D00003D029463046C04707436835E9E77047EA
:1009E0007047704770B50E46B1F90E10002996B0E9
:1009F00014461D4607DA00232B60B3891A0610D46B
:100A00004FF480630EE06A4600F05CFD0028F2DBE4
:100A1000019A02F47042A2F500535A425A412A60E8
:100A2000EEE740230020236016B070BD8B8973B5BC
:100A30009D0706460C4607D504F147032360236152
:100A40000123636102B070BD01AB6A46FFF7CAFFC4
:100A5000009905463046FFF7ADFB48B9B4F90C30B4
:100A60009A05EFD423F0030343F00203A381E3E7E5
:100A70000D4BB362A389206043F08003A381009BE8
:100A80006361019B20615BB1B4F90E10304600F048
:100A90002BFD28B1A38923F0030343F00103A381B5
:100AA000A0890543A581CDE7190801080148FFF792
:100AB00097BF00BF281901200148FFF792BF00BF70
:100AC000281901202DE9F0478E689E4282460C4687
:100AD00090461F4638D88A8912F4906F32D0256824
:100AE0000969A5EB0109656905EB450505EBD575B8
:100AF00001334B446D109D4238BF1D46530531D51F
:100B00002946FFF757FB064650B90C23CAF80030B8
:100B1000A38943F04003A3814FF0FF30BDE8F08785
:100B200021694A46FFF7E0FAA38923F4906343F072
:100B30008003A381266165614E44A5EB090526600B
:100B4000A5603E46BE4200D93E4632462068414638
:100B500000F0ECFCA36822689B1B3244A360226077
:100B60000020DBE72A4600F0FBFC06460028E1D126
:100B700021695046FFF7CEFAC7E700002DE9F04F94
:100B800098468B891B069DB007460D4614460ED528
:100B90000B6963B94021FFF70DFB2860286120B97C
:100BA0000C233B604FF0FF30D1E040236B6100230A
:100BB000099320238DF82930CDF80C803023DFF8FD
:100BC000A8818DF82A304FF0010923469A4613F880
:100BD000012B0AB1252AF9D1BAEB040B0BD05B46E5
:100BE000224629463846FFF76DFF013000F0AA8003
:100BF000099A5A4409929AF80030002B00F0A2801A
:100C000000234FF0FF32CDE905230AF1010A0493D6
:100C100007938DF853301A935446052214F8011B9C
:100C20005148EFF7EDFA049AD8B9D00644BF202313
:100C30008DF85330110744BF2B238DF853309AF8A9
:100C400000302A2B15D0079A544600204FF00A0C8A
:100C5000214611F8013B303B092B4ED9B0B1079228
:100C600014E0A0EB080309FA03F313430493A2462C
:100C7000D2E7039B191D1B680391002BBBBF5B428E
:100C800042F0020207930793B8BF049223782E2BF9
:100C90000CD163782A2B35D1039B1A1D1B68039254
:100CA000002BB8BF4FF0FF3302340593DFF8C8A024
:100CB000217803225046EFF7A3FA40B14023A0EB7E
:100CC0000A0003FA00F0049B03430134049314F870
:100CD000011B26488DF828100622EFF791FA00280C
:100CE00038D0234B1BBB039B073323F00703083388
:100CF0000393099B3344099367E70CFB02320C46CC
:100D00000120A5E700230134059319464FF00A0C92
:100D1000204610F8012B303A092A03D9002BC5D000
:100D20000591C3E70CFB012104460123F0E703AB67
:100D300000932A460F4B04A93846AFF30080421CAB
:100D40000646D6D1AB895B063FF52CAF09981DB09E
:100D5000BDE8F08F03AB00932A46064B04A9384642
:100D600000F0D4F9EBE700BF503D01085A3D0108FF
:100D700000000000C50A0108563D01089368013BC8
:100D8000002B10B4936008DA9469A34201DB0A29AE
:100D900003D15DF8044BFFF77BBB1368581C106050
:100DA000197008465DF8044B7047F8B506460F46C3
:100DB0001446D518AC4201D1002007E014F8011BFD
:100DC0003A463046FFF7DAFF431CF3D1F8BD000086
:100DD0002DE9F04F0D469DB014469846064618B1D1
:100DE00083690BB9FFF74CFD894B9D421BD1756898
:100DF0006B6ED90705D4AB899A0502D4A86DFFF7AD
:100E0000EFFDAB891B0701D52B69EBB929463046AD
:100E1000FFF790FBC0B16B6EDC070ED54FF0FF30D3
:100E20001DB0BDE8F08F7B4B9D4201D1B568DFE777
:100E3000794B9D4208BFF568DAE7AB899805EDD498
:100E4000A86DFFF7CEFDE9E70023099320238DF875
:100E50002930CDF80C803023DFF8C0818DF82A309E
:100E60004FF0010923469A4613F8012B0AB1252AAF
:100E7000F9D1BAEB040B0BD05B462246294630462B
:100E8000FFF793FF013000F0AA80099A5A440992B3
:100E90009AF80030002B00F0A28000234FF0FF32C0
:100EA000CDE905230AF1010A049307938DF8533025
:100EB0001A935446052214F8011B5848EFF7A0F97D
:100EC000049AD8B9D10644BF20238DF853301307B4
:100ED00044BF2B238DF853309AF800302A2B15D0BD
:100EE000079A544600204FF00A0C214611F8013BA6
:100EF000303B092B4ED9B0B1079214E0A0EB0803A8
:100F000009FA03F313430493A246D2E7039B191D86
:100F10001B680391002BBBBF5B4242F002020793A8
:100F20000793B8BF049223782E2B0CD163782A2B19
:100F300035D1039B1A1D1B680392002BB8BF4FF0DD
:100F4000FF3302340593DFF8E4A0217803225046F2
:100F5000EFF756F940B14023A0EB0A0003FA00F086
:100F6000049B03430134049314F8011B2C488DF8AF
:100F700028100622EFF744F900283FD0294B1BBB6D
:100F8000039B073323F0070308330393099B3B4478
:100F9000099367E70CFB02320C460120A5E700230A
:100FA0000134059319464FF00A0C204610F8012B26
:100FB000303A092A03D9002BC5D00591C3E70CFBB1
:100FC000012104460123F0E703AB00932A46164BA8
:100FD00004A93046AFF300800746781CD6D16B6E6B
:100FE000D90705D4AB899A0502D4A86DFFF7F9FC9F
:100FF000AB895B063FF512AF099811E703AB00938D
:101000002A46094B04A9304600F080F8E4E700BF07
:10101000103D0108303D0108F03C0108503D010839
:101020005A3D010800000000AB0D0108563D0108C3
:101030002DE9F047164699468A680B69DDF820804D
:101040009342B8BF1346336091F8432007460C46DD
:101050000AB1013333602368990642BF3368023313
:101060003360256815F0060506D104F1190AE36816
:1010700032689B1AAB4226DC94F84320131E226888
:1010800018BF012392062BD404F143024946384687
:10109000C04701301ED02368E568326803F00603BC
:1010A000042B08BFAD1AA36822690CBF25EAE575B9
:1010B00000259342C4BF9B1AED1800261A34B5428E
:1010C0001AD1002008E00123524649463846C0475D
:1010D000013003D14FF0FF30BDE8F0870135C6E79E
:1010E000E1185A1C302081F84300224494F845103E
:1010F00082F843100233C7E70123224649463846A7
:10110000C0470130E6D00136D9E700002DE9FF479E
:101110000C469146277E0C99782F80469A4604F11A
:10112000430207D8622F0AD8002F00F0D880582F2A
:1011300000F0A38004F1420684F842703AE0A7F17F
:101140006303152BF6D801A050F823F0A511010870
:10115000B9110108351101083511010835110108CF
:1011600035110108B91101083511010835110108BF
:101170003511010835110108C5120108E9110108EE
:10118000A71201083511010835110108E7120108FD
:1011900035110108E911010835110108351101085F
:1011A000AF1201080B681A1D1B680A6004F14206A1
:1011B00084F842300123A3E0256808682E0600F178
:1011C00004030AD505680B60002D03DA2D236D4258
:1011D00084F843305E480A2319E015F0400F056893
:1011E0000B6018BF2DB2EFE70B682568181D08606B
:1011F000280601D51D6802E06906FBD51D88544804
:101200006F2F0CBF08230A23002184F8431066685F
:10121000A660002EA2BF216821F0040121600DB953
:10122000002E4DD01646B5FBF3F103FB1157C75DF9
:1012300006F8017D2F46BB420D46F4D9082B0BD191
:101240002368DF0708D5236961689942DEBF302330
:1012500006F8013C06F1FF36921B2261CDF800A092
:101260004B4603AA21464046FFF7E2FE01304CD12F
:101270004FF0FF3004B0BDE8F087354884F8457082
:1012800023680E681F0656F8045B0E6014D5D90754
:1012900044BF43F0200323601DB9236823F02003DB
:1012A00023601023B0E7236843F0200323607823F2
:1012B000284884F84530E3E75E0648BFADB2E6E76C
:1012C0001646BBE70B68266860691D1D0D60350674
:1012D0001B6801D5186002E07106FBD51880002359
:1012E00023611646BAE70B681A1D0A601E68626819
:1012F00000213046EEF784FF08B1801B6060636810
:101300002361002384F84330A8E723693246494625
:101310004046D0470130ABD023689B0713D4E06828
:10132000039B9842B8BF1846A4E7012332464946BA
:101330004046D04701309BD00135E36803995B1AE2
:10134000AB42F2DCEBE7002504F11906F5E700BF3C
:10135000613D0108723D010870B50D461446064610
:1013600018B183690BB9FFF78BFA1C4B9C4224D14F
:101370007468636ED80705D4A389990502D4A06D5B
:10138000FFF72EFBA368013B002BA36005DAA269DF
:1013900093421CDBEBB20A2B19D023685A1C226043
:1013A0001D70EDB2636EDA0705D4A3899B0502D4E4
:1013B000A06DFFF716FB284670BD094B9C4201D17A
:1013C000B468D6E7074B9C4208BFF468D1E72946CA
:1013D00022463046FFF75CF80546E3E7103D01087A
:1013E000303D0108F03C010810B50C46B1F90E1073
:1013F00000F0DCF80028ABBF636DA3891B1823F451
:101400008053ACBF6365A38110BD2DE9F0411F4639
:101410008B89DB0505460C46164605D5B1F90E103D
:101420000223002200F070F8A389B4F90E1023F40F
:101430008053A38132463B462846BDE8F04100F088
:1014400017B810B50C46B1F90E1000F05DF8431C4A
:10145000A38915BF606523F4805343F48053A381AF
:1014600018BFA38110BDB1F90E1000F01BB8000029
:1014700038B5074D04460846114600222A601A4630
:10148000FEF7CAFA431C02D12B6803B1236038BDB2
:10149000A0DB002008B5062000F0C2F80120FEF70E
:1014A000B5FA000038B5064D0023044608462B6007
:1014B000FEF7BFFA431C02D12B6803B1236038BD8D
:1014C000A0DB002038B5074D00230446084611462E
:1014D0002B60FEF7B1FA431C02D12B6803B12360E5
:1014E00038BD00BFA0DB002038B5064D0023044600
:1014F00008462B60FEF7A5FA431C02D12B6803B106
:10150000236038BDA0DB002038B5074D04460846EF
:10151000114600222A601A46FEF795FA431C02D1B2
:101520002B6803B1236038BDA0DB0020884210B5D2
:1015300001EB020402D98442234607D8431EA1428C
:1015400008D011F8012B03F8012FF8E702440146F7
:101550008A4200D110BD13F8014D02F8014DF7E7A2
:10156000F8B5074614460E4621B9BDE8F8401146C5
:10157000FEF720BE22B9FEF7CDFD25462846F8BD70
:1015800000F06AF8A0420FD221463846FEF712FE5C
:1015900005460028F2D031462246FEF7A5FD314629
:1015A0003846FEF7B7FDE9E73546E7E738B5074DBA
:1015B00004460846114600222A601A46FEF745FAFC
:1015C000431C02D12B6803B1236038BDA0DB00208F
:1015D0001F2938B504460D4604D9162303604FF081
:1015E000FF3038BD426C12B152F821304BB9204661
:1015F00000F030F82A4601462046BDE8384000F0A9
:1016000017B8012B0AD0591C03D1162303600120FF
:10161000E7E7002442F82540284698470020E0E705
:10162000024B01461868FFF7D3BF00BF340000200B
:1016300038B5074D00230446084611462B60FEF7D7
:10164000DDF9431C02D12B6803B1236038BD00BF14
:10165000A0DB0020FEF7D0B951F8043C181F002B86
:10166000BCBF0B58C0187047F8B500BFF8BC08BC29
:101670009E467047F8B500BFF8BC08BC9E46704750
:101680000A00000002000000221801085946000864
:101690000000000000000000800000000739010881
:1016A000FDED000803000000000000005E010000E6
:1016B00021390108D5F400080000000000000000F6
:1016C0000004000000061016000610164C554E20AF
:1016D0002325643A2000496E717569727920566538
:1016E0006E646F7220203A20257300496E7175690F
:1016F00072792050726F64756374203A20257300EC
:10170000496E71756972792056657273696F6E20C2
:101710003A202573004D5343204465766963652064
:101720007265616479004D53432044657669636551
:10173000204E4F54207265616479004D534320441C
:101740006576696365206361706163697479203AC5
:1017500020256C7520427974657300426C6F636B51
:10176000206E756D626572203A20256C7500426CA2
:101770006F636B2053697A652020203A20256C75B1
:101780000053656E7365204B657920203A202578DB
:10179000004164646974696F6E616C2053656E7397
:1017A0006520436F6465203A2025780041646469B0
:1017B00074696F6E616C2053656E736520436F644E
:1017C00065205175616C69666965723A20257800FB
:1017D0004E756D626572206F6620737570706F72E2
:1017E000746564204C554E3A20256C750044454282
:1017F0005547203A200043616E6E6F742046696E33
:10180000642074686520696E746572666163652022
:10181000666F7220257320636C6173732E004D53C5
:101820004300555342485F546872656164004552F5
:10183000524F523A2000496E76616C696420486FBD
:1018400073742068616E646C65004D617820436C30
:10185000617373204E756D62657220726561636895
:10186000656400496E76616C696420436C617373D2
:101870002068616E646C6500537769746368696E93
:101880006720746F20496E746572666163652028F5
:101890002325642900436C617373202020203A20A3
:1018A00025786800537562436C617373203A202574
:1018B00078680050726F746F636F6C203A202578DF
:1018C000680043616E6E6F742053656C65637420AD
:1018D0005468697320496E746572666163652E0091
:1018E0005553422044657669636520417474616391
:1018F000686564005049443A202578680056494498
:101900003A20257868004164647265737320282347
:101910002564292061737369676E65642E004D61CB
:101920006E756661637475726572203A2025730066
:101930004D616E756661637475726572203A204EF2
:101940002F410050726F64756374203A204E2F410E
:101950000053657269616C204E756D626572203A44
:101960002025730053657269616C204E756D626548
:1019700072203A204E2F4100456E756D657261747C
:10198000696F6E20646F6E652E0054686973206401
:10199000657669636520686173206F6E6C792031AC
:1019A00020636F6E66696775726174696F6E2E0071
:1019B00044656661756C7420636F6E6669677572E5
:1019C0006174696F6E207365742E004E6F20436CD6
:1019D00061737320686173206265656E207265674C
:1019E000697374657265642E00257320636C61737E
:1019F0007320737461727465642E00446576696344
:101A000065206E6F7420737570706F7274696E6785
:101A100020257320636C6173732E004E6F207265F6
:101A2000676973746572656420636C6173732066A3
:101A30006F722074686973206465766963652E002F
:101A4000496E76616C696420436C617373204472E3
:101A5000697665722E005553422044657669636548
:101A600020646973636F6E6E656374656400436FB1
:101A70006E74726F6C206572726F7200222A3A3C2B
:101A80003E3F7C7F002B2C3B3D5B5D00EBFE904D91
:101A900053444F53352E30004E4F204E414D45207C
:101AA0002020204641543332202020004E4F204E2B
:101AB000414D452020202046415420202020200058
:101AC00043554541414141434545454949494141C6
:101AD0004592924F4F4F5555594F554F9C4F9E9F92
:101AE00041494F55A5A5A6A7A8A9AAABACADAEAFD5
:101AF000B0B1B2B3B4414141B8B9BABBBCBDBEBFCD
:101B0000C0C1C2C3C4C54141C8C9CACBCCCDCECF68
:101B1000D1D145454549494949D9DADBDCDD49DFC1
:101B20004FE14F4F4F4FE6E8E85555555959EEEF05
:101B3000F0F1F2F3F4F5F6F7F8F9FAFBFCFDFEFF2D
:101B400001030507090E10121416181C1E000100CF
:101B5000040010004000000100020000010002002B
:101B600004000800100020000000C700FC00E9008D
:101B7000E200E400E000E500E700EA00EB00E80036
:101B8000EF00EE00EC00C400C500C900E600C6008E
:101B9000F400F600F200FB00F900FF00D600DC00C4
:101BA000F800A300D800D7009201E100ED00F30097
:101BB000FA00F100D100AA00BA00BF00AE00AC00EC
:101BC000BD00BC00A100AB00BB0091259225932570
:101BD00002252425C100C200C000A90063255125AB
:101BE00057255D25A200A5001025142534252C2598
:101BF0001C2500253C25E300C3005A2554256925F2
:101C00006625602550256C25A400F000D000CA0090
:101C1000CB00C8003101CD00CE00CF0018250C2527
:101C200088258425A600CC008025D300DF00D400C1
:101C3000D200F500D500B500FE00DE00DA00DB00C2
:101C4000D900FD00DD00AF00B400AD00B1001720E9
:101C5000BE00B600A700F700B800B000A800B700AB
:101C6000B900B300B200A025A00061001A03E00093
:101C70001703F8000703FF0001007801000130019D
:101C800032010601390110014A012E0179010601D4
:101C900080014D004302810182018201840184019F
:101CA00086018701870189018A018B018B018D01E2
:101CB0008E018F0190019101910193019401F60130
:101CC00096019701980198013D029B019C019D019D
:101CD00020029F01A001A001A201A201A401A40170
:101CE000A601A701A701A901AA01AB01AC01AC01A2
:101CF000AE01AF01AF01B101B201B301B301B50152
:101D0000B501B701B801B801BA01BB01BC01BC0102
:101D1000BE01F701C001C101C201C301C401C50177
:101D2000C401C701C801C701CA01CB01CA01CD0165
:101D30001001DD0101008E01DE011201F30103003B
:101D4000F101F401F401F8012801220212013A0222
:101D50000900652C3B023B023D02662C3F0240021B
:101D60004102410246020A015302400081018601FC
:101D7000550289018A0158028F015A0290015C02C2
:101D80005D025E025F0293016102620294016402DD
:101D9000650266026702970196016A02622C6C0274
:101DA0006D026E029C01700271029D017302740249
:101DB0009F0176027702780279027A027B027C0226
:101DC000642C7E027F02A60181028202A9018402A4
:101DD000850286028702AE014402B101B2014502CA
:101DE0008D028E028F0290029102B7017B030300E5
:101DF000FD03FE03FF03AC0304008603880389038D
:101E00008A03B1031103C2030200A303A303C403A3
:101E10000803CC0303008C038E038F03D80318013F
:101E2000F2030A00F903F303F403F503F603F703DF
:101E3000F703F903FA03FA033004200350041007F0
:101E4000600422018A043601C1040E01CF0401009E
:101E5000C004D00444016105260400007D1D01007A
:101E6000632C001E9601A01E5A01001F0806101FB9
:101E70000606201F0806301F0806401F0606511FD1
:101E80000700591F521F5B1F541F5D1F561F5F1F06
:101E9000601F0806701F0E00BA1FBB1FC81FC91F96
:101EA000CA1FCB1FDA1FDB1FF81FF91FEA1FEB1F2A
:101EB000FA1FFB1F801F0806901F0806A01F0806B8
:101EC000B01F0400B81FB91FB21FBC1FCC1F0100F8
:101ED000C31FD01F0206E01F0206E51F0100EC1F12
:101EE000F21F0100FC1F4E2101003221702110025F
:101EF000842101008321D0241A05302C2F04602C6A
:101F00000201672C0601752C0201802C6401002D52
:101F1000260841FF1A03000049444C45002E2E2F8D
:101F20004D6964646C6577617265732F546869727A
:101F3000645F50617274792F4C7749502F737263CC
:101F40002F6170692F74637069702E630074637001
:101F500069705F7468726561643A20696E76616C5D
:101F60006964206D657373616765004173736572A1
:101F700074696F6E2022257322206661696C656426
:101F8000206174206C696E6520256420696E2025AF
:101F9000730A00496E76616C6964206D626F780027
:101FA0006661696C656420746F2063726561746535
:101FB0002074637069705F746872656164206D621B
:101FC0006F78006661696C656420746F2063726568
:101FD000617465206C6F636B5F74637069705F63BD
:101FE0006F72650074637069705F746872656164B4
:101FF000002E2E2F4D6964646C6577617265732FB6
:1020000054686972645F50617274792F4C774950DB
:102010002F7372632F636F72652F6D656D2E630072
:102020006661696C656420746F20637265617465B4
:10203000206D656D5F6D75746578006D656D5F66AB
:102040007265653A2073616E6974792063686563AF
:102050006B20616C69676E6D656E74006D656D5F98
:10206000667265653A206C6567616C206D656D6FA1
:102070007279006D656D5F667265653A206D656D9C
:102080002D3E7573656400706C75675F686F6C6575
:10209000733A206D656D203E3D2072616D00706C5D
:1020A00075675F686F6C65733A206D656D203C20C5
:1020B00072616D5F656E6400706C75675F686F6CF0
:1020C00065733A206D656D2D3E75736564203D3DE9
:1020D000203000706C75675F686F6C65733A206DB7
:1020E000656D2D3E6E657874203C3D204D454D5FFD
:1020F00053495A455F414C49474E4544006D656D13
:102100005F7472696D3A206C6567616C206D656DF6
:102110006F7279006D656D5F7472696D2063616EB9
:10212000206F6E6C7920736872696E6B206D656DBF
:102130006F7279006D656D5F6D616C6C6F633A20D5
:10214000216C667265652D3E75736564006D656D05
:102150005F6D616C6C6F633A20616C6C6F6361746E
:102160006564206D656D6F7279206E6F7420616299
:102170006F76652072616D5F656E642E006D656DB2
:102180005F6D616C6C6F633A20616C6C6F6361743E
:102190006564206D656D6F72792070726F70657205
:1021A0006C7920616C69676E65642E006D656D5F8A
:1021B0006D616C6C6F633A2073616E697479206332
:1021C0006865636B20616C69676E6D656E74002E67
:1021D0002E2F4D6964646C6577617265732F546846
:1021E0006972645F50617274792F4C7749502F7314
:1021F00072632F636F72652F6D656D702E63006D56
:10220000656D705F6D616C6C6F633A206D656D70AC
:102210002070726F7065726C7920616C69676E6591
:1022200064006D656D705F667265653A206D656D01
:102230002070726F7065726C7920616C69676E6571
:1022400064006D656D705F6D616C6C6F633A2074D6
:10225000797065203C204D454D505F4D4158006DD3
:10226000656D705F667265653A2074797065203CB3
:10227000204D454D505F4D415800000018000F00A3
:102280004FD200205082002010000200A3AA00209C
:10229000548200202C00040049D7002058820020DE
:1022A000100010003DD400205C820020600210006D
:1022B0004CAC0020608200202000050023D60020C6
:1022C0006482002010000500F7DA002068820020F8
:1022D00010000800BAD300206C8200201000080013
:1022E000C6AA00207082002098000500FCD70020BC
:1022F000748200201C00080040D500207882002055
:102300001000100049AB00207C8200202000040057
:10231000C6D60020808200200C230108E822010894
:10232000F422010800230108B82201087C220108D8
:102330008822010894220108D0220108DC22010829
:10234000C4220108A0220108AC2201082E2E2F4D24
:102350006964646C6577617265732F54686972642F
:102360005F50617274792F4C7749502F7372632FCD
:10237000636F72652F6E657469662E63004E6F2001
:10238000696E69742066756E6374696F6E20676923
:1023900076656E002E2E2F4D6964646C65776172D0
:1023A00065732F54686972645F50617274792F4C41
:1023B0007749502F7372632F636F72652F70627548
:1023C000662E6300696E6372656D656E745F6D6124
:1023D000676E6974756465203C3D20702D3E6C65A8
:1023E0006E006261642070627566207479706500A9
:1023F000706275665F616C6C6F6365645F63757353
:10240000746F6D3A206261642070627566206C6141
:1024100079657200706275665F667265653A2073F1
:10242000616E65207479706500706275665F6672B2
:1024300065653A20702D3E726566203E2030007042
:10244000632D3E637573746F6D5F667265655F665D
:10245000756E6374696F6E20213D204E554C4C00A3
:10246000706275665F616C6C6F633A2062616420B4
:1024700070627566206C6179657200636865636B74
:1024800020702D3E7061796C6F6164202B20702D5F
:102490003E6C656E20646F6573206E6F74206F767E
:1024A0006572666C6F7720706275660072656D5F2D
:1024B0006C656E203C206D61785F7531365F74000D
:1024C000706275665F616C6C6F633A2070627566EE
:1024D00020712D3E7061796C6F61642070726F7035
:1024E00065726C7920616C69676E656400706275F5
:1024F000665F616C6C6F633A206572726F6E656FB8
:102500007573207479706500706275665F726561BD
:102510006C6C6F633A207020213D204E554C4C006E
:10252000706275665F7265616C6C6F633A2073618F
:102530006E6520702D3E747970650067726F77202C
:102540003C206D61785F7531365F7400706275662E
:102550005F7265616C6C6F633A207120213D204E83
:10256000554C4C006D656D5F7472696D20726574B9
:1025700075726E65642071203D3D204E554C4C00B7
:102580007062756620726566206F766572666C6F24
:102590007700286820213D204E554C4C29202626C6
:1025A00020287420213D204E554C4C292028707243
:1025B0006F6772616D6D65722076696F6C617465AD
:1025C00073204150492900702D3E746F745F6C6513
:1025D0006E203D3D20702D3E6C656E20286F66207C
:1025E0006C617374207062756620696E2063686127
:1025F000696E2900702D3E6E657874203D3D204E39
:10260000554C4C00706275665F636F70793A207448
:102610006172676574206E6F742062696720656EF1
:102620006F75676820746F20686F6C6420736F75B6
:10263000726365006F66667365745F746F203C3DFE
:1026400020705F746F2D3E6C656E006F66667365FB
:10265000745F66726F6D203C3D20705F66726F6DB7
:102660002D3E6C656E00705F746F20213D204E55CD
:102670004C4C00706275665F636F70792829206426
:102680006F6573206E6F7420616C6C6F7720706162
:10269000636B657420717565756573210070627573
:1026A000665F636F70795F7061727469616C3A2004
:1026B000696E76616C696420627566007062756629
:1026C0005F636F70795F7061727469616C3A2069E1
:1026D0006E76616C69642064617461707472003636
:1026E000220E00002E2E2F4D6964646C6577617296
:1026F00065732F54686972645F50617274792F4CEE
:102700007749502F7372632F636F72652F746370F4
:102710002E630070636220213D204E554C4C006EAC
:1027200065775F7263765F616E6E5F776E64203C83
:102730003D2030786666666600646F6E277420639D
:10274000616C6C207463705F72656376656420668B
:102750006F72206C697374656E2D706362730074A0
:1027600063705F7265637665643A206C656E20778E
:10277000726170706564207263765F776E640A00C0
:102780007463705F736C6F77746D723A20616374F9
:10279000697665207063622D3E73746174652021D3
:1027A0003D20434C4F5345440A007463705F736C83
:1027B0006F77746D723A2061637469766520706317
:1027C000622D3E737461746520213D204C49535441
:1027D000454E0A007463705F736C6F77746D723A64
:1027E00020616374697665207063622D3E73746145
:1027F000746520213D2054494D452D574149540AC7
:10280000007463705F736C6F77746D723A206D69DA
:1028100064646C652074637020213D207463705F74
:102820006163746976655F70636273007463705F7F
:10283000736C6F77746D723A20666972737420706E
:102840006362203D3D207463705F616374697665E7
:102850005F70636273007463705F736C6F77746D25
:10286000723A2054494D452D5741495420706362B6
:102870002D3E7374617465203D3D2054494D452DB6
:1028800057414954007463705F736C6F77746D7255
:102890003A206D6964646C652074637020213D206A
:1028A0007463705F74775F70636273007463705FEA
:1028B000736C6F77746D723A2066697273742070EE
:1028C0006362203D3D207463705F74775F70636264
:1028D0007300756E73656E74207365676D656E74D5
:1028E00073206C65616B696E6700756E61636B6503
:1028F00064207365676D656E7473206C65616B69C8
:102900006E67006F6F736571207365676D656E74B8
:1029100073206C65616B696E67007063622D3E6643
:102920006C61677320262054465F5258434C4F53C6
:10293000454400646F6E27742063616C6C2074637F
:10294000705F61626F72742F7463705F6162616E39
:10295000646F6E20666F72206C697374656E2D7083
:1029600063627300010203040506070707070707F0
:102970000700000064DB002068DB00205CDB002037
:102980006CDB002003060C183060782E2E2F4D696A
:1029900064646C6577617265732F54686972645FF3
:1029A00050617274792F4C7749502F7372632F6383
:1029B0006F72652F7463705F696E2E63007463704D
:1029C0005F726563656976653A2077726F6E67201E
:1029D0007374617465007063622D3E736E645F7121
:1029E000756575656C656E203E3D20706275665F2D
:1029F000636C656E286E6578742D3E702900746373
:102A0000705F726563656976653A2076616C6964AA
:102A1000207175657565206C656E67746800696EF8
:102A20007365672E7020213D204E554C4C00696E19
:102A300073616E65206F66667365742100706275E0
:102A40006620746F6F2073686F72742100706275F6
:102A5000665F686561646572206661696C656400C3
:102A60007463705F726563656976653A2073656744
:102A70006D656E74206E6F74207472696D6D65641F
:102A800020636F72726563746C7920746F20726357
:102A9000765F776E640A007463705F726563656960
:102AA00076653A207365676D656E74206E6F74206D
:102AB0007472696D6D656420636F72726563746CA6
:102AC0007920746F206F6F736571207175657565FE
:102AD0000A007463705F726563656976653A207495
:102AE00063706C656E203E207263765F776E640A59
:102AF000007463705F726563656976653A206F6F15
:102B0000736571207463706C656E203E207263760D
:102B10005F776E640A00702D3E6E65787420213DEB
:102B2000204E554C4C00702D3E6C656E203D3D2076
:102B30003000702D3E746F745F6C656E203D3D20DB
:102B4000702D3E6E6578742D3E746F745F6C656E8B
:102B5000007463705F696E7075743A2061637469A4
:102B60007665207063622D3E737461746520213D2B
:102B700020434C4F534544007463705F696E707519
:102B8000743A20616374697665207063622D3E73C8
:102B90007461746520213D2054494D452D574149AC
:102BA00054007463705F696E7075743A2061637469
:102BB000697665207063622D3E73746174652021AF
:102BC0003D204C495354454E007463705F696E70EC
:102BD00075743A207063622D3E6E65787420213DD5
:102BE0002070636220286265666F7265206361638E
:102BF000686529007463705F696E7075743A20703F
:102C000063622D3E6E65787420213D2070636220E2
:102C10002861667465722063616368652900746366
:102C2000705F696E7075743A2054494D452D574157
:102C30004954207063622D3E7374617465203D3D7C
:102C40002054494D452D57414954007463705F69C4
:102C50006E7075743A207063622D3E737461746592
:102C600020213D20434C4F534544007063622D3E6C
:102C7000736E645F71756575656C656E203E20309E
:102C8000006E6F207365676D656E7420746F2066CB
:102C9000726565007063622D3E6C697374656E6564
:102CA000722D3E61636365707420213D204E554C4A
:102CB0004C007063622D3E726566757365645F6477
:102CC000617461203D3D204E554C4C002E2E2F4D01
:102CD0006964646C6577617265732F5468697264A6
:102CE0005F50617274792F4C7749502F7372632F44
:102CF000636F72652F7463705F6F75742E63006EFF
:102D000065656420756E636861696E6564207062D4
:102D1000756600702D3E746F745F6C656E203E3D6D
:102D2000206F70746C656E00636865636B207468F7
:102D300061742066697273742070627566206361C5
:102D40006E20686F6C642073747275637420746392
:102D5000705F686472007463705F656E717565752D
:102D6000655F666C6167733A206E656564206569AE
:102D700074686572205443505F53594E206F72201F
:102D80005443505F46494E20696E20666C616773FC
:102D9000202870726F6772616D6D65722076696F41
:102DA0006C617465732041504929007463705F65DC
:102DB0006E71756575655F666C6167733A206368EF
:102DC00065636B2074686174206669727374207027
:102DD0006275662063616E20686F6C64206F70742A
:102DE0006C656E007365672D3E7463706864722055
:102DF0006E6F7420616C69676E6564007463705FE8
:102E0000656E71756575655F666C6167733A20699B
:102E10006E76616C6964207365676D656E74206C95
:102E2000656E677468007463705F656E7175657553
:102E3000655F666C6167733A20696E76616C696480
:102E4000207175657565206C656E67746800646FC8
:102E50006E27742063616C6C207463705F6F75748F
:102E600070757420666F72206C697374656E2D7056
:102E700063627300525354206E6F742065787065DE
:102E800063746564206865726521002E2E2F4D697C
:102E900064646C6577617265732F54686972645FEE
:102EA00050617274792F4C7749502F7372632F637E
:102EB0006F72652F74696D656F7574732E6300731F
:102EC00079735F74696D656F75743A2074696D65A7
:102ED0006F757420213D204E554C4C2C20706F6F27
:102EE0006C204D454D505F5359535F54494D454FEC
:102EF000555420697320656D70747900FA000000E4
:102F00008D9D0008E80300003DE40008E803000090
:102F1000C9D9000860EA00003DD40008F4010000AF
:102F200091D500082E2E2F4D6964646C657761720F
:102F300065732F54686972645F50617274792F4CA5
:102F40007749502F7372632F636F72652F756470AA
:102F50002E6300706275665F6865616465722066E5
:102F600061696C65640A00636865636B20746861FD
:102F70007420666972737420706275662063616E76
:102F800020686F6C6420737472756374207564704C
:102F90005F686472002E2E2F4D6964646C657761E2
:102FA0007265732F54686972645F50617274792F0F
:102FB0004C7749502F7372632F636F72652F69705E
:102FC00076342F646863702E6300646863705F6F8B
:102FD0007074696F6E5F73686F72743A20646863AF
:102FE000702D3E6F7074696F6E735F6F75745F6C78
:102FF000656E202B2032203C3D20444843505F4FDB
:103000005054494F4E535F4C454E00646863705FA7
:103010006F7074696F6E3A20646863702D3E6F70D4
:1030200074696F6E735F6F75745F6C656E202B20B3
:1030300032202B206F7074696F6E5F6C656E203C60
:103040003D20444843505F4F5054494F4E535F4CCE
:10305000454E00646863705F6F7074696F6E5F6285
:103060007974653A20646863702D3E6F7074696F7F
:103070006E735F6F75745F6C656E203C20444843CF
:10308000505F4F5054494F4E535F4C454E0064685B
:1030900063705F6F7074696F6E5F6C6F6E673A20FC
:1030A000646863702D3E6F7074696F6E735F6F75C7
:1030B000745F6C656E202B2034203C3D20444843D7
:1030C000505F4F5054494F4E535F4C454E0064681B
:1030D00063705F6372656174655F6D73673A206EDC
:1030E0006574696620213D204E554C4C0064686330
:1030F000705F6372656174655F6D73673A206468C1
:10310000637020213D204E554C4C00646863705F15
:103110006372656174655F6D73673A20646863709C
:103120002D3E705F6F7574203D3D204E554C4C0018
:10313000646863705F6372656174655F6D73673A3D
:1031400020646863702D3E6D73675F6F7574203DFA
:103150003D204E554C4C00646863705F637265613E
:1031600074655F6D73673A20636865636B2074688C
:103170006174206669727374207062756620636181
:103180006E20686F6C642073747275637420646859
:1031900063705F6D736700646863705F62696E641B
:1031A0003A206E6574696620213D204E554C4C00D6
:1031B000646863705F62696E643A2064686370205B
:1031C000213D204E554C4C00646863705F696E630E
:1031D0005F7063625F726566636F756E7428293A0B
:1031E000206D656D6F7279206C65616B006468633A
:1031F000705F6F7074696F6E5F747261696C657215
:103200003A206468637020213D204E554C4C006488
:103210006863705F6F7074696F6E5F747261696C00
:1032200065723A20646863702D3E6D73675F6F75D9
:103230007420213D204E554C4C0A00646863705F39
:103240006F7074696F6E5F747261696C65723A2039
:10325000646863702D3E6F7074696F6E735F6F7515
:10326000745F6C656E203C20444843505F4F50545F
:10327000494F4E535F4C454E0A00646863705F646B
:10328000656C6574655F6D73673A20646863702070
:10329000213D204E554C4C00646863705F64656C42
:1032A0006574655F6D73673A20646863702D3E7066
:1032B0005F6F757420213D204E554C4C006468634F
:1032C000705F64656C6574655F6D73673A206468F0
:1032D00063702D3E6D73675F6F757420213D204EC6
:1032E000554C4C00646863705F7063625F72656622
:1032F000636F756E7428293A20726566636F756E08
:1033000074206572726F72007265706C79207761DB
:10331000736E2774206672656564006C656E203D6F
:103320003D2034006C656E203E3D206465636F6413
:10333000655F6C656E006C656E203D3D2031006FF1
:103340007665726C6F616420696E2066696C652FAA
:10335000736E616D6500636865636B206465636FA0
:1033600064655F69647800696E76616C6964206485
:1033700065636F64655F6C656E006E657874207060
:1033800062756620776173206E756C6C006E657473
:10339000696620616C72656164792068617320617F
:1033A000207374727563742064686370207365742D
:1033B00000646863705F73746F703A206E6574693F
:1033C0006620213D204E554C4C006E657469662088
:1033D0006973206E6F742075702C206F6C6420737D
:1033E00074796C6520706F72743F0070627566202E
:1033F000705F6F7574207761736E277420667265D5
:103400006564002E2E2F4D6964646C65776172656A
:10341000732F54686972645F50617274792F4C77AE
:1034200049502F7372632F636F72652F6970763402
:103430002F6574686172702E6300636865636B202A
:103440007468617420666972737420706275662096
:1034500063616E20686F6C6420737472756374208E
:103460006574686172705F686472006E6574696625
:103470002D3E6877616464725F6C656E206D757354
:1034800074206265207468652073616D65206173C6
:10349000204554485F4857414444525F4C454E20B4
:1034A000666F722065746861727021006172705F6E
:1034B0007461626C655B695D2E71203D3D204E55E7
:1034C0004C4C006172705F7461626C655B695D2E6B
:1034D0007374617465203D3D204554484152505FEE
:1034E00053544154455F454D5054590069706164CF
:1034F000647220213D204E554C4C006574685F720B
:10350000657420213D204E554C4C006E65746966F3
:103510002D3E6877616464725F6C656E203D3D206E
:103520004554485F4857414444525F4C454E006102
:1035300072705F7461626C655B6172705F69647800
:103540005D2E7374617465203E3D204554484152A0
:10355000505F53544154455F535441424C45006EB3
:103560006F207061636B657420717565756573207C
:10357000616C6C6F77656421002E2E2F4D69646439
:103580006C6577617265732F54686972645F50610E
:103590007274792F4C7749502F7372632F636F7257
:1035A000652F697076342F69636D702E63006368D0
:1035B00065636B207468617420666972737420702F
:1035C0006275662063616E20686F6C642069636D4C
:1035D00070206D6573736167650069636D705F6905
:1035E0006E7075743A206D6F76696E6720722D3E2D
:1035F0007061796C6F616420746F2069636D7020F5
:10360000686561646572206661696C65640A006959
:10361000636D705F696E7075743A20726573746F54
:1036200072696E67206F726967696E616C20702DB8
:103630003E7061796C6F6164206661696C65640AD3
:10364000002E2E2F4D6964646C6577617265732F4F
:1036500054686972645F50617274792F4C77495075
:103660002F7372632F636F72652F697076342F69C1
:1036700070342E6300702D3E726566203D3D203112
:1036800000636865636B2074686174206669727397
:103690007420706275662063616E20686F6C6420B0
:1036A0007374727563742069705F686472000000DF
:1036B00000000000FFFFFFFF2E2E2F4D6964646C99
:1036C0006577617265732F54686972645F506172C7
:1036D00074792F4C7749502F7372632F636F726523
:1036E0002F697076342F6970345F667261672E635C
:1036F0000073616E69747920636865636B206C691F
:103700006E6B6564206C697374007072657620213D
:103710003D2069707200707265762D3E6E6578741A
:10372000203D3D206970720070627566735F66723D
:10373000656564202B20636C656E203C3D203078ED
:10374000666666660069705F72656173735F70625A
:103750007566636F756E74203E3D20636C656E0008
:1037600070637220213D204E554C4C0063686563A8
:103770006B20667261676D656E747320646F6E276F
:1037800074206F7665726C6170006E6F2070726568
:1037900076696F757320667261676D656E742C2033
:1037A00074686973206D7573742062652074686530
:1037B00020666972737420667261676D656E74212C
:1037C0000073616E69747920636865636B0076616C
:1037D0006C69646174655F646174616772616D3A9C
:1037E0006E6578745F70627566213D4E554C4C0075
:1037F0006970345F66726167282920646F65732081
:103800006E6F7420737570706F7274204950206FE2
:103810007074696F6E730069705F667261672829E2
:103820003A204D4620616C7265616479207365743D
:103830000074686973206E6565647320612070622E
:10384000756620696E206F6E6520706965636521FD
:10385000002E2E2F4D6964646C6577617265732F3D
:1038600054686972645F50617274792F4C77495063
:103870002F7372632F6E657469662F657468657245
:103880006E65742E63006E657469662D3E6877619F
:103890006464725F6C656E206D7573742062652060
:1038A0003620666F722065746865726E65745F6F2E
:1038B00075747075742100FFFFFFFFFFFF000000AB
:1038C0000000000000000000446562756720647518
:1038D0006D70204020253038580A00253038582097
:1038E000253034583A200025303258200025303811
:1038F0005820253034583A20202000456E64206F2F
:10390000662064756D70004574684966002E2E2F20
:103910005372632F65746865726E657469662E6391
:103920000064656661756C745461736B001B5B3079
:103930003B34356D0A4E75636C656F2D3134342020
:10394000463432395A49206E75636C656F2D626159
:103950007369632D76342070726F6A6563741B5BC4
:10396000303B34396D0A001B5B313B33336D467598
:103970006E6B636A6120787072696E746620647A17
:1039800069616C612E1B5B303B33396D0A001B5B38
:10399000303B33326D46756E6B636A6120707269BD
:1039A0006E74662074657A20647A69616C612E1B7E
:1039B0005B303B33396D000A77616974696E67204B
:1039C000666F7220555342206465766963652E2EBA
:1039D0002E0A00555342206465766963652072653E
:1039E000616479210A00656E746572696E6720539F
:1039F0007461727444656661756C745461736B2094
:103A00006D61696E206C6F6F7000466F726D6174CE
:103A100020746865205553422064726976653F20A2
:103A200053656E64205920746F20636F6E666972EF
:103A30006D2C20616E79206F7468657220746F2020
:103A400061626F72740A00466F726D617420696EF4
:103A50002070726F67726573732E2E2E0A00303AD3
:103A600000665F6D6B667320726573756C7420639E
:103A70006F64653A2025640A00436F6E6E65637457
:103A800065642055534220446576696365206973F7
:103A9000204F46460A00436F6E6E6563746564206E
:103AA00055534220446576696365206973204F4E03
:103AB0000A0052652D696E697469616C697A696E74
:103AC000672046617446532E2E2E00207265696E63
:103AD000697420646F6E650A0077726974652D6180
:103AE0007070656E6420746573740A004C696E6949
:103AF000612074656B7374752E20437A6173207333
:103B0000797374656D6F777920746F3A202530383A
:103B1000640A00665F6F70656E2E2E2E2000303AAC
:103B20002F746573742E74787400665F777269748D
:103B3000652E2E2E20007265733D25642C20627741
:103B40003D25640A00726561642074657374210AFE
:103B500000665F6F70656E207265733D25640A00B4
:103B60001B5B313B33336D46696C6520636F6E744C
:103B7000656E74733A1B5B303B33396D0A000A1B68
:103B80005B313B33336D665F726561642E2E2E00B0
:103B9000665F72656164207265733D25641B5B30EE
:103BA0003B33396D0A002E2E2F5372632F73746DC1
:103BB0003332663478785F68616C5F6D73702E6342
:103BC00000000000000000000001020304060708D6
:103BD0000900000000010203042E2E2F5372632FF0
:103BE000757362685F636F6E662E63000002010288
:103BF000555342204469736B206973206E6F7420A3
:103C000072656164792100555342204469736B20C9
:103C100069732057726974652070726F746563747C
:103C200065642100B1FE0008B5FE00082DFF000804
:103C300085FF0008CDFE0008380000205245454EA3
:103C400054206D616C6C6F6320737563636565648C
:103C50006564002F6275696C642F676E752D746FD3
:103C60006F6C732D666F722D73746D33325F392DE7
:103C7000323032302D71322D7570646174652E32A0
:103C8000303230313030312D313632312F73726372
:103C90002F6E65776C69622F6E65776C69622F6C29
:103CA0006962632F7374646C69622F72616E642E33
:103CB00063002C2066756E6374696F6E3A20006134
:103CC0007373657274696F6E20222573222066619A
:103CD000696C65643A2066696C6520222573222C24
:103CE000206C696E65202564257325730A00000029
:103CF00000000000000000000000000000000000C4
:103D000000000000000000000000000000000000B3
:103D100000000000000000000000000000000000A3
:103D20000000000000000000000000000000000093
:103D30000000000000000000000000000000000083
:103D40000000000000000000000000000000000073
:103D5000232D302B2000686C4C0065666745464774
:103D600000303132333435363738394142434445F7
:103D70004600303132333435363738396162636466
:043D80006566000074
:083D84004CC5FE7F01000000A8
:043D8C00D501000855
:043D9000B101000875
:103D9400010000001E180108080000000538000892
:103DA400B937000841370008153400080F340008FB
:103DB40000000000AAAAAAAA6E19000000C0000010
:103DC4000024F4003800002000000000103D010829
:103DD400303D0108F03C0108000000000000000034
:103DE40000000000000000000000000000000000CF
:103DF40000000000000000000000000000000000BF
:103E040000000000000000000000000000000000AE
:103E1400000000000000000000000000000000009E
:083E2400000000000000000096
:0400000508010011DD
:00000001FF
